# https://github.com/mikedh/trimesh

o OpenSCAD_Model
v -24.21680000 -15.54200000 0.00000000
v -25.50200000 -15.54200000 0.00000000
v -24.13670000 -15.46190000 0.00000000
v -24.29690000 -5.34180000 0.00000000
v -23.49410000 -15.38180000 0.00000000
v -20.92380000 -33.37300000 0.00000000
v -20.68260000 -33.21290000 0.00000000
v -19.71880000 -34.73930000 0.00000000
v -16.98830000 13.21290000 0.00000000
v -17.30960000 13.45410000 0.00000000
v -13.69430000 21.24510000 0.00000000
v -23.01170000 -39.07620000 0.00000000
v -23.01170000 -38.91600000 0.00000000
v -22.93160000 -39.15620000 0.00000000
v -23.57420000 -15.46190000 0.00000000
v -22.45020000 -15.22070000 0.00000000
v -22.93160000 -15.30080000 0.00000000
v -10.56250000 -30.16020000 0.00000000
v -10.48140000 -30.00000000 0.00000000
v -10.40140000 -30.00000000 0.00000000
v -23.01170000 -15.38180000 0.00000000
v -21.00390000 -14.89940000 0.00000000
v -23.33300000 -5.18066000 0.00000000
v -20.68260000 -14.81930000 0.00000000
v -6.46582000 -41.00390000 0.00000000
v -6.46582000 -41.16500000 0.00000000
v -6.62695000 -40.84380000 0.00000000
v -22.53030000 -15.30080000 0.00000000
v -23.73540000 -5.26074000 0.00000000
v -21.64650000 -15.06050000 0.00000000
v -21.96780000 -15.14060000 0.00000000
v -10.56250000 -40.12010000 0.00000000
v -10.64260000 -40.04000000 0.00000000
v -10.64260000 -39.55860000 0.00000000
v -22.04790000 -15.22070000 0.00000000
v -7.83105000 -42.53030000 0.00000000
v -7.67090000 -40.76270000 0.00000000
v -6.78711000 -40.84380000 0.00000000
v -21.72660000 -15.14060000 0.00000000
v -21.24510000 -14.97950000 0.00000000
v -21.32520000 -15.06050000 0.00000000
v -21.16500000 -4.45801000 0.00000000
v -21.08400000 -4.37793000 0.00000000
v -21.00390000 -4.37793000 0.00000000
v -8.63477000 -39.71880000 0.00000000
v -8.55469000 -39.79880000 0.00000000
v -8.55469000 -39.96000000 0.00000000
v -21.08400000 -14.97950000 0.00000000
v -21.72660000 -4.69922000 0.00000000
v -21.64650000 -4.61816000 0.00000000
v -21.56640000 -4.61816000 0.00000000
v -20.76270000 -14.89940000 0.00000000
v -20.12010000 -14.65820000 0.00000000
v -20.36130000 -14.73930000 0.00000000
v -8.71484000 -36.82710000 0.00000000
v -8.79492000 -36.90720000 0.00000000
v -8.71484000 -36.02440000 0.00000000
v -20.44140000 -14.81930000 0.00000000
v -21.96780000 -4.77930000 0.00000000
v -21.88770000 -4.69922000 0.00000000
v -6.46582000 -42.20900000 0.00000000
v -6.38574000 -42.12890000 0.00000000
v -20.20120000 -14.73930000 0.00000000
v -17.71090000 -2.45020000 0.00000000
v -17.38960000 -2.20898000 0.00000000
v -11.68650000 -9.59863000 0.00000000
v -19.96000000 -14.65820000 0.00000000
v -19.87990000 -14.57810000 0.00000000
v -19.15620000 -14.33690000 0.00000000
v -19.31740000 -14.41800000 0.00000000
v -19.55860000 -14.49800000 0.00000000
v -19.63870000 -14.57810000 0.00000000
v -6.38574000 -41.24510000 0.00000000
v -19.39750000 -14.49800000 0.00000000
v -17.79100000 -2.45020000 0.00000000
v -18.03220000 -2.69043000 0.00000000
v -8.71484000 -39.47750000 0.00000000
v -8.63477000 -39.55860000 0.00000000
v -19.23730000 -14.41800000 0.00000000
v -20.04000000 -3.89551000 0.00000000
v -19.96000000 -3.89551000 0.00000000
v -20.12010000 -3.97559000 0.00000000
v -18.99610000 -14.33690000 0.00000000
v -18.91600000 -14.25680000 0.00000000
v -15.94340000 -12.89160000 0.00000000
v -16.50590000 -13.21290000 0.00000000
v -20.76270000 -4.29688000 0.00000000
v -18.75490000 -14.25680000 0.00000000
v -18.67480000 -14.17680000 0.00000000
v -18.27340000 -14.01560000 0.00000000
v -18.43360000 -14.09670000 0.00000000
v -8.55469000 -35.06050000 0.00000000
v -8.55469000 -35.38180000 0.00000000
v -8.63477000 -35.46190000 0.00000000
v -18.51370000 -14.17680000 0.00000000
v -15.54200000 -12.65040000 0.00000000
v -20.44140000 -4.13672000 0.00000000
v -20.28120000 -4.05664000 0.00000000
v -12.65040000 -33.29300000 0.00000000
v -12.65040000 -33.05180000 0.00000000
v -12.24900000 -32.81150000 0.00000000
v -18.35350000 -14.09670000 0.00000000
v -17.87110000 -13.85550000 0.00000000
v -18.03220000 -13.93550000 0.00000000
v -18.11230000 -14.01560000 0.00000000
v -17.71090000 -13.77540000 0.00000000
v -10.80270000 -31.60640000 0.00000000
v -10.80270000 -31.12400000 0.00000000
v -10.72270000 -31.04390000 0.00000000
v -17.95210000 -13.93550000 0.00000000
v -19.39750000 -3.57422000 0.00000000
v -19.79880000 -3.81543000 0.00000000
v -19.55860000 -3.65430000 0.00000000
v -17.79100000 -13.85550000 0.00000000
v -17.30960000 -13.61430000 0.00000000
v -17.46970000 -13.69430000 0.00000000
v -17.54980000 -13.77540000 0.00000000
v -17.14840000 -13.53420000 0.00000000
v -17.38960000 -13.69430000 0.00000000
v -15.06050000 -12.32910000 0.00000000
v -14.81930000 -12.16890000 0.00000000
v -8.23340000 -32.73050000 0.00000000
v -8.23340000 -34.65820000 0.00000000
v -8.39355000 -32.65040000 0.00000000
v -17.22850000 -13.61430000 0.00000000
v -14.25680000 -11.76660000 0.00000000
v -14.57810000 -12.00780000 0.00000000
v -8.63477000 -35.94340000 0.00000000
v -17.06840000 -13.53420000 0.00000000
v -16.98830000 -13.45410000 0.00000000
v -19.23730000 -3.49414000 0.00000000
v -13.85550000 -11.44530000 0.00000000
v -9.11621000 -30.08010000 0.00000000
v -8.87598000 -30.24120000 0.00000000
v -8.87598000 -30.32130000 0.00000000
v -16.82710000 -13.37300000 0.00000000
v -16.90720000 -13.45410000 0.00000000
v -18.59470000 -3.09277000 0.00000000
v -12.89160000 -10.64260000 0.00000000
v -18.83500000 -3.25293000 0.00000000
v -19.31740000 -34.49800000 0.00000000
v -20.20120000 -32.97170000 0.00000000
v -20.04000000 -32.89160000 0.00000000
v -16.74710000 -13.37300000 0.00000000
v -16.66700000 -13.29300000 0.00000000
v -13.37300000 -11.04390000 0.00000000
v -7.83105000 -34.49800000 0.00000000
v -8.07227000 -34.57810000 0.00000000
v -16.58590000 -13.29300000 0.00000000
v -16.34570000 -13.13280000 0.00000000
v -16.42580000 -13.21290000 0.00000000
v -16.18460000 -13.05180000 0.00000000
v -7.18848000 -34.41800000 0.00000000
v -6.94824000 -32.81150000 0.00000000
v -16.26460000 -13.13280000 0.00000000
v -18.27340000 -2.85156000 0.00000000
v -12.40920000 -10.24120000 0.00000000
v -6.46582000 -32.97170000 0.00000000
v -6.46582000 -33.05180000 0.00000000
v -6.62695000 -32.81150000 0.00000000
v -16.10450000 -13.05180000 0.00000000
v -15.78320000 -12.81150000 0.00000000
v -6.46582000 -33.29300000 0.00000000
v -6.38574000 -33.13280000 0.00000000
v -15.86330000 -12.89160000 0.00000000
v -15.70310000 -12.81150000 0.00000000
v -6.54590000 -33.85550000 0.00000000
v -6.46582000 -33.77540000 0.00000000
v -15.46190000 -12.65040000 0.00000000
v -15.30080000 -12.49020000 0.00000000
v -17.06840000 -1.96777000 0.00000000
v -16.74710000 -1.64648000 0.00000000
v -16.66700000 -1.64648000 0.00000000
v -15.22070000 -12.49020000 0.00000000
v -11.04390000 -9.03613000 0.00000000
v -8.15234000 -34.65820000 0.00000000
v -14.97950000 -12.32910000 0.00000000
v -14.73930000 -12.16890000 0.00000000
v -14.49800000 -12.00780000 0.00000000
v -22.69040000 -5.02051000 0.00000000
v -14.17680000 -11.76660000 0.00000000
v -13.77540000 -11.44530000 0.00000000
v -16.18460000 -1.24512000 0.00000000
v -15.54200000 -0.60253900 0.00000000
v -15.46190000 -0.60253900 0.00000000
v -13.29300000 -11.04390000 0.00000000
v -5.74316000 -4.21680000 0.00000000
v -6.62695000 -5.02051000 0.00000000
v -13.69430000 1.08398000 0.00000000
v -12.81150000 -10.64260000 0.00000000
v -4.69922000 -3.25293000 0.00000000
v -12.32910000 -10.24120000 0.00000000
v -3.81543000 -2.45020000 0.00000000
v -11.60640000 -9.59863000 0.00000000
v -21.96780000 16.02440000 0.00000000
v -21.72660000 15.94340000 0.00000000
v -21.88770000 15.94340000 0.00000000
v -10.96390000 -9.03613000 0.00000000
v -10.32130000 -8.39355000 0.00000000
v -21.24510000 15.78320000 0.00000000
v -21.48630000 15.86330000 0.00000000
v -17.14840000 23.81540000 0.00000000
v -10.24120000 -8.39355000 0.00000000
v -9.43750000 -7.59082000 0.00000000
v -19.87990000 15.14060000 0.00000000
v -20.04000000 15.22070000 0.00000000
v -15.46190000 22.53030000 0.00000000
v 22.12890000 -4.61816000 0.00000000
v 22.36910000 -4.69922000 0.00000000
v 18.03220000 -12.81150000 0.00000000
v -9.35742000 -7.59082000 0.00000000
v -8.55469000 -6.78711000 0.00000000
v -13.53420000 21.64650000 0.00000000
v -13.45410000 21.72660000 0.00000000
v -13.53420000 21.32520000 0.00000000
v -8.47363000 -6.78711000 0.00000000
v -7.67090000 -5.98438000 0.00000000
v -2.53027000 -1.32520000 0.00000000
v -2.53027000 42.69040000 0.00000000
v -7.59082000 -5.98438000 0.00000000
v -13.37300000 24.21680000 0.00000000
v -13.45410000 24.13670000 0.00000000
v 31.28520000 -3.81543000 0.00000000
v 36.10450000 -13.21290000 0.00000000
v 35.94340000 -13.29300000 0.00000000
v -6.54590000 -5.02051000 0.00000000
v -5.66309000 -4.21680000 0.00000000
v -2.61035000 42.77150000 0.00000000
v -13.37300000 42.69040000 0.00000000
v -13.29300000 42.77150000 0.00000000
v 14.49800000 -27.42970000 0.00000000
v 3.33301000 -27.42970000 0.00000000
v 14.49800000 -13.85550000 0.00000000
v -4.61816000 -3.25293000 0.00000000
v -2.77148000 -1.48633000 0.00000000
v -3.73535000 -2.45020000 0.00000000
v 18.35350000 -13.05180000 0.00000000
v -2.69043000 -1.48633000 0.00000000
v 18.59470000 -13.21290000 0.00000000
v 22.61040000 -4.77930000 0.00000000
v 18.99610000 -13.45410000 0.00000000
v -20.84380000 15.62210000 0.00000000
v -21.08400000 15.70310000 0.00000000
v 44.85940000 -4.85938000 0.00000000
v 44.77930000 -4.93945000 0.00000000
v 44.85940000 -4.77930000 0.00000000
v -23.41410000 16.34570000 0.00000000
v -23.97560000 16.34570000 0.00000000
v -24.05660000 16.42580000 0.00000000
v -22.20900000 16.02440000 0.00000000
v -22.28910000 16.10450000 0.00000000
v -14.41800000 0.36132800 0.00000000
v -29.83980000 26.70700000 0.00000000
v -28.07230000 16.34570000 0.00000000
v -30.32130000 26.62700000 0.00000000
v -28.47360000 16.26460000 0.00000000
v -28.71480000 16.18460000 0.00000000
v -28.79490000 16.10450000 0.00000000
v -28.95610000 16.10450000 0.00000000
v -13.77540000 21.32520000 0.00000000
v -13.85550000 21.32520000 0.00000000
v -14.01560000 21.48630000 0.00000000
v -14.09670000 21.48630000 0.00000000
v -14.49800000 0.36132800 0.00000000
v -14.25680000 21.64650000 0.00000000
v -14.33690000 21.64650000 0.00000000
v -30.24120000 -15.14060000 0.00000000
v -27.83110000 -5.10059000 0.00000000
v -29.83980000 -15.22070000 0.00000000
v -14.57810000 21.88770000 0.00000000
v -14.65820000 21.88770000 0.00000000
v -14.97950000 22.20900000 0.00000000
v -15.06050000 22.20900000 0.00000000
v -29.91990000 15.62210000 0.00000000
v -30.00000000 15.62210000 0.00000000
v -29.83980000 15.70310000 0.00000000
v -15.38180000 22.53030000 0.00000000
v -37.30960000 23.97560000 0.00000000
v -31.52640000 14.73930000 0.00000000
v -37.71090000 23.73540000 0.00000000
v -15.86330000 22.93160000 0.00000000
v -15.94340000 22.93160000 0.00000000
v -32.57030000 26.06450000 0.00000000
v -29.35740000 15.94340000 0.00000000
v -33.13280000 25.90330000 0.00000000
v -16.26460000 23.25290000 0.00000000
v -16.34570000 23.25290000 0.00000000
v -18.51370000 24.69920000 0.00000000
v -16.58590000 23.49410000 0.00000000
v -16.66700000 23.49410000 0.00000000
v -29.67870000 15.78320000 0.00000000
v -29.75880000 15.70310000 0.00000000
v -16.82710000 23.65430000 0.00000000
v -16.90720000 23.65430000 0.00000000
v -17.06840000 23.81540000 0.00000000
v -22.28910000 26.30570000 0.00000000
v -22.85160000 26.46580000 0.00000000
v -17.38960000 24.05660000 0.00000000
v -17.46970000 24.05660000 0.00000000
v -17.71090000 24.21680000 0.00000000
v -17.63090000 24.21680000 0.00000000
v -17.95210000 24.37790000 0.00000000
v -18.35350000 24.61820000 0.00000000
v -17.87110000 24.37790000 0.00000000
v -22.61040000 16.18460000 0.00000000
v -22.93160000 16.26460000 0.00000000
v -19.79880000 25.34180000 0.00000000
v -18.19240000 24.53810000 0.00000000
v -18.11230000 24.53810000 0.00000000
v -18.27340000 24.61820000 0.00000000
v -30.32130000 15.46190000 0.00000000
v -30.16020000 15.54200000 0.00000000
v -30.24120000 15.46190000 0.00000000
v -18.43360000 24.69920000 0.00000000
v -24.37790000 26.78710000 0.00000000
v -23.89550000 26.70700000 0.00000000
v -18.75490000 24.85940000 0.00000000
v -18.67480000 24.85940000 0.00000000
v -18.91600000 24.93950000 0.00000000
v -18.83500000 24.93950000 0.00000000
v -19.07620000 25.02050000 0.00000000
v -18.99610000 25.02050000 0.00000000
v -19.23730000 25.10060000 0.00000000
v -19.39750000 25.18070000 0.00000000
v -19.15620000 25.10060000 0.00000000
v -19.55860000 25.26070000 0.00000000
v -19.31740000 25.18070000 0.00000000
v -23.49410000 26.62700000 0.00000000
v -19.47750000 25.26070000 0.00000000
v -32.24900000 14.17680000 0.00000000
v -32.89160000 13.61430000 0.00000000
v -39.55860000 22.36910000 0.00000000
v -19.63870000 25.34180000 0.00000000
v -33.37300000 13.13280000 0.00000000
v -42.04790000 19.96000000 0.00000000
v -40.20120000 21.80760000 0.00000000
v -19.96000000 25.42190000 0.00000000
v -19.87990000 25.42190000 0.00000000
v -21.32520000 25.98440000 0.00000000
v -20.76270000 25.74320000 0.00000000
v -20.12010000 25.50200000 0.00000000
v -20.04000000 25.50200000 0.00000000
v -20.52250000 25.66310000 0.00000000
v -20.28120000 25.58200000 0.00000000
v -20.20120000 25.58200000 0.00000000
v -20.36130000 25.66310000 0.00000000
v -34.25680000 12.08790000 0.00000000
v -43.33300000 18.35350000 0.00000000
v -43.17290000 18.59470000 0.00000000
v -20.60250000 25.74320000 0.00000000
v -33.93550000 12.49020000 0.00000000
v -33.37300000 13.05180000 0.00000000
v -20.92380000 25.82320000 0.00000000
v -20.84380000 25.82320000 0.00000000
v -21.08400000 25.90330000 0.00000000
v -21.00390000 25.90330000 0.00000000
v -21.16500000 25.98440000 0.00000000
v -21.72660000 26.14450000 0.00000000
v -22.04790000 26.22460000 0.00000000
v -21.48630000 26.06450000 0.00000000
v -21.40530000 26.06450000 0.00000000
v -21.56640000 26.14450000 0.00000000
v -33.77540000 25.66310000 0.00000000
v -29.51860000 15.86330000 0.00000000
v -21.80760000 26.22460000 0.00000000
v -34.41800000 25.42190000 0.00000000
v -22.12890000 26.30570000 0.00000000
v -34.41800000 11.84770000 0.00000000
v -43.57420000 18.03220000 0.00000000
v -22.53030000 26.38570000 0.00000000
v -22.36910000 26.38570000 0.00000000
v -22.61040000 26.46580000 0.00000000
v -33.37300000 25.82320000 0.00000000
v -23.17290000 26.54590000 0.00000000
v -22.93160000 26.54590000 0.00000000
v -31.12400000 14.97950000 0.00000000
v -31.36520000 14.81930000 0.00000000
v -23.25290000 26.62700000 0.00000000
v -42.61040000 19.31740000 0.00000000
v -42.93160000 18.91600000 0.00000000
v -23.57420000 26.70700000 0.00000000
v -28.55470000 26.86720000 0.00000000
v -28.47360000 26.94820000 0.00000000
v -25.02050000 26.86720000 0.00000000
v -23.97560000 26.78710000 0.00000000
v -34.57810000 11.52640000 0.00000000
v -34.73930000 11.36520000 0.00000000
v -34.57810000 11.60640000 0.00000000
v -24.45800000 26.86720000 0.00000000
v -34.73930000 11.28520000 0.00000000
v -34.89940000 11.12400000 0.00000000
v -25.10060000 26.94820000 0.00000000
v -29.35740000 26.78710000 0.00000000
v -29.27730000 26.86720000 0.00000000
v -44.37790000 16.74710000 0.00000000
v -44.13670000 17.14840000 0.00000000
v -29.75880000 26.78710000 0.00000000
v -34.89940000 11.04390000 0.00000000
v -34.97950000 10.96390000 0.00000000
v -30.24120000 26.70700000 0.00000000
v -30.48140000 15.38180000 0.00000000
v -30.72270000 15.22070000 0.00000000
v -30.88380000 15.14060000 0.00000000
v -30.72270000 26.54590000 0.00000000
v -30.64260000 26.62700000 0.00000000
v -43.89550000 17.54980000 0.00000000
v -43.73540000 17.79100000 0.00000000
v -31.12400000 26.46580000 0.00000000
v -31.04390000 26.54590000 0.00000000
v -31.44530000 26.38570000 0.00000000
v -32.00780000 26.22460000 0.00000000
v -31.76660000 26.30570000 0.00000000
v -31.36520000 26.46580000 0.00000000
v -32.32910000 26.14450000 0.00000000
v -31.68650000 26.38570000 0.00000000
v -44.69920000 16.18460000 0.00000000
v -31.92770000 26.30570000 0.00000000
v -31.76660000 14.49800000 0.00000000
v -31.84770000 14.49800000 0.00000000
v -32.24900000 26.22460000 0.00000000
v -32.89160000 25.98440000 0.00000000
v -32.49020000 26.14450000 0.00000000
v -33.61430000 25.74320000 0.00000000
v -32.81150000 26.06450000 0.00000000
v -37.95210000 23.57420000 0.00000000
v -33.05180000 25.98440000 0.00000000
v -35.06050000 10.80270000 0.00000000
v -33.29300000 25.90330000 0.00000000
v -47.10840000 9.11621000 0.00000000
v -36.18460000 7.42969000 0.00000000
v -47.18850000 8.47363000 0.00000000
v -33.53420000 25.82320000 0.00000000
v -36.18460000 24.61820000 0.00000000
v -36.02440000 24.69920000 0.00000000
v -33.69430000 25.74320000 0.00000000
v -34.01560000 25.58200000 0.00000000
v -34.25680000 25.50200000 0.00000000
v -33.93550000 25.66310000 0.00000000
v -35.22070000 10.48140000 0.00000000
v -45.10060000 15.46190000 0.00000000
v -35.14060000 10.64260000 0.00000000
v -34.17680000 25.58200000 0.00000000
v -32.81150000 13.61430000 0.00000000
v -34.33690000 25.50200000 0.00000000
v -34.81930000 25.26070000 0.00000000
v -35.38180000 25.02050000 0.00000000
v -35.22070000 25.10060000 0.00000000
v -34.65820000 25.34180000 0.00000000
v -34.57810000 25.42190000 0.00000000
v -34.73930000 25.34180000 0.00000000
v -35.06050000 25.18070000 0.00000000
v -34.97950000 25.26070000 0.00000000
v -35.14060000 25.18070000 0.00000000
v -47.02830000 9.67871000 0.00000000
v -46.94820000 10.08010000 0.00000000
v -36.10450000 7.99219000 0.00000000
v -35.30080000 25.10060000 0.00000000
v -36.26460000 6.78711000 0.00000000
v -36.26460000 4.53809000 0.00000000
v -47.26950000 3.81543000 0.00000000
v -35.54200000 24.93950000 0.00000000
v -35.46190000 25.02050000 0.00000000
v -47.26950000 7.75098000 0.00000000
v -35.70310000 24.85940000 0.00000000
v -35.62210000 24.93950000 0.00000000
v -46.22460000 12.73050000 0.00000000
v -35.70310000 9.43750000 0.00000000
v -35.78320000 9.19727000 0.00000000
v -35.86330000 24.77930000 0.00000000
v -35.78320000 24.85940000 0.00000000
v -35.94340000 24.77930000 0.00000000
v -36.10450000 24.69920000 0.00000000
v -36.34570000 24.53810000 0.00000000
v -36.90720000 24.21680000 0.00000000
v -36.50590000 24.45800000 0.00000000
v -36.26460000 24.61820000 0.00000000
v -36.66700000 24.37790000 0.00000000
v -36.42580000 24.53810000 0.00000000
v -47.18850000 3.01172000 0.00000000
v -36.58590000 24.45800000 0.00000000
v -36.74710000 24.37790000 0.00000000
v -37.06840000 24.13670000 0.00000000
v -36.98830000 24.21680000 0.00000000
v -37.14840000 24.13670000 0.00000000
v -35.54200000 9.83984000 0.00000000
v -45.82320000 13.77540000 0.00000000
v -45.66310000 14.17680000 0.00000000
v -37.46970000 23.89550000 0.00000000
v -37.38960000 23.97560000 0.00000000
v -37.54980000 23.89550000 0.00000000
v -46.54590000 11.68650000 0.00000000
v -36.02440000 8.39355000 0.00000000
v -46.70700000 11.12400000 0.00000000
v -37.79100000 23.73540000 0.00000000
v -36.10450000 3.81543000 0.00000000
v -36.10450000 3.41406000 0.00000000
v -36.18460000 3.89551000 0.00000000
v -38.19240000 23.41410000 0.00000000
v -38.03220000 23.57420000 0.00000000
v -38.51370000 23.17290000 0.00000000
v -38.27340000 23.41410000 0.00000000
v -35.62210000 9.51855000 0.00000000
v -35.62210000 9.59863000 0.00000000
v -38.75490000 23.01170000 0.00000000
v -38.59470000 23.17290000 0.00000000
v -39.07620000 22.77150000 0.00000000
v -38.83500000 23.01170000 0.00000000
v -39.15620000 22.77150000 0.00000000
v -42.04790000 20.04000000 0.00000000
v -39.63870000 22.36910000 0.00000000
v -46.86720000 1.08398000 0.00000000
v -46.94820000 1.48633000 0.00000000
v -40.28120000 21.80760000 0.00000000
v -45.02050000 15.62210000 0.00000000
v -35.94340000 8.71484000 0.00000000
v -42.61040000 19.39750000 0.00000000
v -46.70700000 0.44140600 0.00000000
v -36.02440000 2.93164000 0.00000000
v -46.62700000 0.12011700 0.00000000
v -42.93160000 18.99610000 0.00000000
v -46.78710000 0.76269500 0.00000000
v -43.17290000 18.67480000 0.00000000
v -35.94340000 8.47363000 0.00000000
v -43.33300000 18.43360000 0.00000000
v -35.70310000 9.27734000 0.00000000
v -43.57420000 18.11230000 0.00000000
v -43.73540000 17.87110000 0.00000000
v -35.94340000 2.61035000 0.00000000
v -43.89550000 17.63090000 0.00000000
v -44.05660000 17.30960000 0.00000000
v -44.05660000 17.38960000 0.00000000
v -46.46580000 -0.44140600 0.00000000
v -44.13670000 17.22850000 0.00000000
v -44.29690000 16.90720000 0.00000000
v -44.29690000 16.98830000 0.00000000
v -35.70310000 1.80762000 0.00000000
v -35.78320000 2.04785000 0.00000000
v -35.70310000 1.96777000 0.00000000
v -44.37790000 16.82710000 0.00000000
v -44.61820000 16.34570000 0.00000000
v -44.53810000 16.50590000 0.00000000
v -44.53810000 16.58590000 0.00000000
v -44.61820000 16.42580000 0.00000000
v -44.69920000 16.26460000 0.00000000
v -44.93950000 15.78320000 0.00000000
v -44.85940000 15.94340000 0.00000000
v -44.85940000 16.02440000 0.00000000
v -44.93950000 15.86330000 0.00000000
v -46.30570000 12.49020000 0.00000000
v -45.02050000 15.70310000 0.00000000
v -36.10450000 7.50977000 0.00000000
v -45.10060000 15.54200000 0.00000000
v -45.18070000 15.30080000 0.00000000
v -45.42190000 14.73930000 0.00000000
v -45.26070000 15.14060000 0.00000000
v -45.18070000 15.38180000 0.00000000
v -45.26070000 15.22070000 0.00000000
v -45.34180000 14.97950000 0.00000000
v -45.34180000 15.06050000 0.00000000
v -46.06450000 -1.56641000 0.00000000
v -46.14450000 -1.32520000 0.00000000
v -45.42190000 14.89940000 0.00000000
v -45.50200000 14.57810000 0.00000000
v -45.50200000 14.65820000 0.00000000
v -45.58200000 14.41800000 0.00000000
v -45.58200000 14.49800000 0.00000000
v -45.66310000 14.33690000 0.00000000
v -45.74320000 14.01560000 0.00000000
v -45.74320000 14.09670000 0.00000000
v -45.82320000 13.93550000 0.00000000
v -46.46580000 11.92770000 0.00000000
v -45.90330000 13.61430000 0.00000000
v -45.90330000 13.69430000 0.00000000
v -45.98440000 13.37300000 0.00000000
v -45.98440000 13.53420000 0.00000000
v -47.10840000 2.45020000 0.00000000
v -47.02830000 1.88770000 0.00000000
v -46.06450000 13.21290000 0.00000000
v -46.06450000 13.29300000 0.00000000
v -46.14450000 12.97170000 0.00000000
v -46.14450000 13.13280000 0.00000000
v -35.30080000 1.00391000 0.00000000
v -35.30080000 0.92382800 0.00000000
v -35.38180000 1.08398000 0.00000000
v -46.22460000 12.89160000 0.00000000
v -46.38570000 12.24900000 0.00000000
v -46.30570000 12.65040000 0.00000000
v -33.85550000 -1.16504000 0.00000000
v -42.69040000 -7.67090000 0.00000000
v -34.17680000 -0.76269500 0.00000000
v -46.38570000 12.40920000 0.00000000
v -35.46190000 1.24512000 0.00000000
v -35.38180000 1.16504000 0.00000000
v -46.46580000 12.16890000 0.00000000
v -45.34180000 -3.33301000 0.00000000
v -46.54590000 11.84770000 0.00000000
v -32.00780000 -3.01172000 0.00000000
v -39.07620000 -11.20510000 0.00000000
v -39.39750000 -10.96390000 0.00000000
v -46.62700000 11.44530000 0.00000000
v -46.62700000 11.60640000 0.00000000
v -46.70700000 11.36520000 0.00000000
v -46.78710000 10.80270000 0.00000000
v -46.78710000 11.04390000 0.00000000
v -35.54200000 1.40527000 0.00000000
v -35.46190000 1.32520000 0.00000000
v -46.86720000 10.48140000 0.00000000
v -46.86720000 10.72270000 0.00000000
v -32.81150000 -2.28906000 0.00000000
v -32.73050000 -2.28906000 0.00000000
v -46.94820000 10.40140000 0.00000000
v -47.02830000 10.00000000 0.00000000
v -47.10840000 9.59863000 0.00000000
v -38.19240000 -11.84770000 0.00000000
v -31.60640000 -3.33301000 0.00000000
v -47.18850000 9.03613000 0.00000000
v -47.34960000 7.67090000 0.00000000
v -47.26950000 8.39355000 0.00000000
v -31.28520000 -3.57422000 0.00000000
v -31.52640000 -3.33301000 0.00000000
v -47.34960000 3.89551000 0.00000000
v -37.14840000 -12.49020000 0.00000000
v -36.58590000 -12.81150000 0.00000000
v -47.26950000 3.09277000 0.00000000
v -47.18850000 2.53027000 0.00000000
v -34.65820000 -0.04003910 0.00000000
v -34.65820000 -0.12011700 0.00000000
v -34.81930000 0.12011700 0.00000000
v -41.48630000 -40.76270000 0.00000000
v -41.48630000 -42.61040000 0.00000000
v -47.75100000 -40.76270000 0.00000000
v -47.10840000 1.96777000 0.00000000
v -44.45800000 -5.02051000 0.00000000
v -44.77930000 -4.45801000 0.00000000
v -35.22070000 0.76269500 0.00000000
v -47.02830000 1.56641000 0.00000000
v -46.94820000 1.16504000 0.00000000
v -46.30570000 -0.92382800 0.00000000
v -46.38570000 -0.68261700 0.00000000
v -46.22460000 -1.08398000 0.00000000
v -46.86720000 0.84375000 0.00000000
v -34.97950000 0.36132800 0.00000000
v -44.21680000 -5.42188000 0.00000000
v -46.78710000 0.52246100 0.00000000
v -46.70700000 0.20117200 0.00000000
v -39.87990000 -10.56250000 0.00000000
v -40.44140000 -10.08010000 0.00000000
v -46.54590000 -0.20117200 0.00000000
v -46.62700000 -0.12011700 0.00000000
v -46.54590000 -0.36132800 0.00000000
v -46.46580000 -0.60253900 0.00000000
v -46.38570000 -0.84375000 0.00000000
v -41.40530000 -40.84380000 0.00000000
v -46.30570000 -1.00391000 0.00000000
v -46.22460000 -36.50590000 0.00000000
v -47.75100000 -36.50590000 0.00000000
v -46.14450000 -36.42580000 0.00000000
v -46.22460000 -1.24512000 0.00000000
v -30.00000000 -4.29688000 0.00000000
v -30.16020000 -4.21680000 0.00000000
v -30.08010000 -4.21680000 0.00000000
v -46.14450000 -1.48633000 0.00000000
v -29.91990000 -4.29688000 0.00000000
v -29.83980000 -4.37793000 0.00000000
v -45.98440000 -1.80762000 0.00000000
v -46.06450000 -1.72656000 0.00000000
v -45.90330000 -2.04785000 0.00000000
v -45.98440000 -1.96777000 0.00000000
v -45.82320000 -2.20898000 0.00000000
v -45.90330000 -2.12891000 0.00000000
v -43.81540000 -6.06445000 0.00000000
v -43.97560000 -5.82324000 0.00000000
v -41.72660000 -35.06050000 0.00000000
v -41.80760000 -35.14060000 0.00000000
v -41.72660000 -34.73930000 0.00000000
v -45.74320000 -2.45020000 0.00000000
v -45.82320000 -2.36914000 0.00000000
v -45.66310000 -2.61035000 0.00000000
v -45.74320000 -2.53027000 0.00000000
v -45.58200000 -2.85156000 0.00000000
v -45.66310000 -2.77148000 0.00000000
v -45.50200000 -3.01172000 0.00000000
v -45.58200000 -2.93164000 0.00000000
v -45.42190000 -3.17285000 0.00000000
v -45.50200000 -3.09277000 0.00000000
v -30.32130000 -4.13672000 0.00000000
v -30.24120000 -4.13672000 0.00000000
v -45.42190000 -3.25293000 0.00000000
v -34.49800000 -13.85550000 0.00000000
v -35.06050000 -13.61430000 0.00000000
v -45.26070000 -3.57422000 0.00000000
v -45.34180000 -3.49414000 0.00000000
v -45.18070000 -3.73535000 0.00000000
v -45.26070000 -3.65430000 0.00000000
v -45.10060000 -3.89551000 0.00000000
v -45.18070000 -3.81543000 0.00000000
v -45.02050000 -4.05664000 0.00000000
v -44.85940000 -4.29688000 0.00000000
v -45.10060000 -3.97559000 0.00000000
v -45.02050000 -4.13672000 0.00000000
v -44.85940000 -4.37793000 0.00000000
v -42.93160000 -7.34961000 0.00000000
v -44.69920000 -4.61816000 0.00000000
v -44.77930000 -4.53809000 0.00000000
v -44.61820000 -4.77930000 0.00000000
v -44.69920000 -4.69922000 0.00000000
v -44.61820000 -4.85938000 0.00000000
v -30.64260000 -3.97559000 0.00000000
v -35.86330000 -13.21290000 0.00000000
v -31.04390000 -3.73535000 0.00000000
v -44.37790000 -5.18066000 0.00000000
v -44.45800000 -5.10059000 0.00000000
v -44.37790000 -5.26074000 0.00000000
v -29.27730000 -4.61816000 0.00000000
v -29.43750000 -4.53809000 0.00000000
v -29.35740000 -4.53809000 0.00000000
v -44.13670000 -5.58203000 0.00000000
v -44.21680000 -5.50195000 0.00000000
v -39.07620000 -28.63480000 0.00000000
v -36.98830000 -28.55470000 0.00000000
v -36.90720000 -28.63480000 0.00000000
v -44.13670000 -5.66309000 0.00000000
v -30.56250000 -3.97559000 0.00000000
v -30.48140000 -4.05664000 0.00000000
v -43.97560000 -5.90332000 0.00000000
v -47.02830000 -28.87600000 0.00000000
v -46.06450000 -30.72270000 0.00000000
v -47.75100000 -30.72270000 0.00000000
v -43.65430000 -6.30566000 0.00000000
v -43.81540000 -6.14453000 0.00000000
v -28.71480000 -4.77930000 0.00000000
v -28.63480000 -4.85938000 0.00000000
v -28.87600000 -4.77930000 0.00000000
v -43.57420000 -6.46582000 0.00000000
v -43.65430000 -6.38574000 0.00000000
v -43.41410000 -6.70703000 0.00000000
v -43.57420000 -6.54590000 0.00000000
v -43.17290000 -7.02832000 0.00000000
v -43.41410000 -6.78711000 0.00000000
v -29.11620000 -4.69922000 0.00000000
v -29.19730000 -4.61816000 0.00000000
v -43.17290000 -7.10840000 0.00000000
v -33.85550000 -14.09670000 0.00000000
v -34.09670000 -14.01560000 0.00000000
v -47.75100000 -34.65820000 0.00000000
v -42.93160000 -7.42969000 0.00000000
v -42.28910000 -8.15234000 0.00000000
v -42.69040000 -7.75098000 0.00000000
v -33.45410000 -14.25680000 0.00000000
v -41.56640000 -8.95605000 0.00000000
v -42.28910000 -8.23340000 0.00000000
v -29.59860000 -4.45801000 0.00000000
v -40.52250000 -10.08010000 0.00000000
v -41.56640000 -9.03613000 0.00000000
v -33.21290000 -14.33690000 0.00000000
v -39.96000000 -10.56250000 0.00000000
v -28.47360000 -4.85938000 0.00000000
v -28.39360000 -4.93945000 0.00000000
v -39.47750000 -10.96390000 0.00000000
v -41.72660000 -28.87600000 0.00000000
v -41.72660000 -28.95610000 0.00000000
v -41.80760000 -28.79490000 0.00000000
v -39.15620000 -11.20510000 0.00000000
v -38.43360000 -11.68650000 0.00000000
v -38.67480000 -11.52640000 0.00000000
v -38.75490000 -11.52640000 0.00000000
v -38.99610000 -28.55470000 0.00000000
v -38.51370000 -11.68650000 0.00000000
v -32.97170000 -14.41800000 0.00000000
v -38.27340000 -11.84770000 0.00000000
v -37.71090000 -12.16890000 0.00000000
v -37.95210000 -12.00780000 0.00000000
v -37.54980000 -12.24900000 0.00000000
v -38.03220000 -12.00780000 0.00000000
v -28.95610000 -4.69922000 0.00000000
v -37.79100000 -12.16890000 0.00000000
v -32.73050000 -14.49800000 0.00000000
v -37.63090000 -12.24900000 0.00000000
v -37.30960000 -12.40920000 0.00000000
v -37.38960000 -12.40920000 0.00000000
v -36.74710000 -12.73050000 0.00000000
v -37.22850000 -12.49020000 0.00000000
v -36.90720000 -12.65040000 0.00000000
v -36.98830000 -12.65040000 0.00000000
v -36.82710000 -12.73050000 0.00000000
v -31.28520000 -14.89940000 0.00000000
v -30.96390000 -14.97950000 0.00000000
v -36.66700000 -12.81150000 0.00000000
v -36.18460000 -13.05180000 0.00000000
v -36.34570000 -12.97170000 0.00000000
v -36.42580000 -12.97170000 0.00000000
v -36.02440000 -13.13280000 0.00000000
v -36.26460000 -13.05180000 0.00000000
v -28.07230000 -5.02051000 0.00000000
v -28.15230000 -4.93945000 0.00000000
v -36.10450000 -13.13280000 0.00000000
v -27.91210000 -5.02051000 0.00000000
v -35.94340000 -13.21290000 0.00000000
v -32.16890000 -14.65820000 0.00000000
v -35.70310000 -13.29300000 0.00000000
v -35.78320000 -13.29300000 0.00000000
v -31.60640000 -14.81930000 0.00000000
v -35.54200000 -13.37300000 0.00000000
v -35.62210000 -13.37300000 0.00000000
v -27.10840000 -5.18066000 0.00000000
v -27.02830000 -5.26074000 0.00000000
v -27.42970000 -5.18066000 0.00000000
v -35.38180000 -13.45410000 0.00000000
v -35.46190000 -13.45410000 0.00000000
v -35.22070000 -13.53420000 0.00000000
v -35.30080000 -13.53420000 0.00000000
v -27.50980000 -5.10059000 0.00000000
v -35.14060000 -13.61430000 0.00000000
v -34.89940000 -13.69430000 0.00000000
v -34.97950000 -13.69430000 0.00000000
v -34.73930000 -13.77540000 0.00000000
v -34.81930000 -13.77540000 0.00000000
v -34.65820000 -13.85550000 0.00000000
v -34.33690000 -13.93550000 0.00000000
v -34.41800000 -13.93550000 0.00000000
v -34.25680000 -14.01560000 0.00000000
v -34.01560000 -14.09670000 0.00000000
v -33.69430000 -14.17680000 0.00000000
v -33.77540000 -14.17680000 0.00000000
v -33.61430000 -14.25680000 0.00000000
v -26.54590000 -5.34180000 0.00000000
v -26.62700000 -5.26074000 0.00000000
v -33.37300000 -14.33690000 0.00000000
v -30.64260000 -15.06050000 0.00000000
v -33.13280000 -14.41800000 0.00000000
v -32.89160000 -14.49800000 0.00000000
v -32.49020000 -14.57810000 0.00000000
v -32.65040000 -14.57810000 0.00000000
v -32.40920000 -14.65820000 0.00000000
v -31.92770000 -14.73930000 0.00000000
v -32.08790000 -14.73930000 0.00000000
v -31.84770000 -14.81930000 0.00000000
v 3.41406000 -27.50980000 0.00000000
v -29.35740000 -15.30080000 0.00000000
v -31.52640000 -14.89940000 0.00000000
v -27.99220000 -15.46190000 0.00000000
v -31.20510000 -14.97950000 0.00000000
v -28.79490000 -15.38180000 0.00000000
v -30.88380000 -15.06050000 0.00000000
v -26.78710000 -15.54200000 0.00000000
v -30.56250000 -15.14060000 0.00000000
v -30.16020000 -15.22070000 0.00000000
v -29.75880000 -15.30080000 0.00000000
v -29.27730000 -15.38180000 0.00000000
v -25.58200000 -15.62210000 0.00000000
v -28.71480000 -15.46190000 0.00000000
v -26.70700000 -15.62210000 0.00000000
v -27.91210000 -15.54200000 0.00000000
v -28.07230000 -32.81150000 0.00000000
v -27.91210000 -32.81150000 0.00000000
v -27.83110000 -32.89160000 0.00000000
v -28.47360000 -34.57810000 0.00000000
v -28.55470000 -34.57810000 0.00000000
v -28.63480000 -34.49800000 0.00000000
v -29.51860000 -4.45801000 0.00000000
v -35.54200000 1.56641000 0.00000000
v -35.62210000 1.64648000 0.00000000
v -29.67870000 -4.37793000 0.00000000
v -34.41800000 -0.44140600 0.00000000
v -30.40140000 -4.05664000 0.00000000
v -33.85550000 -1.08398000 0.00000000
v -30.80270000 -3.81543000 0.00000000
v -30.88380000 -3.81543000 0.00000000
v -34.17680000 -0.68261700 0.00000000
v -30.96390000 -3.73535000 0.00000000
v -31.20510000 -3.57422000 0.00000000
v -35.06050000 0.52246100 0.00000000
v -34.41800000 -0.36132800 0.00000000
v -31.92770000 -3.01172000 0.00000000
v -34.81930000 0.20117200 0.00000000
v -32.89160000 -2.20898000 0.00000000
v -34.97950000 0.44140600 0.00000000
v -35.06050000 0.60253900 0.00000000
v -32.89160000 -2.12891000 0.00000000
v -35.22070000 0.84375000 0.00000000
v -35.86330000 8.95605000 0.00000000
v -35.86330000 2.28906000 0.00000000
v -35.22070000 10.40140000 0.00000000
v -35.30080000 10.32130000 0.00000000
v -36.02440000 8.07227000 0.00000000
v -35.62210000 1.72656000 0.00000000
v -35.78320000 2.20898000 0.00000000
v -35.86330000 2.53027000 0.00000000
v -35.94340000 2.85156000 0.00000000
v -35.86330000 8.79492000 0.00000000
v -36.02440000 3.33301000 0.00000000
v -35.78320000 9.03613000 0.00000000
v -36.18460000 4.45801000 0.00000000
v -35.46190000 10.00000000 0.00000000
v -35.38180000 10.16020000 0.00000000
v -35.54200000 9.67871000 0.00000000
v -36.18460000 6.86719000 0.00000000
v -35.46190000 9.91992000 0.00000000
v -35.38180000 10.08010000 0.00000000
v -35.30080000 10.24120000 0.00000000
v -35.14060000 10.56250000 0.00000000
v -35.06050000 10.72270000 0.00000000
v -34.97950000 10.88380000 0.00000000
v -30.40140000 15.38180000 0.00000000
v -32.16890000 14.17680000 0.00000000
v -31.44530000 14.73930000 0.00000000
v -34.41800000 11.76660000 0.00000000
v -34.25680000 12.00780000 0.00000000
v -33.93550000 12.40920000 0.00000000
v -31.28520000 14.81930000 0.00000000
v -31.04390000 14.97950000 0.00000000
v -30.80270000 15.14060000 0.00000000
v -30.64260000 15.22070000 0.00000000
v -27.50980000 16.42580000 0.00000000
v -30.08010000 15.54200000 0.00000000
v -29.11620000 16.02440000 0.00000000
v -29.59860000 15.78320000 0.00000000
v -29.43750000 15.86330000 0.00000000
v -29.19730000 15.94340000 0.00000000
v -29.03610000 16.02440000 0.00000000
v -28.55470000 16.18460000 0.00000000
v -23.33300000 16.26460000 0.00000000
v -28.15230000 16.26460000 0.00000000
v -27.59080000 16.34570000 0.00000000
v -22.85160000 16.18460000 0.00000000
v -22.53030000 16.10450000 0.00000000
v -18.35350000 -2.85156000 0.00000000
v -21.64650000 15.86330000 0.00000000
v -21.40530000 15.78320000 0.00000000
v -21.16500000 15.70310000 0.00000000
v -21.00390000 15.62210000 0.00000000
v -20.68260000 15.54200000 0.00000000
v -20.76270000 15.54200000 0.00000000
v -20.52250000 15.46190000 0.00000000
v -20.36130000 15.38180000 0.00000000
v -20.20120000 15.30080000 0.00000000
v -20.60250000 15.46190000 0.00000000
v -20.44140000 15.38180000 0.00000000
v -20.12010000 15.22070000 0.00000000
v -20.28120000 15.30080000 0.00000000
v -19.71880000 15.06050000 0.00000000
v -19.55860000 14.97950000 0.00000000
v -19.96000000 15.14060000 0.00000000
v -19.39750000 14.89940000 0.00000000
v -19.79880000 15.06050000 0.00000000
v -19.63870000 14.97950000 0.00000000
v -19.47750000 14.89940000 0.00000000
v -18.75490000 14.49800000 0.00000000
v -18.91600000 14.57810000 0.00000000
v -19.15620000 14.73930000 0.00000000
v -19.23730000 14.73930000 0.00000000
v -18.99610000 14.57810000 0.00000000
v -18.83500000 14.49800000 0.00000000
v -18.43360000 14.25680000 0.00000000
v -18.51370000 14.25680000 0.00000000
v -18.19240000 14.09670000 0.00000000
v -18.27340000 14.09670000 0.00000000
v -17.87110000 13.85550000 0.00000000
v -17.95210000 13.85550000 0.00000000
v -17.63090000 13.69430000 0.00000000
v -17.71090000 13.69430000 0.00000000
v -17.38960000 13.45410000 0.00000000
v -17.06840000 13.21290000 0.00000000
v -16.66700000 12.97170000 0.00000000
v -13.69430000 10.56250000 0.00000000
v -16.74710000 12.97170000 0.00000000
v -13.61430000 21.24510000 0.00000000
v -16.26460000 12.65040000 0.00000000
v -16.34570000 12.65040000 0.00000000
v -15.86330000 12.32910000 0.00000000
v -15.94340000 12.32910000 0.00000000
v -15.46190000 12.00780000 0.00000000
v -15.54200000 12.00780000 0.00000000
v -15.06050000 11.68650000 0.00000000
v -15.14060000 11.68650000 0.00000000
v -14.57810000 11.28520000 0.00000000
v -14.65820000 11.28520000 0.00000000
v -14.17680000 10.96390000 0.00000000
v -14.25680000 10.96390000 0.00000000
v -13.85550000 10.72270000 0.00000000
v -13.93550000 10.72270000 0.00000000
v -16.26460000 -1.24512000 0.00000000
v -17.14840000 -1.96777000 0.00000000
v -17.46970000 -2.20898000 0.00000000
v -18.99610000 -3.33301000 0.00000000
v -18.11230000 -2.69043000 0.00000000
v -18.67480000 -3.09277000 0.00000000
v -19.07620000 -3.33301000 0.00000000
v -18.91600000 -3.25293000 0.00000000
v -19.31740000 -3.49414000 0.00000000
v -19.47750000 -3.57422000 0.00000000
v -20.60250000 -4.21680000 0.00000000
v -19.63870000 -3.65430000 0.00000000
v -19.87990000 -3.81543000 0.00000000
v -20.20120000 -3.97559000 0.00000000
v -20.36130000 -4.05664000 0.00000000
v -21.32520000 -4.53809000 0.00000000
v -20.52250000 -4.13672000 0.00000000
v -20.68260000 -4.21680000 0.00000000
v -20.92380000 -4.29688000 0.00000000
v -21.24510000 -4.45801000 0.00000000
v -21.48630000 -4.53809000 0.00000000
v -22.20900000 -4.85938000 0.00000000
v -22.45020000 -4.93945000 0.00000000
v -22.12890000 -4.77930000 0.00000000
v -23.01170000 -5.10059000 0.00000000
v -22.36910000 -4.85938000 0.00000000
v -22.61040000 -4.93945000 0.00000000
v -22.93160000 -5.02051000 0.00000000
v -23.25290000 -5.10059000 0.00000000
v -23.65430000 -5.18066000 0.00000000
v -24.21680000 -5.26074000 0.00000000
v 23.17290000 -4.93945000 0.00000000
v 23.33300000 -4.93945000 0.00000000
v 23.41410000 -5.02051000 0.00000000
v 35.06050000 -32.65040000 0.00000000
v 35.46190000 -34.41800000 0.00000000
v 34.73930000 -32.73050000 0.00000000
v 14.57810000 -11.52640000 0.00000000
v 14.57810000 -13.77540000 0.00000000
v 22.85160000 -4.85938000 0.00000000
v 19.55860000 -13.77540000 0.00000000
v 14.65820000 -10.64260000 0.00000000
v 14.65820000 -11.44530000 0.00000000
v 39.15620000 22.77150000 0.00000000
v 32.32910000 14.41800000 0.00000000
v 38.51370000 23.25290000 0.00000000
v -8.79492000 -30.72270000 0.00000000
v -9.67871000 -29.91990000 0.00000000
v -9.27734000 -30.00000000 0.00000000
v 20.92380000 26.46580000 0.00000000
v 21.24510000 26.54590000 0.00000000
v 20.68260000 26.38570000 0.00000000
v 47.59080000 7.34961000 0.00000000
v 47.50980000 8.39355000 0.00000000
v 47.59080000 8.31348000 0.00000000
v 14.89940000 -10.48140000 0.00000000
v 15.06050000 -10.56250000 0.00000000
v 14.97950000 -10.56250000 0.00000000
v 33.37300000 -14.33690000 0.00000000
v 33.13280000 -14.41800000 0.00000000
v 32.81150000 -14.49800000 0.00000000
v 15.30080000 -10.72270000 0.00000000
v 15.22070000 -10.72270000 0.00000000
v 27.75100000 -5.18066000 0.00000000
v 29.83980000 -15.22070000 0.00000000
v 29.27730000 -15.30080000 0.00000000
v 15.54200000 -10.88380000 0.00000000
v 15.46190000 -10.88380000 0.00000000
v 28.47360000 -15.46190000 0.00000000
v 25.26070000 -15.38180000 0.00000000
v 28.55470000 -15.38180000 0.00000000
v 15.86330000 -11.12400000 0.00000000
v 15.78320000 -11.12400000 0.00000000
v 23.33300000 -15.06050000 0.00000000
v 23.01170000 -14.97950000 0.00000000
v 24.61820000 -5.26074000 0.00000000
v 16.26460000 -11.44530000 0.00000000
v 16.18460000 -11.44530000 0.00000000
v 19.23730000 -13.61430000 0.00000000
v 19.39750000 -13.69430000 0.00000000
v 16.66700000 -11.76660000 0.00000000
v 16.58590000 -11.76660000 0.00000000
v 17.06840000 -12.08790000 0.00000000
v 16.98830000 -12.08790000 0.00000000
v 19.71880000 -13.85550000 0.00000000
v 17.38960000 -12.32910000 0.00000000
v 17.30960000 -12.32910000 0.00000000
v 18.83500000 -13.37300000 0.00000000
v 17.79100000 -12.65040000 0.00000000
v 17.71090000 -12.65040000 0.00000000
v 17.95210000 -12.81150000 0.00000000
v 23.73540000 -5.10059000 0.00000000
v 20.84380000 -14.33690000 0.00000000
v 20.28120000 -14.09670000 0.00000000
v 18.27340000 -13.05180000 0.00000000
v 25.26070000 -5.26074000 0.00000000
v 25.34180000 -5.34180000 0.00000000
v 18.51370000 -13.21290000 0.00000000
v 21.56640000 -14.57810000 0.00000000
v 21.32520000 -14.49800000 0.00000000
v 18.75490000 -13.37300000 0.00000000
v 19.87990000 -13.93550000 0.00000000
v 18.91600000 -13.45410000 0.00000000
v 21.08400000 -14.41800000 0.00000000
v 19.15620000 -13.61430000 0.00000000
v 20.04000000 -14.01560000 0.00000000
v 19.31740000 -13.69430000 0.00000000
v 19.47750000 -13.77540000 0.00000000
v 21.80760000 -14.65820000 0.00000000
v 24.13670000 -5.18066000 0.00000000
v 22.36910000 -14.81930000 0.00000000
v 19.63870000 -13.85550000 0.00000000
v 19.79880000 -13.93550000 0.00000000
v 20.44140000 -14.17680000 0.00000000
v 19.96000000 -14.01560000 0.00000000
v 20.60250000 -14.25680000 0.00000000
v 20.12010000 -14.09670000 0.00000000
v 20.36130000 -14.17680000 0.00000000
v 20.52250000 -14.25680000 0.00000000
v 20.68260000 -14.33690000 0.00000000
v 22.04790000 -14.73930000 0.00000000
v 20.92380000 -14.41800000 0.00000000
v 21.16500000 -14.49800000 0.00000000
v 21.40530000 -14.57810000 0.00000000
v 23.73540000 -15.14060000 0.00000000
v 21.64650000 -14.65820000 0.00000000
v 22.61040000 -14.89940000 0.00000000
v 21.88770000 -14.73930000 0.00000000
v 24.13670000 -15.22070000 0.00000000
v 22.12890000 -14.81930000 0.00000000
v 24.61820000 -15.30080000 0.00000000
v 22.45020000 -14.89940000 0.00000000
v 22.69040000 -14.97950000 0.00000000
v 26.54590000 -5.34180000 0.00000000
v 23.09280000 -15.06050000 0.00000000
v 23.41410000 -15.14060000 0.00000000
v 23.81540000 -15.22070000 0.00000000
v 28.87600000 -29.11620000 0.00000000
v 28.71480000 -28.87600000 0.00000000
v 28.87600000 -29.03610000 0.00000000
v 29.43750000 -4.69922000 0.00000000
v 29.27730000 -4.77930000 0.00000000
v 29.35740000 -4.69922000 0.00000000
v 24.21680000 -15.30080000 0.00000000
v 32.57030000 -14.57810000 0.00000000
v 28.95610000 -29.27730000 0.00000000
v 29.03610000 -29.35740000 0.00000000
v 29.03610000 -29.67870000 0.00000000
v 24.69920000 -15.38180000 0.00000000
v 28.39360000 -30.80270000 0.00000000
v 26.94820000 -30.08010000 0.00000000
v 29.19730000 -15.38180000 0.00000000
v 25.34180000 -15.46190000 0.00000000
v 26.86720000 -29.19730000 0.00000000
v 26.86720000 -29.03610000 0.00000000
v 26.94820000 -28.95610000 0.00000000
v 32.00780000 -14.73930000 0.00000000
v 29.03610000 -4.85938000 0.00000000
v 28.95610000 -29.19730000 0.00000000
v 29.75880000 -15.30080000 0.00000000
v 29.67870000 -4.61816000 0.00000000
v 29.11620000 -29.75880000 0.00000000
v 29.11620000 -30.08010000 0.00000000
v 28.79490000 -4.85938000 0.00000000
v 28.71480000 -4.93945000 0.00000000
v 30.24120000 -15.22070000 0.00000000
v 30.32130000 -15.14060000 0.00000000
v 28.87600000 -30.48140000 0.00000000
v 28.71480000 -30.64260000 0.00000000
v 30.08010000 -4.45801000 0.00000000
v 33.61430000 -14.25680000 0.00000000
v 28.07230000 -30.88380000 0.00000000
v 28.31350000 -30.88380000 0.00000000
v 30.72270000 -15.06050000 0.00000000
v 30.64260000 -15.14060000 0.00000000
v 35.38180000 -13.53420000 0.00000000
v 35.22070000 -13.61430000 0.00000000
v 30.56250000 -4.21680000 0.00000000
v 28.79490000 -30.64260000 0.00000000
v 31.04390000 -14.97950000 0.00000000
v 30.96390000 -15.06050000 0.00000000
v 30.40140000 -4.29688000 0.00000000
v 34.65820000 -13.85550000 0.00000000
v 28.55470000 -30.80270000 0.00000000
v 31.36520000 -14.89940000 0.00000000
v 31.28520000 -14.97950000 0.00000000
v 32.32910000 -14.65820000 0.00000000
v 29.03610000 -30.16020000 0.00000000
v 31.68650000 -14.81930000 0.00000000
v 31.60640000 -14.89940000 0.00000000
v 31.12400000 -3.89551000 0.00000000
v 30.96390000 -3.97559000 0.00000000
v 31.04390000 -3.89551000 0.00000000
v 28.87600000 -30.56250000 0.00000000
v 31.92770000 -14.81930000 0.00000000
v 24.53810000 -5.18066000 0.00000000
v 29.03610000 -30.32130000 0.00000000
v 32.24900000 -14.73930000 0.00000000
v 32.00780000 -3.25293000 0.00000000
v 32.08790000 -3.25293000 0.00000000
v 31.76660000 -3.49414000 0.00000000
v 32.49020000 -14.65820000 0.00000000
v 34.01560000 -14.09670000 0.00000000
v 33.85550000 -14.17680000 0.00000000
v 28.47360000 -28.79490000 0.00000000
v 28.23340000 -28.71480000 0.00000000
v 30.72270000 -4.13672000 0.00000000
v 32.73050000 -14.57810000 0.00000000
v 33.05180000 -14.49800000 0.00000000
v 36.66700000 -12.89160000 0.00000000
v 37.22850000 -12.57030000 0.00000000
v 33.29300000 -14.41800000 0.00000000
v 37.95210000 -42.45020000 0.00000000
v 37.87110000 -42.53030000 0.00000000
v 37.46970000 -42.53030000 0.00000000
v 37.63090000 -12.32910000 0.00000000
v 33.53420000 -14.33690000 0.00000000
v 34.49800000 -13.93550000 0.00000000
v 34.25680000 -14.01560000 0.00000000
v 33.77540000 -14.25680000 0.00000000
v 35.06050000 -13.69430000 0.00000000
v 33.93550000 -14.17680000 0.00000000
v 34.89940000 -13.77540000 0.00000000
v 34.17680000 -14.09670000 0.00000000
v 31.52640000 -3.65430000 0.00000000
v 34.41800000 -14.01560000 0.00000000
v 34.57810000 -13.93550000 0.00000000
v 32.40920000 -3.01172000 0.00000000
v 38.75490000 -11.60640000 0.00000000
v 38.51370000 -11.76660000 0.00000000
v 34.81930000 -13.85550000 0.00000000
v 35.78320000 -13.37300000 0.00000000
v 34.97950000 -13.77540000 0.00000000
v 35.62210000 -13.45410000 0.00000000
v 35.14060000 -13.69430000 0.00000000
v 36.26460000 -13.13280000 0.00000000
v 35.30080000 -13.61430000 0.00000000
v 36.42580000 -13.05180000 0.00000000
v 35.54200000 -13.53420000 0.00000000
v 39.07620000 -11.36520000 0.00000000
v 35.70310000 -13.45410000 0.00000000
v 42.28910000 -8.39355000 0.00000000
v 33.69430000 -1.80762000 0.00000000
v 34.09670000 -1.32520000 0.00000000
v 35.86330000 -13.37300000 0.00000000
v 36.02440000 -13.29300000 0.00000000
v 36.82710000 -12.81150000 0.00000000
v 36.18460000 -13.21290000 0.00000000
v 36.98830000 -12.73050000 0.00000000
v 36.34570000 -13.13280000 0.00000000
v 42.93160000 -7.59082000 0.00000000
v 34.41800000 -0.92382800 0.00000000
v 43.25290000 -7.18848000 0.00000000
v 36.50590000 -13.05180000 0.00000000
v 37.38960000 -12.49020000 0.00000000
v 36.74710000 -12.89160000 0.00000000
v 43.89550000 -6.30566000 0.00000000
v 34.97950000 -0.12011700 0.00000000
v 44.05660000 -6.06445000 0.00000000
v 36.90720000 -12.81150000 0.00000000
v 38.03220000 -12.08790000 0.00000000
v 37.79100000 -12.24900000 0.00000000
v 37.06840000 -12.73050000 0.00000000
v 35.06050000 0.04003910 0.00000000
v 35.22070000 0.28125000 0.00000000
v 37.30960000 -12.57030000 0.00000000
v 37.63090000 -34.57810000 0.00000000
v 38.35350000 -32.89160000 0.00000000
v 37.79100000 -34.65820000 0.00000000
v 35.38180000 0.52246100 0.00000000
v 44.61820000 -5.18066000 0.00000000
v 44.37790000 -5.58203000 0.00000000
v 37.46970000 -12.49020000 0.00000000
v 41.56640000 -9.19727000 0.00000000
v 41.00390000 -9.75879000 0.00000000
v 37.71090000 -12.32910000 0.00000000
v 35.70310000 -34.41800000 0.00000000
v 35.78320000 -34.33690000 0.00000000
v 45.02050000 -4.53809000 0.00000000
v 35.54200000 0.84375000 0.00000000
v 45.34180000 -3.97559000 0.00000000
v 37.87110000 -12.24900000 0.00000000
v 35.46190000 0.68261700 0.00000000
v 38.27340000 -11.92770000 0.00000000
v 38.11230000 -12.08790000 0.00000000
v 34.81930000 -0.36132800 0.00000000
v 38.35350000 -11.92770000 0.00000000
v 45.50200000 -3.65430000 0.00000000
v 45.42190000 -3.81543000 0.00000000
v 35.70310000 1.16504000 0.00000000
v 38.59470000 -11.76660000 0.00000000
v 33.93550000 -33.05180000 0.00000000
v 34.73930000 -34.73930000 0.00000000
v 33.77540000 -33.13280000 0.00000000
v 36.02440000 1.96777000 0.00000000
v 36.02440000 2.04785000 0.00000000
v 36.10450000 2.12891000 0.00000000
v 38.83500000 -11.60640000 0.00000000
v 34.01560000 -35.38180000 0.00000000
v 34.01560000 -35.46190000 0.00000000
v 33.77540000 -35.70310000 0.00000000
v 35.78320000 1.32520000 0.00000000
v 45.58200000 -3.49414000 0.00000000
v 39.39750000 -11.12400000 0.00000000
v 39.15620000 -11.36520000 0.00000000
v 41.08400000 -9.75879000 0.00000000
v 39.79880000 -10.80270000 0.00000000
v 39.47750000 -11.12400000 0.00000000
v 35.94340000 1.88770000 0.00000000
v 35.94340000 1.72656000 0.00000000
v 40.20120000 -10.48140000 0.00000000
v 39.87990000 -10.80270000 0.00000000
v 40.36130000 -40.60250000 0.00000000
v 40.28120000 -40.68260000 0.00000000
v 40.36130000 -40.52250000 0.00000000
v 42.28910000 -8.47363000 0.00000000
v 40.28120000 -10.48140000 0.00000000
v 38.27340000 -42.36910000 0.00000000
v 38.43360000 -42.28910000 0.00000000
v 38.35350000 -42.36910000 0.00000000
v 35.62210000 1.00391000 0.00000000
v 41.56640000 -9.27734000 0.00000000
v 37.87110000 -40.36130000 0.00000000
v 37.95210000 -40.36130000 0.00000000
v 37.71090000 -40.52250000 0.00000000
v 42.61040000 -7.99219000 0.00000000
v 42.61040000 -8.07227000 0.00000000
v 38.99610000 -41.88770000 0.00000000
v 39.47750000 -41.48630000 0.00000000
v 45.66310000 -3.33301000 0.00000000
v 38.19240000 -42.45020000 0.00000000
v 36.26460000 2.61035000 0.00000000
v 36.26460000 2.85156000 0.00000000
v 36.34570000 2.93164000 0.00000000
v 42.93160000 -7.67090000 0.00000000
v 39.55860000 -39.71880000 0.00000000
v 39.31740000 -39.63870000 0.00000000
v 39.47750000 -39.63870000 0.00000000
v 46.46580000 -1.32520000 0.00000000
v 46.38570000 -1.56641000 0.00000000
v 43.25290000 -7.26953000 0.00000000
v 38.51370000 -42.28910000 0.00000000
v 38.67480000 -42.12890000 0.00000000
v 43.49410000 -6.94824000 0.00000000
v 43.49410000 -6.86719000 0.00000000
v 40.28120000 -40.76270000 0.00000000
v 46.54590000 -1.08398000 0.00000000
v 36.18460000 2.36914000 0.00000000
v 43.73540000 -6.62695000 0.00000000
v 43.73540000 -6.54590000 0.00000000
v 38.75490000 -42.12890000 0.00000000
v 35.86330000 1.56641000 0.00000000
v 43.89550000 -6.38574000 0.00000000
v 40.36130000 -40.20120000 0.00000000
v 40.44140000 -40.44140000 0.00000000
v 44.05660000 -6.14453000 0.00000000
v 39.07620000 -41.88770000 0.00000000
v 44.21680000 -5.90332000 0.00000000
v 44.21680000 -5.82324000 0.00000000
v 44.53810000 -5.34180000 0.00000000
v 46.94820000 0.28125000 0.00000000
v 47.02830000 0.60253900 0.00000000
v 40.28120000 -40.04000000 0.00000000
v 40.36130000 -40.12010000 0.00000000
v 40.20120000 -40.04000000 0.00000000
v 44.37790000 -5.66309000 0.00000000
v 37.14840000 -32.57030000 0.00000000
v 36.90720000 -34.33690000 0.00000000
v 44.53810000 -5.42188000 0.00000000
v 46.06450000 14.09670000 0.00000000
v 35.70310000 10.24120000 0.00000000
v 45.82320000 14.65820000 0.00000000
v 44.61820000 -5.26074000 0.00000000
v 46.22460000 -1.96777000 0.00000000
v 38.67480000 -32.97170000 0.00000000
v 38.75490000 -33.05180000 0.00000000
v 38.59470000 -32.97170000 0.00000000
v 44.77930000 -5.02051000 0.00000000
v 36.42580000 3.25293000 0.00000000
v 36.34570000 3.17285000 0.00000000
v 45.26070000 -4.13672000 0.00000000
v 45.02050000 -4.61816000 0.00000000
v 48.39360000 -42.12890000 0.00000000
v 48.31350000 -42.20900000 0.00000000
v 48.23340000 -42.20900000 0.00000000
v 45.18070000 -4.29688000 0.00000000
v 45.18070000 -4.37793000 0.00000000
v 36.50590000 3.73535000 0.00000000
v 47.59080000 4.21680000 0.00000000
v 47.50980000 3.33301000 0.00000000
v 45.26070000 -4.21680000 0.00000000
v 47.02830000 11.20510000 0.00000000
v 47.10840000 10.80270000 0.00000000
v 36.18460000 8.71484000 0.00000000
v 45.34180000 -4.05664000 0.00000000
v 36.42580000 3.65430000 0.00000000
v 45.42190000 -3.89551000 0.00000000
v 45.50200000 -3.73535000 0.00000000
v 45.74320000 -3.17285000 0.00000000
v 45.90330000 -2.77148000 0.00000000
v 45.58200000 -3.57422000 0.00000000
v 49.83980000 -38.75490000 0.00000000
v 49.83980000 -38.83500000 0.00000000
v 49.75880000 -38.67480000 0.00000000
v 45.82320000 -3.01172000 0.00000000
v 45.66310000 -3.41406000 0.00000000
v 38.35350000 -35.06050000 0.00000000
v 38.03220000 -34.81930000 0.00000000
v 39.47750000 -33.53420000 0.00000000
v 46.14450000 -2.20898000 0.00000000
v 45.74320000 -3.25293000 0.00000000
v 35.70310000 10.08010000 0.00000000
v 35.78320000 10.00000000 0.00000000
v 45.82320000 -3.09277000 0.00000000
v 37.46970000 -34.57810000 0.00000000
v 37.38960000 -34.49800000 0.00000000
v 45.98440000 -2.61035000 0.00000000
v 45.90330000 -2.93164000 0.00000000
v 46.86720000 -32.65040000 0.00000000
v 47.18850000 -32.65040000 0.00000000
v 47.26950000 -32.73050000 0.00000000
v 46.06450000 -2.45020000 0.00000000
v 45.98440000 -2.69043000 0.00000000
v 39.07620000 -35.62210000 0.00000000
v 38.83500000 -35.46190000 0.00000000
v 39.47750000 -35.54200000 0.00000000
v 35.62210000 10.40140000 0.00000000
v 35.54200000 10.48140000 0.00000000
v 35.54200000 10.56250000 0.00000000
v 46.06450000 -2.53027000 0.00000000
v 46.62700000 -0.84375000 0.00000000
v 46.14450000 -2.36914000 0.00000000
v 36.02440000 9.35742000 0.00000000
v 35.94340000 9.59863000 0.00000000
v 46.30570000 13.45410000 0.00000000
v 46.22460000 -2.12891000 0.00000000
v 46.30570000 -1.80762000 0.00000000
v 35.62210000 10.32130000 0.00000000
v 38.99610000 -35.62210000 0.00000000
v 46.30570000 -1.88770000 0.00000000
v 46.38570000 -1.72656000 0.00000000
v 45.74320000 14.81930000 0.00000000
v 46.54590000 12.81150000 0.00000000
v 46.46580000 13.05180000 0.00000000
v 46.46580000 -1.48633000 0.00000000
v 46.78710000 -0.36132800 0.00000000
v 46.70700000 -0.60253900 0.00000000
v 46.86720000 -0.04003910 0.00000000
v 46.30570000 -34.09670000 0.00000000
v 46.70700000 -34.17680000 0.00000000
v 46.54590000 -1.24512000 0.00000000
v 35.14060000 11.28520000 0.00000000
v 35.30080000 11.04390000 0.00000000
v 35.14060000 11.20510000 0.00000000
v 39.23730000 -35.70310000 0.00000000
v 39.15620000 -35.70310000 0.00000000
v 46.62700000 -1.00391000 0.00000000
v 46.86720000 11.76660000 0.00000000
v 47.99220000 -37.38960000 0.00000000
v 47.34960000 -39.07620000 0.00000000
v 47.10840000 -38.91600000 0.00000000
v 46.70700000 -0.76269500 0.00000000
v 46.78710000 -0.52246100 0.00000000
v 44.69920000 16.58590000 0.00000000
v 35.38180000 10.88380000 0.00000000
v 44.61820000 -34.97950000 0.00000000
v 44.53810000 -35.06050000 0.00000000
v 44.61820000 -34.89940000 0.00000000
v 46.86720000 -0.28125000 0.00000000
v 35.86330000 9.83984000 0.00000000
v 44.53810000 -35.14060000 0.00000000
v 44.45800000 -35.22070000 0.00000000
v 46.94820000 0.04003910 0.00000000
v 47.26950000 1.56641000 0.00000000
v 47.18850000 1.24512000 0.00000000
v 47.34960000 2.12891000 0.00000000
v 47.02830000 0.36132800 0.00000000
v 34.25680000 12.57030000 0.00000000
v 33.85550000 12.97170000 0.00000000
v 33.85550000 13.05180000 0.00000000
v 49.91990000 -39.07620000 0.00000000
v 49.91990000 -38.91600000 0.00000000
v 47.10840000 0.92382800 0.00000000
v 47.10840000 0.68261700 0.00000000
v 45.34180000 15.54200000 0.00000000
v 50.00000000 -39.96000000 0.00000000
v 49.91990000 -40.04000000 0.00000000
v 47.18850000 1.00391000 0.00000000
v 34.73930000 11.84770000 0.00000000
v 34.73930000 11.92770000 0.00000000
v 34.89940000 11.68650000 0.00000000
v 47.02830000 -36.98830000 0.00000000
v 47.26950000 -37.06840000 0.00000000
v 46.62700000 -38.67480000 0.00000000
v 47.26950000 1.32520000 0.00000000
v 33.37300000 13.53420000 0.00000000
v 41.48630000 20.60250000 0.00000000
v 47.34960000 1.64648000 0.00000000
v 47.67090000 4.29688000 0.00000000
v 47.34960000 -42.53030000 0.00000000
v 47.67090000 -42.45020000 0.00000000
v 47.59080000 -42.53030000 0.00000000
v 47.42970000 2.61035000 0.00000000
v 47.42970000 2.20898000 0.00000000
v 32.73050000 14.09670000 0.00000000
v 32.65040000 14.09670000 0.00000000
v 47.75100000 -32.89160000 0.00000000
v 47.99220000 -32.97170000 0.00000000
v 47.26950000 -34.41800000 0.00000000
v 47.50980000 2.69043000 0.00000000
v 31.76660000 14.81930000 0.00000000
v 32.00780000 14.65820000 0.00000000
v 31.92770000 14.65820000 0.00000000
v 47.59080000 3.41406000 0.00000000
v 38.27340000 23.41410000 0.00000000
v 37.87110000 23.65430000 0.00000000
v 45.42190000 -34.25680000 0.00000000
v 45.34180000 -34.33690000 0.00000000
v 45.26070000 -34.33690000 0.00000000
v 47.67090000 7.26953000 0.00000000
v 47.42970000 9.03613000 0.00000000
v 47.50980000 8.95605000 0.00000000
v 49.67870000 -34.81930000 0.00000000
v 49.59860000 -34.57810000 0.00000000
v 49.67870000 -34.65820000 0.00000000
v 45.10060000 15.94340000 0.00000000
v 35.46190000 10.72270000 0.00000000
v 47.34960000 9.59863000 0.00000000
v 47.42970000 9.51855000 0.00000000
v 31.36520000 15.06050000 0.00000000
v 30.96390000 15.30080000 0.00000000
v 36.74710000 24.29690000 0.00000000
v 47.26950000 10.00000000 0.00000000
v 47.34960000 9.91992000 0.00000000
v 31.28520000 15.06050000 0.00000000
v 31.20510000 15.14060000 0.00000000
v 47.18850000 10.40140000 0.00000000
v 47.26950000 10.32130000 0.00000000
v 47.18850000 10.72270000 0.00000000
v 46.94820000 11.52640000 0.00000000
v 47.10840000 11.12400000 0.00000000
v 35.46190000 10.64260000 0.00000000
v 47.02830000 11.44530000 0.00000000
v 46.94820000 11.68650000 0.00000000
v 46.70700000 12.32910000 0.00000000
v 46.78710000 12.08790000 0.00000000
v 46.86720000 12.00780000 0.00000000
v 23.33300000 16.34570000 0.00000000
v 23.97560000 16.42580000 0.00000000
v 23.89550000 16.34570000 0.00000000
v 46.78710000 12.24900000 0.00000000
v 45.50200000 15.30080000 0.00000000
v 45.58200000 15.14060000 0.00000000
v 46.62700000 12.57030000 0.00000000
v 46.70700000 12.49020000 0.00000000
v 34.89940000 11.60640000 0.00000000
v 35.06050000 11.44530000 0.00000000
v 46.62700000 12.73050000 0.00000000
v 46.38570000 13.29300000 0.00000000
v 46.54590000 12.97170000 0.00000000
v 46.46580000 13.21290000 0.00000000
v 44.13670000 17.46970000 0.00000000
v 43.97560000 17.71090000 0.00000000
v 46.38570000 13.37300000 0.00000000
v 34.57810000 12.16890000 0.00000000
v 34.57810000 12.08790000 0.00000000
v 46.22460000 13.69430000 0.00000000
v 46.30570000 13.61430000 0.00000000
v 46.14450000 13.93550000 0.00000000
v 46.22460000 13.85550000 0.00000000
v 45.90330000 14.49800000 0.00000000
v 46.14450000 14.01560000 0.00000000
v 45.98440000 14.33690000 0.00000000
v 46.06450000 14.25680000 0.00000000
v 43.41410000 18.43360000 0.00000000
v 45.98440000 14.41800000 0.00000000
v 45.66310000 14.97950000 0.00000000
v 45.90330000 14.57810000 0.00000000
v 36.02440000 24.69920000 0.00000000
v 36.18460000 24.61820000 0.00000000
v 45.82320000 14.73930000 0.00000000
v 45.74320000 14.89940000 0.00000000
v 32.24900000 14.41800000 0.00000000
v 45.66310000 15.06050000 0.00000000
v 45.58200000 15.22070000 0.00000000
v 45.26070000 15.70310000 0.00000000
v 45.50200000 15.38180000 0.00000000
v 45.34180000 15.62210000 0.00000000
v 20.04000000 26.14450000 0.00000000
v 20.44140000 26.30570000 0.00000000
v 45.26070000 15.78320000 0.00000000
v 44.85940000 16.34570000 0.00000000
v 45.02050000 16.10450000 0.00000000
v 45.10060000 16.02440000 0.00000000
v 30.56250000 15.54200000 0.00000000
v 35.86330000 24.77930000 0.00000000
v 45.02050000 16.18460000 0.00000000
v 35.30080000 25.02050000 0.00000000
v 44.45800000 16.98830000 0.00000000
v 44.61820000 16.74710000 0.00000000
v 44.85940000 16.42580000 0.00000000
v 40.76270000 21.32520000 0.00000000
v 44.69920000 16.66700000 0.00000000
v 44.37790000 17.14840000 0.00000000
v 44.61820000 16.82710000 0.00000000
v 19.79880000 26.06450000 0.00000000
v 22.61040000 16.18460000 0.00000000
v 19.55860000 25.98440000 0.00000000
v 44.45800000 17.06840000 0.00000000
v 22.04790000 16.02440000 0.00000000
v 21.80760000 15.94340000 0.00000000
v 18.59470000 25.58200000 0.00000000
v 44.37790000 17.22850000 0.00000000
v 44.13670000 17.54980000 0.00000000
v 43.97560000 17.79100000 0.00000000
v 43.73540000 18.03220000 0.00000000
v 21.40530000 15.78320000 0.00000000
v 21.24510000 15.70310000 0.00000000
v 16.74710000 24.77930000 0.00000000
v 43.73540000 18.11230000 0.00000000
v 24.05660000 -5.10059000 0.00000000
v 43.41410000 18.51370000 0.00000000
v 43.09280000 18.83500000 0.00000000
v 43.09280000 18.91600000 0.00000000
v 42.61040000 19.39750000 0.00000000
v 40.84380000 21.32520000 0.00000000
v 42.61040000 19.47750000 0.00000000
v 41.48630000 20.68260000 0.00000000
v 39.63870000 22.36910000 0.00000000
v 39.71880000 22.36910000 0.00000000
v 39.23730000 22.77150000 0.00000000
v 33.93550000 25.58200000 0.00000000
v 29.83980000 15.94340000 0.00000000
v 29.67870000 16.02440000 0.00000000
v 38.75490000 23.09280000 0.00000000
v 30.00000000 15.86330000 0.00000000
v 38.03220000 23.57420000 0.00000000
v 38.83500000 23.09280000 0.00000000
v 21.64650000 26.62700000 0.00000000
v 38.59470000 23.25290000 0.00000000
v 38.35350000 23.41410000 0.00000000
v 29.51860000 16.02440000 0.00000000
v 29.43750000 16.10450000 0.00000000
v 38.11230000 23.57420000 0.00000000
v 37.22850000 24.05660000 0.00000000
v 37.63090000 23.81540000 0.00000000
v 37.06840000 24.13670000 0.00000000
v 37.95210000 23.65430000 0.00000000
v 37.38960000 23.97560000 0.00000000
v 37.71090000 23.81540000 0.00000000
v 33.53420000 25.74320000 0.00000000
v 37.46970000 23.97560000 0.00000000
v 29.19730000 16.18460000 0.00000000
v 32.08790000 26.30570000 0.00000000
v 32.32910000 26.22460000 0.00000000
v 37.30960000 24.05660000 0.00000000
v 37.14840000 24.13670000 0.00000000
v 21.08400000 15.62210000 0.00000000
v 36.90720000 24.21680000 0.00000000
v 36.98830000 24.21680000 0.00000000
v 36.34570000 24.53810000 0.00000000
v 36.50590000 24.45800000 0.00000000
v 36.82710000 24.29690000 0.00000000
v 36.58590000 24.45800000 0.00000000
v 33.13280000 25.90330000 0.00000000
v 36.42580000 24.53810000 0.00000000
v 36.26460000 24.61820000 0.00000000
v 35.70310000 24.85940000 0.00000000
v 36.10450000 24.69920000 0.00000000
v 27.59080000 16.42580000 0.00000000
v 28.39360000 16.34570000 0.00000000
v 27.67090000 16.34570000 0.00000000
v 35.94340000 24.77930000 0.00000000
v 35.54200000 24.93950000 0.00000000
v 35.78320000 24.85940000 0.00000000
v 35.62210000 24.93950000 0.00000000
v 34.73930000 25.26070000 0.00000000
v 35.14060000 25.10060000 0.00000000
v 35.46190000 25.02050000 0.00000000
v 34.97950000 25.18070000 0.00000000
v 35.22070000 25.10060000 0.00000000
v 14.89940000 23.73540000 0.00000000
v 15.14060000 23.89550000 0.00000000
v 20.28120000 15.22070000 0.00000000
v 35.06050000 25.18070000 0.00000000
v 34.57810000 25.34180000 0.00000000
v 34.65820000 25.34180000 0.00000000
v 34.17680000 25.50200000 0.00000000
v 34.89940000 25.26070000 0.00000000
v 34.33690000 25.50200000 0.00000000
v 34.41800000 25.42190000 0.00000000
v 34.49800000 25.42190000 0.00000000
v 33.77540000 25.66310000 0.00000000
v 16.42580000 24.61820000 0.00000000
v 20.92380000 15.54200000 0.00000000
v 16.26460000 24.53810000 0.00000000
v 34.09670000 25.58200000 0.00000000
v 14.17680000 23.25290000 0.00000000
v 14.41800000 23.41410000 0.00000000
v 19.87990000 14.97950000 0.00000000
v 33.85550000 25.66310000 0.00000000
v 33.37300000 25.82320000 0.00000000
v 33.69430000 25.74320000 0.00000000
v 33.45410000 25.82320000 0.00000000
v 32.57030000 26.14450000 0.00000000
v 33.29300000 25.90330000 0.00000000
v 32.97170000 25.98440000 0.00000000
v 33.05180000 25.98440000 0.00000000
v 32.81150000 26.06450000 0.00000000
v 32.89160000 26.06450000 0.00000000
v 32.49020000 26.22460000 0.00000000
v 21.72660000 15.86330000 0.00000000
v 21.64650000 15.86330000 0.00000000
v 32.73050000 26.14450000 0.00000000
v 31.52640000 26.46580000 0.00000000
v 31.84770000 26.38570000 0.00000000
v 32.24900000 26.30570000 0.00000000
v 21.16500000 15.62210000 0.00000000
v 32.00780000 26.38570000 0.00000000
v 22.93160000 16.26460000 0.00000000
v 22.85160000 16.18460000 0.00000000
v 31.76660000 26.46580000 0.00000000
v 20.60250000 15.38180000 0.00000000
v 20.52250000 15.30080000 0.00000000
v 20.44140000 15.30080000 0.00000000
v 31.20510000 26.54590000 0.00000000
v 31.44530000 26.54590000 0.00000000
v 16.10450000 24.45800000 0.00000000
v 20.76270000 15.46190000 0.00000000
v 30.80270000 26.62700000 0.00000000
v 31.12400000 26.62700000 0.00000000
v 14.65820000 23.57420000 0.00000000
v 30.32130000 26.70700000 0.00000000
v 30.72270000 26.70700000 0.00000000
v 18.59470000 14.09670000 0.00000000
v 18.91600000 14.33690000 0.00000000
v 18.67480000 14.09670000 0.00000000
v 13.93550000 23.09280000 0.00000000
v 19.63870000 14.81930000 0.00000000
v 29.67870000 26.78710000 0.00000000
v 30.24120000 26.78710000 0.00000000
v 28.63480000 26.94820000 0.00000000
v 28.71480000 26.86720000 0.00000000
v 23.73540000 26.86720000 0.00000000
v 29.59860000 26.86720000 0.00000000
v 13.61430000 22.85160000 0.00000000
v 23.81540000 26.94820000 0.00000000
v 22.85160000 26.86720000 0.00000000
v 22.77150000 26.78710000 0.00000000
v 20.36130000 15.22070000 0.00000000
v 22.20900000 26.78710000 0.00000000
v 22.12890000 26.70700000 0.00000000
v 17.79100000 25.26070000 0.00000000
v 18.19240000 25.42190000 0.00000000
v 21.72660000 26.70700000 0.00000000
v 15.54200000 24.13670000 0.00000000
v 21.32520000 26.62700000 0.00000000
v 20.20120000 26.22460000 0.00000000
v 21.00390000 26.54590000 0.00000000
v 19.15620000 14.49800000 0.00000000
v 18.99610000 14.33690000 0.00000000
v 20.76270000 26.46580000 0.00000000
v 20.52250000 26.38570000 0.00000000
v 19.39750000 14.65820000 0.00000000
v 20.28120000 26.30570000 0.00000000
v 13.21290000 22.53030000 0.00000000
v 20.12010000 26.22460000 0.00000000
v 20.04000000 15.06050000 0.00000000
v 20.12010000 15.06050000 0.00000000
v 19.87990000 26.14450000 0.00000000
v 19.15620000 25.82320000 0.00000000
v 19.31740000 25.90330000 0.00000000
v 19.63870000 26.06450000 0.00000000
v 19.39750000 25.98440000 0.00000000
v 18.75490000 25.66310000 0.00000000
v 19.23730000 25.90330000 0.00000000
v 18.91600000 25.74320000 0.00000000
v 18.99610000 25.82320000 0.00000000
v 18.27340000 13.85550000 0.00000000
v 17.95210000 13.53420000 0.00000000
v 17.87110000 13.53420000 0.00000000
v 18.83500000 25.74320000 0.00000000
v 18.67480000 25.66310000 0.00000000
v 18.35350000 25.50200000 0.00000000
v 18.43360000 25.58200000 0.00000000
v 17.54980000 13.21290000 0.00000000
v 17.46970000 13.21290000 0.00000000
v 18.27340000 25.50200000 0.00000000
v 17.95210000 25.34180000 0.00000000
v 18.03220000 25.42190000 0.00000000
v 12.08790000 21.56640000 0.00000000
v 12.73050000 22.12890000 0.00000000
v 17.87110000 25.34180000 0.00000000
v 17.38960000 25.10060000 0.00000000
v 17.54980000 25.18070000 0.00000000
v 17.63090000 25.26070000 0.00000000
v 17.22850000 25.02050000 0.00000000
v 17.46970000 25.18070000 0.00000000
v 17.30960000 25.10060000 0.00000000
v 17.14840000 25.02050000 0.00000000
v 17.06840000 24.93950000 0.00000000
v 16.98830000 24.93950000 0.00000000
v 16.90720000 24.85940000 0.00000000
v 10.64260000 20.28120000 0.00000000
v 16.98830000 12.81150000 0.00000000
v 16.82710000 24.85940000 0.00000000
v 11.52640000 21.08400000 0.00000000
v 16.58590000 24.77930000 0.00000000
v 16.34570000 24.61820000 0.00000000
v 16.18460000 24.53810000 0.00000000
v 15.94340000 24.37790000 0.00000000
v 16.02440000 24.45800000 0.00000000
v 15.78320000 24.29690000 0.00000000
v 15.86330000 24.37790000 0.00000000
v 16.42580000 12.24900000 0.00000000
v 16.34570000 12.24900000 0.00000000
v 15.70310000 24.29690000 0.00000000
v 15.38180000 24.05660000 0.00000000
v 15.46190000 24.13670000 0.00000000
v 15.30080000 24.05660000 0.00000000
v 15.06050000 23.89550000 0.00000000
v 15.14060000 11.20510000 0.00000000
v 9.51855000 19.23730000 0.00000000
v 15.70310000 11.68650000 0.00000000
v 14.81930000 23.73540000 0.00000000
v 15.22070000 11.20510000 0.00000000
v 14.57810000 23.57420000 0.00000000
v 17.06840000 12.81150000 0.00000000
v 14.33690000 23.41410000 0.00000000
v 14.09670000 23.25290000 0.00000000
v 13.85550000 23.09280000 0.00000000
v 14.65820000 10.72270000 0.00000000
v 14.57810000 10.72270000 0.00000000
v 13.53420000 22.85160000 0.00000000
v 7.67090000 17.46970000 0.00000000
v 13.13280000 22.53030000 0.00000000
v 12.65040000 22.12890000 0.00000000
v 14.49800000 10.64260000 0.00000000
v 23.65430000 -5.02051000 0.00000000
v 12.00780000 21.56640000 0.00000000
v 4.29688000 14.17680000 0.00000000
v 11.44530000 21.08400000 0.00000000
v 10.56250000 20.28120000 0.00000000
v 32.32910000 -3.01172000 0.00000000
v 9.43750000 19.23730000 0.00000000
v 7.59082000 17.46970000 0.00000000
v 21.88770000 -4.53809000 0.00000000
v 3.33301000 13.29300000 0.00000000
v 4.21680000 14.17680000 0.00000000
v 14.41800000 -27.50980000 0.00000000
v 18.27340000 -2.45020000 0.00000000
v 18.51370000 -2.69043000 0.00000000
v 18.19240000 -2.45020000 0.00000000
v 23.09280000 -4.85938000 0.00000000
v 22.53030000 -4.69922000 0.00000000
v 22.77150000 -4.77930000 0.00000000
v 22.28910000 -4.61816000 0.00000000
v 22.04790000 -4.53809000 0.00000000
v 21.48630000 -4.37793000 0.00000000
v 21.72660000 -4.45801000 0.00000000
v 21.32520000 -4.29688000 0.00000000
v 21.16500000 -4.21680000 0.00000000
v 20.76270000 -4.05664000 0.00000000
v 21.80760000 -4.45801000 0.00000000
v 21.40530000 -4.29688000 0.00000000
v 21.64650000 -4.37793000 0.00000000
v 21.24510000 -4.21680000 0.00000000
v 21.08400000 -4.13672000 0.00000000
v 21.00390000 -4.13672000 0.00000000
v 20.92380000 -4.05664000 0.00000000
v 20.60250000 -3.97559000 0.00000000
v 20.44140000 -3.89551000 0.00000000
v 20.52250000 -3.89551000 0.00000000
v 20.68260000 -3.97559000 0.00000000
v 20.20120000 -3.73535000 0.00000000
v 20.28120000 -3.73535000 0.00000000
v 20.04000000 -3.65430000 0.00000000
v 14.49800000 0.52246100 0.00000000
v 19.87990000 -3.57422000 0.00000000
v 20.12010000 -3.65430000 0.00000000
v 19.71880000 -3.49414000 0.00000000
v 19.96000000 -3.57422000 0.00000000
v 19.79880000 -3.49414000 0.00000000
v 19.47750000 -3.33301000 0.00000000
v 19.55860000 -3.33301000 0.00000000
v 19.23730000 -3.17285000 0.00000000
v 19.31740000 -3.17285000 0.00000000
v 19.07620000 -3.01172000 0.00000000
v 18.99610000 -3.01172000 0.00000000
v 18.83500000 -2.85156000 0.00000000
v 18.75490000 -2.85156000 0.00000000
v 18.59470000 -2.69043000 0.00000000
v 17.87110000 -2.20898000 0.00000000
v 17.95210000 -2.20898000 0.00000000
v 17.54980000 -1.96777000 0.00000000
v 17.63090000 -1.96777000 0.00000000
v 14.81930000 -10.48140000 0.00000000
v 17.38960000 -1.80762000 0.00000000
v 17.30960000 -1.80762000 0.00000000
v 16.98830000 -1.48633000 0.00000000
v 16.90720000 -1.48633000 0.00000000
v 16.50590000 -1.08398000 0.00000000
v 16.42580000 -1.08398000 0.00000000
v 16.02440000 -0.68261700 0.00000000
v 15.94340000 -0.68261700 0.00000000
v 15.62210000 -0.36132800 0.00000000
v 15.54200000 -0.36132800 0.00000000
v 15.14060000 0.04003910 0.00000000
v 15.06050000 0.04003910 0.00000000
v 14.73930000 0.36132800 0.00000000
v 14.65820000 0.36132800 0.00000000
v 15.78320000 11.68650000 0.00000000
v 18.35350000 13.85550000 0.00000000
v 21.32520000 15.70310000 0.00000000
v 19.23730000 14.49800000 0.00000000
v 19.47750000 14.65820000 0.00000000
v 22.28910000 16.10450000 0.00000000
v 22.20900000 16.02440000 0.00000000
v 19.71880000 14.81930000 0.00000000
v 19.96000000 14.97950000 0.00000000
v 23.25290000 16.26460000 0.00000000
v 20.68260000 15.38180000 0.00000000
v 20.84380000 15.46190000 0.00000000
v 28.87600000 16.26460000 0.00000000
v 21.00390000 15.54200000 0.00000000
v 21.56640000 15.78320000 0.00000000
v 28.47360000 16.26460000 0.00000000
v 21.96780000 15.94340000 0.00000000
v 28.95610000 16.18460000 0.00000000
v 29.27730000 16.10450000 0.00000000
v 22.53030000 16.10450000 0.00000000
v 30.16020000 15.78320000 0.00000000
v 29.75880000 15.94340000 0.00000000
v 30.40140000 15.62210000 0.00000000
v 29.91990000 15.86330000 0.00000000
v 30.08010000 15.78320000 0.00000000
v 30.32130000 15.62210000 0.00000000
v 30.80270000 15.38180000 0.00000000
v 33.29300000 13.53420000 0.00000000
v 30.48140000 15.54200000 0.00000000
v 30.72270000 15.38180000 0.00000000
v 30.88380000 15.30080000 0.00000000
v 31.60640000 14.89940000 0.00000000
v 31.12400000 15.14060000 0.00000000
v 34.25680000 12.49020000 0.00000000
v 31.52640000 14.89940000 0.00000000
v 31.68650000 14.81930000 0.00000000
v 35.06050000 11.36520000 0.00000000
v 35.30080000 10.96390000 0.00000000
v 35.38180000 10.80270000 0.00000000
v 36.10450000 9.03613000 0.00000000
v 36.10450000 8.79492000 0.00000000
v 36.26460000 8.39355000 0.00000000
v 36.18460000 8.47363000 0.00000000
v 35.78320000 9.91992000 0.00000000
v 36.42580000 7.59082000 0.00000000
v 36.34570000 7.99219000 0.00000000
v 35.86330000 9.67871000 0.00000000
v 35.94340000 9.43750000 0.00000000
v 36.42580000 6.94824000 0.00000000
v 36.50590000 6.86719000 0.00000000
v 36.02440000 9.11621000 0.00000000
v 36.26460000 8.07227000 0.00000000
v 36.34570000 7.67090000 0.00000000
v 36.18460000 2.53027000 0.00000000
v 36.10450000 2.28906000 0.00000000
v 35.86330000 1.64648000 0.00000000
v 35.78320000 1.48633000 0.00000000
v 35.70310000 1.24512000 0.00000000
v 35.62210000 1.08398000 0.00000000
v 35.54200000 0.92382800 0.00000000
v 35.46190000 0.76269500 0.00000000
v 35.38180000 0.60253900 0.00000000
v 35.22070000 0.36132800 0.00000000
v 35.06050000 0.12011700 0.00000000
v 34.97950000 -0.04003910 0.00000000
v 34.65820000 -0.60253900 0.00000000
v 34.81930000 -0.28125000 0.00000000
v 34.65820000 -0.52246100 0.00000000
v 34.41800000 -0.84375000 0.00000000
v 34.09670000 -1.24512000 0.00000000
v 33.69430000 -1.72656000 0.00000000
v 33.05180000 -2.45020000 0.00000000
v 32.97170000 -2.45020000 0.00000000
v 27.34960000 -5.26074000 0.00000000
v 26.62700000 -5.26074000 0.00000000
v 31.68650000 -3.49414000 0.00000000
v 31.20510000 -3.81543000 0.00000000
v 31.44530000 -3.65430000 0.00000000
v 30.24120000 -4.37793000 0.00000000
v 30.88380000 -3.97559000 0.00000000
v 30.64260000 -4.13672000 0.00000000
v 29.83980000 -4.53809000 0.00000000
v 30.48140000 -4.21680000 0.00000000
v 30.32130000 -4.29688000 0.00000000
v 30.16020000 -4.37793000 0.00000000
v 29.91990000 -4.45801000 0.00000000
v 29.51860000 -4.61816000 0.00000000
v 29.75880000 -4.53809000 0.00000000
v 28.47360000 -5.02051000 0.00000000
v 29.11620000 -4.77930000 0.00000000
v 28.15230000 -5.10059000 0.00000000
v 28.55470000 -4.93945000 0.00000000
v 28.23340000 -5.02051000 0.00000000
v 27.83110000 -5.10059000 0.00000000
v 27.42970000 -5.18066000 0.00000000
v 27.75100000 -30.88380000 0.00000000
v 27.99220000 -30.96390000 0.00000000
v 27.83110000 -30.96390000 0.00000000
v 39.55860000 -41.48630000 0.00000000
v 37.22850000 -40.76270000 0.00000000
v 37.38960000 -40.68260000 0.00000000
v 39.96000000 -39.87990000 0.00000000
v 40.04000000 -39.87990000 0.00000000
v 38.51370000 -39.87990000 0.00000000
v 33.29300000 -33.45410000 0.00000000
v 34.41800000 -34.97950000 0.00000000
v 32.81150000 -33.85550000 0.00000000
v 38.75490000 -39.63870000 0.00000000
v 38.91600000 -39.63870000 0.00000000
v 38.11230000 -32.81150000 0.00000000
v 38.27340000 -32.81150000 0.00000000
v 39.87990000 -39.79880000 0.00000000
v 39.79880000 -39.79880000 0.00000000
v 38.99610000 -33.21290000 0.00000000
v 35.46190000 -32.57030000 0.00000000
v 39.71880000 -39.71880000 0.00000000
v 28.63480000 -28.87600000 0.00000000
v 40.44140000 -40.28120000 0.00000000
v 37.06840000 -32.49020000 0.00000000
v 26.86720000 -29.75880000 0.00000000
v 28.55470000 -28.79490000 0.00000000
v 28.39360000 -28.71480000 0.00000000
v 27.83110000 -28.63480000 0.00000000
v 28.15230000 -28.63480000 0.00000000
v 26.78710000 -29.27730000 0.00000000
v 27.50980000 -28.63480000 0.00000000
v 27.59080000 -28.55470000 0.00000000
v 27.75100000 -28.55470000 0.00000000
v 27.18850000 -28.63480000 0.00000000
v 26.94820000 -28.87600000 0.00000000
v 17.06840000 -37.38960000 0.00000000
v 17.14840000 -36.26460000 0.00000000
v 17.14840000 -37.30960000 0.00000000
v 26.78710000 -29.67870000 0.00000000
v 26.86720000 -30.00000000 0.00000000
v 18.11230000 -34.89940000 0.00000000
v 18.03220000 -34.89940000 0.00000000
v 18.19240000 -34.81930000 0.00000000
v 15.22070000 -33.13280000 0.00000000
v 15.30080000 -33.05180000 0.00000000
v 15.22070000 -33.21290000 0.00000000
v 27.02830000 -30.32130000 0.00000000
v 26.94820000 -30.24120000 0.00000000
v 18.51370000 -34.65820000 0.00000000
v 18.43360000 -34.73930000 0.00000000
v 18.35350000 -34.73930000 0.00000000
v 27.10840000 -30.48140000 0.00000000
v 27.02830000 -30.40140000 0.00000000
v 27.34960000 -30.80270000 0.00000000
v 27.10840000 -30.56250000 0.00000000
v 19.63870000 -32.49020000 0.00000000
v 20.68260000 -32.49020000 0.00000000
v 19.55860000 -32.57030000 0.00000000
v 15.06050000 -40.76270000 0.00000000
v 14.97950000 -40.68260000 0.00000000
v 33.29300000 -41.72660000 0.00000000
v 33.53420000 -41.88770000 0.00000000
v 33.45410000 -41.88770000 0.00000000
v 27.42970000 -30.80270000 0.00000000
v -10.00000000 -29.91990000 0.00000000
v -10.64260000 -30.48140000 0.00000000
v 27.50980000 -30.88380000 0.00000000
v 35.46190000 -40.84380000 0.00000000
v 35.70310000 -40.84380000 0.00000000
v 35.78320000 -40.92380000 0.00000000
v 31.20510000 -37.54980000 0.00000000
v 31.12400000 -37.46970000 0.00000000
v 31.12400000 -37.38960000 0.00000000
v -6.46582000 -42.36910000 0.00000000
v -6.78711000 -42.53030000 0.00000000
v 2.69043000 -36.42580000 0.00000000
v 2.77148000 -36.02440000 0.00000000
v 4.61816000 -36.66700000 0.00000000
v -10.48140000 -40.60250000 0.00000000
v -10.40140000 -40.92380000 0.00000000
v -10.48140000 -40.84380000 0.00000000
v -39.07620000 -32.00780000 0.00000000
v -41.40530000 -42.53030000 0.00000000
v -38.99610000 -38.75490000 0.00000000
v -38.99610000 -32.08790000 0.00000000
v -38.91600000 -38.83500000 0.00000000
v -36.90720000 -42.53030000 0.00000000
v -36.98830000 -42.61040000 0.00000000
v -37.54980000 -42.53030000 0.00000000
v -38.43360000 -42.45020000 0.00000000
v -38.91600000 -42.45020000 0.00000000
v -37.46970000 -42.61040000 0.00000000
v -38.35350000 -42.53030000 0.00000000
v -50.00000000 -42.61040000 0.00000000
v -47.83110000 -40.68260000 0.00000000
v -47.83110000 -36.58590000 0.00000000
v -47.83110000 -34.57810000 0.00000000
v -50.00000000 -28.95610000 0.00000000
v -47.83110000 -30.80270000 0.00000000
v -41.80760000 -34.65820000 0.00000000
v -43.73540000 -36.34570000 0.00000000
v -41.88770000 -36.34570000 0.00000000
v -41.88770000 -35.78320000 0.00000000
v -43.81540000 -36.42580000 0.00000000
v -41.80760000 -35.70310000 0.00000000
v -49.43750000 -28.95610000 0.00000000
v -49.35740000 -28.87600000 0.00000000
v -46.94820000 -28.79490000 0.00000000
v -45.98440000 -30.64260000 0.00000000
v -41.56640000 -30.56250000 0.00000000
v -41.64650000 -29.19730000 0.00000000
v -41.56640000 -29.27730000 0.00000000
v -43.49410000 -30.56250000 0.00000000
v -43.33300000 -28.79490000 0.00000000
v -41.64650000 -29.03610000 0.00000000
v -41.88770000 -28.79490000 0.00000000
v -41.96780000 -28.71480000 0.00000000
v -43.25290000 -28.71480000 0.00000000
v -43.57420000 -30.64260000 0.00000000
v 7.75098000 -42.69040000 0.00000000
v 7.67090000 -42.77150000 0.00000000
v 7.26953000 -42.77150000 0.00000000
v -6.62695000 -42.53030000 0.00000000
v 33.21290000 -37.22850000 0.00000000
v 31.20510000 -37.30960000 0.00000000
v 31.28520000 -36.58590000 0.00000000
v 33.77540000 -42.04790000 0.00000000
v 33.69430000 -41.96780000 0.00000000
v 33.85550000 -42.04790000 0.00000000
v -6.62695000 -34.09670000 0.00000000
v -6.86719000 -34.33690000 0.00000000
v 8.39355000 -42.61040000 0.00000000
v 8.31348000 -42.69040000 0.00000000
v -10.88380000 -32.00780000 0.00000000
v -10.88380000 -31.68650000 0.00000000
v 17.22850000 -33.69430000 0.00000000
v 17.38960000 -35.54200000 0.00000000
v 15.06050000 -34.09670000 0.00000000
v -7.91211000 -34.57810000 0.00000000
v -8.47363000 -34.89940000 0.00000000
v 5.74316000 -32.89160000 0.00000000
v 5.82324000 -32.81150000 0.00000000
v 5.98438000 -32.81150000 0.00000000
v -8.71484000 -31.20510000 0.00000000
v -8.63477000 -31.28520000 0.00000000
v -8.63477000 -32.32910000 0.00000000
v -6.86719000 -40.76270000 0.00000000
v -2.20898000 -41.48630000 0.00000000
v -2.28906000 -41.56640000 0.00000000
v -2.20898000 -39.55860000 0.00000000
v -8.47363000 -42.36910000 0.00000000
v -8.23340000 -42.45020000 0.00000000
v -8.39355000 -42.45020000 0.00000000
v -7.91211000 -40.68260000 0.00000000
v -7.75098000 -40.68260000 0.00000000
v -9.35742000 -41.96780000 0.00000000
v -9.43750000 -41.96780000 0.00000000
v -9.59863000 -41.80760000 0.00000000
v -8.47363000 -40.04000000 0.00000000
v -8.47363000 -40.12010000 0.00000000
v -8.15234000 -40.52250000 0.00000000
v -8.07227000 -40.52250000 0.00000000
v -10.24120000 -41.16500000 0.00000000
v -8.31348000 -40.28120000 0.00000000
v -8.31348000 -40.36130000 0.00000000
v -8.71484000 -30.80270000 0.00000000
v -10.72270000 -38.75490000 0.00000000
v -8.79492000 -38.99610000 0.00000000
v -9.19727000 -30.00000000 0.00000000
v -8.47363000 -34.97950000 0.00000000
v -10.80270000 -37.06840000 0.00000000
v -8.71484000 -39.07620000 0.00000000
v -20.92380000 -36.10450000 0.00000000
v -20.92380000 -36.18460000 0.00000000
v -21.00390000 -36.26460000 0.00000000
v -8.55469000 -32.49020000 0.00000000
v -10.96390000 -32.24900000 0.00000000
v -6.38574000 -33.21290000 0.00000000
v -1.72656000 -33.69430000 0.00000000
v -0.68261700 -34.89940000 0.00000000
v -1.40527000 -35.62210000 0.00000000
v 49.51860000 -34.33690000 0.00000000
v 49.51860000 -34.41800000 0.00000000
v 49.43750000 -34.25680000 0.00000000
v -6.54590000 -34.01560000 0.00000000
v -6.62695000 -34.17680000 0.00000000
v -7.26953000 -34.49800000 0.00000000
v -6.94824000 -34.41800000 0.00000000
v -6.78711000 -34.33690000 0.00000000
v -1.64648000 -36.18460000 0.00000000
v -1.72656000 -36.26460000 0.00000000
v -1.64648000 -36.10450000 0.00000000
v 9.19727000 -32.81150000 0.00000000
v 8.95605000 -32.73050000 0.00000000
v 9.11621000 -32.73050000 0.00000000
v 4.53809000 -36.98830000 0.00000000
v 2.61035000 -37.30960000 0.00000000
v -19.96000000 -34.97950000 0.00000000
v -20.04000000 -34.97950000 0.00000000
v -7.02832000 -32.73050000 0.00000000
v 0.60253900 -34.49800000 0.00000000
v 0.12011700 -32.65040000 0.00000000
v 1.40527000 -33.05180000 0.00000000
v -2.36914000 -32.89160000 0.00000000
v -2.28906000 -32.97170000 0.00000000
v -2.28906000 -33.05180000 0.00000000
v -21.08400000 -36.50590000 0.00000000
v -21.08400000 -36.66700000 0.00000000
v -21.16500000 -36.74710000 0.00000000
v -8.31348000 -32.65040000 0.00000000
v -10.88380000 -34.57810000 0.00000000
v -8.55469000 -32.40920000 0.00000000
v -9.35742000 -29.91990000 0.00000000
v -8.79492000 -30.40140000 0.00000000
v -9.03613000 -30.08010000 0.00000000
v -10.56250000 -30.08010000 0.00000000
v -9.91992000 -29.83980000 0.00000000
v -9.75879000 -29.83980000 0.00000000
v -16.18460000 -42.20900000 0.00000000
v -16.42580000 -42.28910000 0.00000000
v -16.98830000 -40.76270000 0.00000000
v -10.32130000 -29.91990000 0.00000000
v -21.16500000 -37.22850000 0.00000000
v -21.24510000 -37.30960000 0.00000000
v -23.09280000 -38.59470000 0.00000000
v -23.09280000 -38.83500000 0.00000000
v -10.64260000 -30.24120000 0.00000000
v -10.72270000 -30.56250000 0.00000000
v -17.71090000 -32.57030000 0.00000000
v -17.22850000 -32.57030000 0.00000000
v -17.14840000 -32.65040000 0.00000000
v -10.96390000 -32.08790000 0.00000000
v -11.28520000 -32.57030000 0.00000000
v -11.12400000 -34.33690000 0.00000000
v -11.84770000 -34.25680000 0.00000000
v -11.44530000 -32.65040000 0.00000000
v -12.24900000 -34.17680000 0.00000000
v -12.16890000 -34.25680000 0.00000000
v -11.36520000 -32.57030000 0.00000000
v -12.65040000 -33.93550000 0.00000000
v -12.65040000 -33.69430000 0.00000000
v -11.84770000 -32.73050000 0.00000000
v -11.76660000 -32.65040000 0.00000000
v -12.73050000 -33.37300000 0.00000000
v -12.16890000 -32.73050000 0.00000000
v -12.40920000 -32.81150000 0.00000000
v -12.40920000 -34.17680000 0.00000000
v -12.73050000 -33.61430000 0.00000000
v -19.15620000 -34.41800000 0.00000000
v -19.23730000 -34.49800000 0.00000000
v -16.66700000 -40.60250000 0.00000000
v -15.78320000 -42.04790000 0.00000000
v -15.94340000 -42.12890000 0.00000000
v -10.88380000 -36.98830000 0.00000000
v -15.54200000 -39.71880000 0.00000000
v -15.46190000 -39.63870000 0.00000000
v -15.06050000 -39.63870000 0.00000000
v -11.76660000 -34.33690000 0.00000000
v -14.25680000 -40.92380000 0.00000000
v -14.33690000 -41.00390000 0.00000000
v -14.25680000 -40.84380000 0.00000000
v -10.72270000 -39.47750000 0.00000000
v -10.80270000 -38.67480000 0.00000000
v -16.50590000 -42.36910000 0.00000000
v -16.66700000 -42.36910000 0.00000000
v -10.56250000 -40.52250000 0.00000000
v -20.76270000 -39.15620000 0.00000000
v -22.53030000 -40.04000000 0.00000000
v -20.84380000 -38.99610000 0.00000000
v -10.40140000 -41.00390000 0.00000000
v -16.02440000 -42.20900000 0.00000000
v -9.67871000 -41.80760000 0.00000000
v -10.24120000 -41.24510000 0.00000000
v -15.86330000 -42.12890000 0.00000000
v -16.42580000 -40.44140000 0.00000000
v -15.30080000 -41.80760000 0.00000000
v -15.54200000 -41.96780000 0.00000000
v -9.19727000 -42.04790000 0.00000000
v -9.27734000 -42.04790000 0.00000000
v -9.03613000 -42.12890000 0.00000000
v -15.46190000 -41.96780000 0.00000000
v -8.87598000 -42.20900000 0.00000000
v -9.11621000 -42.12890000 0.00000000
v -8.71484000 -42.28910000 0.00000000
v -8.95605000 -42.20900000 0.00000000
v -8.63477000 -42.36910000 0.00000000
v -8.79492000 -42.28910000 0.00000000
v -6.86719000 -42.61040000 0.00000000
v -8.15234000 -42.53030000 0.00000000
v -7.75098000 -42.61040000 0.00000000
v 46.38570000 -41.08400000 0.00000000
v 46.78710000 -42.69040000 0.00000000
v 45.42190000 -42.69040000 0.00000000
v 47.99220000 -42.36910000 0.00000000
v 47.91210000 -42.36910000 0.00000000
v 48.07230000 -42.28910000 0.00000000
v 46.78710000 -38.75490000 0.00000000
v 47.50980000 -37.14840000 0.00000000
v 47.67090000 -37.22850000 0.00000000
v 49.59860000 -41.00390000 0.00000000
v 47.91210000 -40.20120000 0.00000000
v 49.67870000 -40.84380000 0.00000000
v 47.99220000 -39.87990000 0.00000000
v 47.91210000 -39.63870000 0.00000000
v 44.85940000 -42.53030000 0.00000000
v 45.18070000 -40.92380000 0.00000000
v 45.42190000 -41.00390000 0.00000000
v 48.63480000 -41.96780000 0.00000000
v 48.47360000 -42.12890000 0.00000000
v 46.70700000 -38.75490000 0.00000000
v 44.85940000 -40.76270000 0.00000000
v 45.02050000 -40.84380000 0.00000000
v 44.29690000 -42.36910000 0.00000000
v 47.75100000 -39.47750000 0.00000000
v 47.75100000 -39.39750000 0.00000000
v 49.67870000 -40.92380000 0.00000000
v 43.73540000 -42.20900000 0.00000000
v 43.65430000 -42.12890000 0.00000000
v 43.89550000 -42.20900000 0.00000000
v 47.83110000 -37.30960000 0.00000000
v 49.75880000 -40.68260000 0.00000000
v 49.75880000 -40.76270000 0.00000000
v 49.83980000 -40.44140000 0.00000000
v 49.83980000 -40.60250000 0.00000000
v 49.91990000 -40.36130000 0.00000000
v 43.17290000 -41.80760000 0.00000000
v 44.37790000 -40.52250000 0.00000000
v 43.41410000 -41.96780000 0.00000000
v 46.38570000 -38.59470000 0.00000000
v 46.46580000 -38.67480000 0.00000000
v 50.00000000 -39.15620000 0.00000000
v 43.97560000 -40.20120000 0.00000000
v 46.22460000 -38.51370000 0.00000000
v 46.30570000 -38.59470000 0.00000000
v 43.65430000 -39.96000000 0.00000000
v 42.77150000 -41.48630000 0.00000000
v 44.53810000 -32.81150000 0.00000000
v 44.85940000 -32.73050000 0.00000000
v 39.07620000 -33.21290000 0.00000000
v 39.15620000 -33.29300000 0.00000000
v 46.86720000 -42.61040000 0.00000000
v 45.26070000 -32.65040000 0.00000000
v 40.20120000 -34.97950000 0.00000000
v 39.55860000 -33.53420000 0.00000000
v 46.94820000 -34.25680000 0.00000000
v 39.55860000 -35.54200000 0.00000000
v 39.79880000 -35.30080000 0.00000000
v 37.22850000 -34.41800000 0.00000000
v 36.98830000 -34.41800000 0.00000000
v 34.81930000 -34.73930000 0.00000000
v 34.89940000 -34.65820000 0.00000000
v 33.29300000 -36.82710000 0.00000000
v 31.44530000 -36.02440000 0.00000000
v 33.37300000 -36.58590000 0.00000000
v 39.23730000 -39.55860000 0.00000000
v 38.99610000 -39.55860000 0.00000000
v 21.40530000 -34.81930000 0.00000000
v 22.53030000 -33.13280000 0.00000000
v 22.77150000 -33.29300000 0.00000000
v 35.38180000 -34.49800000 0.00000000
v 35.22070000 -34.49800000 0.00000000
v 33.45410000 -36.34570000 0.00000000
v 33.45410000 -36.50590000 0.00000000
v 38.43360000 -39.87990000 0.00000000
v 33.61430000 -39.15620000 0.00000000
v 33.61430000 -39.23730000 0.00000000
v 33.53420000 -39.07620000 0.00000000
v 37.54980000 -40.60250000 0.00000000
v 37.63090000 -40.52250000 0.00000000
v 31.20510000 -36.66700000 0.00000000
v 37.46970000 -40.60250000 0.00000000
v 37.30960000 -40.68260000 0.00000000
v 36.98830000 -40.84380000 0.00000000
v 37.06840000 -40.76270000 0.00000000
v 36.82710000 -40.84380000 0.00000000
v 36.74710000 -40.92380000 0.00000000
v 37.38960000 -42.61040000 0.00000000
v 34.65820000 -40.44140000 0.00000000
v 35.78320000 -42.53030000 0.00000000
v 35.30080000 -42.53030000 0.00000000
v 35.22070000 -42.45020000 0.00000000
v 35.38180000 -40.76270000 0.00000000
v 35.22070000 -40.76270000 0.00000000
v 32.24900000 -40.76270000 0.00000000
v 32.08790000 -40.60250000 0.00000000
v 32.08790000 -40.52250000 0.00000000
v 35.14060000 -40.68260000 0.00000000
v 35.06050000 -40.68260000 0.00000000
v 31.92770000 -40.36130000 0.00000000
v 31.92770000 -40.28120000 0.00000000
v 34.97950000 -40.60250000 0.00000000
v 34.89940000 -40.60250000 0.00000000
v 33.45410000 -38.91600000 0.00000000
v 31.68650000 -39.79880000 0.00000000
v 31.60640000 -39.55860000 0.00000000
v 34.73930000 -40.44140000 0.00000000
v 31.52640000 -39.39750000 0.00000000
v 31.52640000 -39.47750000 0.00000000
v 34.41800000 -40.20120000 0.00000000
v 34.33690000 -40.20120000 0.00000000
v 33.37300000 -38.75490000 0.00000000
v 31.44530000 -39.07620000 0.00000000
v 33.29300000 -38.43360000 0.00000000
v 31.36520000 -38.75490000 0.00000000
v 33.21290000 -38.11230000 0.00000000
v 33.29300000 -38.19240000 0.00000000
v 33.77540000 -39.55860000 0.00000000
v 34.09670000 -39.87990000 0.00000000
v 34.09670000 -39.96000000 0.00000000
v 31.84770000 -35.06050000 0.00000000
v 33.61430000 -36.02440000 0.00000000
v 31.76660000 -35.22070000 0.00000000
v 33.69430000 -39.39750000 0.00000000
v 33.77540000 -39.47750000 0.00000000
v 33.69430000 -35.86330000 0.00000000
v 33.69430000 -39.31740000 0.00000000
v 31.92770000 -34.81930000 0.00000000
v 32.08790000 -34.65820000 0.00000000
v 31.92770000 -34.89940000 0.00000000
v 31.36520000 -36.18460000 0.00000000
v 33.53420000 -38.99610000 0.00000000
v 33.29300000 -37.14840000 0.00000000
v 31.60640000 -35.54200000 0.00000000
v 31.52640000 -35.78320000 0.00000000
v 33.45410000 -38.83500000 0.00000000
v 31.68650000 -35.38180000 0.00000000
v 33.53420000 -36.18460000 0.00000000
v 33.37300000 -38.51370000 0.00000000
v 33.37300000 -36.74710000 0.00000000
v 32.40920000 -34.25680000 0.00000000
v 32.73050000 -33.85550000 0.00000000
v 33.53420000 -36.26460000 0.00000000
v 33.61430000 -36.10450000 0.00000000
v 33.53420000 -33.29300000 0.00000000
v 33.45410000 -33.29300000 0.00000000
v 33.69430000 -33.13280000 0.00000000
v 33.69430000 -35.94340000 0.00000000
v 34.25680000 -32.89160000 0.00000000
v 34.09670000 -32.97170000 0.00000000
v 34.17680000 -32.89160000 0.00000000
v 33.77540000 -35.78320000 0.00000000
v 35.06050000 -34.57810000 0.00000000
v 34.97950000 -34.65820000 0.00000000
v 35.14060000 -34.57810000 0.00000000
v 34.57810000 -32.73050000 0.00000000
v 34.49800000 -32.81150000 0.00000000
v 37.54980000 -32.65040000 0.00000000
v 37.87110000 -32.73050000 0.00000000
v 34.81930000 -32.65040000 0.00000000
v 38.83500000 -33.05180000 0.00000000
v 34.49800000 -34.97950000 0.00000000
v 39.23730000 -33.29300000 0.00000000
v 40.28120000 -34.97950000 0.00000000
v 40.44140000 -34.49800000 0.00000000
v 40.60250000 -34.65820000 0.00000000
v 39.87990000 -35.30080000 0.00000000
v 37.30960000 -34.49800000 0.00000000
v 40.44140000 -34.41800000 0.00000000
v 44.69920000 -35.94340000 0.00000000
v 44.85940000 -36.10450000 0.00000000
v 43.65430000 -37.46970000 0.00000000
v 37.71090000 -34.65820000 0.00000000
v 37.95210000 -34.81930000 0.00000000
v 39.31740000 -35.62210000 0.00000000
v 38.27340000 -35.06050000 0.00000000
v 39.39750000 -35.62210000 0.00000000
v 38.75490000 -35.46190000 0.00000000
v 46.78710000 -32.57030000 0.00000000
v 46.06450000 -34.09670000 0.00000000
v 45.34180000 -32.57030000 0.00000000
v 49.11620000 -37.95210000 0.00000000
v 49.03610000 -37.95210000 0.00000000
v 48.15230000 -42.28910000 0.00000000
v 47.83110000 -42.45020000 0.00000000
v 47.26950000 -42.61040000 0.00000000
v 45.90330000 -38.43360000 0.00000000
v 45.82320000 -38.35350000 0.00000000
v 45.98440000 -38.43360000 0.00000000
v 48.71480000 -41.96780000 0.00000000
v 48.95610000 -41.72660000 0.00000000
v 49.35740000 -41.32520000 0.00000000
v 49.35740000 -41.40530000 0.00000000
v 49.59860000 -41.08400000 0.00000000
v 48.79490000 -37.79100000 0.00000000
v 47.67090000 -39.31740000 0.00000000
v 48.63480000 -37.71090000 0.00000000
v 45.10060000 -36.26460000 0.00000000
v 44.13670000 -37.71090000 0.00000000
v 45.34180000 -40.92380000 0.00000000
v 49.03610000 -41.72660000 0.00000000
v 48.47360000 -37.63090000 0.00000000
v 48.55470000 -37.63090000 0.00000000
v 42.85160000 -34.01560000 0.00000000
v 43.01170000 -33.77540000 0.00000000
v 38.03220000 -32.73050000 0.00000000
v 45.66310000 -34.17680000 0.00000000
v 37.79100000 -32.65040000 0.00000000
v 38.51370000 -32.89160000 0.00000000
v 37.46970000 -32.57030000 0.00000000
v 47.50980000 -32.81150000 0.00000000
v 35.54200000 -32.49020000 0.00000000
v 35.14060000 -32.57030000 0.00000000
v 34.33690000 -32.81150000 0.00000000
v 34.01560000 -32.97170000 0.00000000
v 33.85550000 -33.05180000 0.00000000
v 33.21290000 -33.45410000 0.00000000
v 32.40920000 -34.17680000 0.00000000
v 32.08790000 -34.57810000 0.00000000
v 31.84770000 -34.97950000 0.00000000
v 21.80760000 -35.22070000 0.00000000
v 21.88770000 -35.38180000 0.00000000
v 21.80760000 -35.30080000 0.00000000
v 31.76660000 -35.14060000 0.00000000
v 31.68650000 -35.30080000 0.00000000
v 31.60640000 -35.46190000 0.00000000
v 31.52640000 -35.62210000 0.00000000
v 31.44530000 -35.86330000 0.00000000
v 31.36520000 -36.10450000 0.00000000
v 31.28520000 -36.26460000 0.00000000
v 31.28520000 -38.43360000 0.00000000
v 31.20510000 -38.35350000 0.00000000
v 21.88770000 -35.54200000 0.00000000
v 21.96780000 -35.62210000 0.00000000
v 31.28520000 -38.67480000 0.00000000
v 26.78710000 -32.81150000 0.00000000
v 26.86720000 -32.73050000 0.00000000
v 28.87600000 -32.73050000 0.00000000
v 31.36520000 -38.99610000 0.00000000
v 31.44530000 -39.31740000 0.00000000
v 31.60640000 -39.71880000 0.00000000
v 23.97560000 -36.18460000 0.00000000
v 22.04790000 -36.02440000 0.00000000
v 23.89550000 -35.54200000 0.00000000
v 31.76660000 -39.96000000 0.00000000
v 31.84770000 -40.12010000 0.00000000
v 24.05660000 -37.38960000 0.00000000
v 22.12890000 -36.58590000 0.00000000
v 31.68650000 -39.87990000 0.00000000
v 24.05660000 -36.26460000 0.00000000
v 31.76660000 -40.04000000 0.00000000
v 31.84770000 -40.20120000 0.00000000
v 22.28910000 -38.99610000 0.00000000
v 24.13670000 -37.46970000 0.00000000
v 24.13670000 -42.61040000 0.00000000
v 26.94820000 -39.79880000 0.00000000
v 28.31350000 -42.53030000 0.00000000
v 27.42970000 -42.45020000 0.00000000
v 32.89160000 -41.48630000 0.00000000
v 32.24900000 -40.84380000 0.00000000
v 32.97170000 -41.48630000 0.00000000
v 27.50980000 -42.53030000 0.00000000
v 22.28910000 -41.24510000 0.00000000
v 22.36910000 -41.32520000 0.00000000
v 33.21290000 -41.72660000 0.00000000
v 22.45020000 -42.61040000 0.00000000
v 33.61430000 -41.96780000 0.00000000
v 33.93550000 -42.12890000 0.00000000
v 34.01560000 -42.12890000 0.00000000
v 34.25680000 -42.20900000 0.00000000
v 34.49800000 -42.28910000 0.00000000
v 34.33690000 -42.28910000 0.00000000
v 34.09670000 -42.20900000 0.00000000
v 34.81930000 -42.36910000 0.00000000
v 34.89940000 -42.45020000 0.00000000
v 34.57810000 -42.36910000 0.00000000
v 35.86330000 -42.61040000 0.00000000
v 21.16500000 -34.65820000 0.00000000
v 21.32520000 -34.81930000 0.00000000
v 20.76270000 -34.49800000 0.00000000
v 20.52250000 -34.41800000 0.00000000
v 21.24510000 -32.65040000 0.00000000
v 19.23730000 -34.41800000 0.00000000
v 19.15620000 -34.49800000 0.00000000
v 18.91600000 -34.49800000 0.00000000
v 15.14060000 -33.53420000 0.00000000
v 15.78320000 -32.81150000 0.00000000
v 16.42580000 -32.81150000 0.00000000
v 17.22850000 -35.86330000 0.00000000
v 17.22850000 -36.18460000 0.00000000
v 15.06050000 -33.61430000 0.00000000
v 17.30960000 -35.70310000 0.00000000
v 17.30960000 -35.78320000 0.00000000
v 17.30960000 -33.61430000 0.00000000
v 17.38960000 -33.61430000 0.00000000
v 17.38960000 -35.62210000 0.00000000
v 18.19240000 -32.97170000 0.00000000
v 18.35350000 -32.89160000 0.00000000
v 18.59470000 -32.81150000 0.00000000
v 18.83500000 -32.73050000 0.00000000
v 18.27340000 -34.81930000 0.00000000
v 19.07620000 -32.65040000 0.00000000
v 23.41410000 -34.01560000 0.00000000
v 23.49410000 -34.09670000 0.00000000
v 23.49410000 -34.17680000 0.00000000
v 18.91600000 -32.65040000 0.00000000
v 23.57420000 -34.33690000 0.00000000
v 18.59470000 -34.65820000 0.00000000
v 18.67480000 -34.57810000 0.00000000
v 20.60250000 -34.49800000 0.00000000
v 18.83500000 -34.57810000 0.00000000
v 23.65430000 -34.49800000 0.00000000
v 23.65430000 -34.41800000 0.00000000
v 20.76270000 -32.57030000 0.00000000
v 21.00390000 -34.57810000 0.00000000
v 20.84380000 -34.57810000 0.00000000
v 22.45020000 -33.05180000 0.00000000
v 22.36910000 -33.05180000 0.00000000
v 21.08400000 -34.65820000 0.00000000
v 23.73540000 -34.73930000 0.00000000
v 23.81540000 -35.06050000 0.00000000
v 23.81540000 -34.81930000 0.00000000
v 21.96780000 -35.94340000 0.00000000
v 22.04790000 -36.50590000 0.00000000
v 22.20900000 -37.46970000 0.00000000
v 22.12890000 -37.38960000 0.00000000
v 22.20900000 -38.91600000 0.00000000
v 22.36910000 -42.53030000 0.00000000
v 23.97560000 -35.62210000 0.00000000
v 23.89550000 -35.14060000 0.00000000
v 23.73540000 -34.57810000 0.00000000
v 23.57420000 -34.25680000 0.00000000
v 23.25290000 -33.77540000 0.00000000
v 23.41410000 -33.93550000 0.00000000
v 23.25290000 -33.69430000 0.00000000
v 22.85160000 -33.29300000 0.00000000
v 22.61040000 -33.13280000 0.00000000
v 22.20900000 -32.97170000 0.00000000
v 22.28910000 -32.97170000 0.00000000
v 22.04790000 -32.89160000 0.00000000
v 22.12890000 -32.89160000 0.00000000
v 21.80760000 -32.81150000 0.00000000
v 21.96780000 -32.81150000 0.00000000
v 21.56640000 -32.73050000 0.00000000
v 21.72660000 -32.73050000 0.00000000
v 21.48630000 -32.65040000 0.00000000
v 21.16500000 -32.57030000 0.00000000
v 16.90720000 -32.89160000 0.00000000
v 16.98830000 -33.05180000 0.00000000
v 16.82710000 -32.89160000 0.00000000
v 19.15620000 -32.57030000 0.00000000
v 18.67480000 -32.73050000 0.00000000
v 18.43360000 -32.81150000 0.00000000
v 18.27340000 -32.89160000 0.00000000
v 17.87110000 -33.21290000 0.00000000
v 18.11230000 -32.97170000 0.00000000
v 17.79100000 -33.21290000 0.00000000
v 15.46190000 -32.89160000 0.00000000
v 15.54200000 -32.81150000 0.00000000
v 17.06840000 -33.53420000 0.00000000
v 17.06840000 -33.13280000 0.00000000
v 16.98830000 -32.97170000 0.00000000
v 16.34570000 -32.73050000 0.00000000
v 16.74710000 -32.81150000 0.00000000
v 15.38180000 -32.89160000 0.00000000
v 15.86330000 -32.73050000 0.00000000
v 15.30080000 -32.97170000 0.00000000
v 15.14060000 -33.29300000 0.00000000
v 14.97950000 -34.17680000 0.00000000
v 12.81150000 -37.30960000 0.00000000
v 12.81150000 -37.87110000 0.00000000
v 12.73050000 -37.22850000 0.00000000
v 5.18066000 -35.54200000 0.00000000
v 3.73535000 -34.25680000 0.00000000
v 4.13672000 -33.85550000 0.00000000
v 3.01172000 -35.30080000 0.00000000
v 3.01172000 -35.22070000 0.00000000
v 3.09277000 -35.14060000 0.00000000
v 17.06840000 -42.53030000 0.00000000
v 16.42580000 -42.53030000 0.00000000
v 15.54200000 -42.45020000 0.00000000
v 3.41406000 -40.36130000 0.00000000
v 3.33301000 -40.28120000 0.00000000
v 3.33301000 -40.20120000 0.00000000
v 15.06050000 -42.45020000 0.00000000
v 16.98830000 -42.61040000 0.00000000
v 15.62210000 -42.53030000 0.00000000
v 16.50590000 -42.61040000 0.00000000
v 12.32910000 -39.55860000 0.00000000
v 10.56250000 -38.67480000 0.00000000
v 12.40920000 -39.39750000 0.00000000
v 8.71484000 -42.61040000 0.00000000
v 8.79492000 -42.53030000 0.00000000
v 8.31348000 -40.84380000 0.00000000
v 9.03613000 -42.45020000 0.00000000
v 9.11621000 -40.52250000 0.00000000
v 10.00000000 -42.04790000 0.00000000
v 9.83984000 -42.12890000 0.00000000
v 8.95605000 -42.53030000 0.00000000
v 12.73050000 -37.95210000 0.00000000
v 10.72270000 -37.95210000 0.00000000
v 9.19727000 -40.44140000 0.00000000
v 9.27734000 -40.44140000 0.00000000
v 9.27734000 -42.36910000 0.00000000
v 9.19727000 -42.45020000 0.00000000
v 9.67871000 -42.20900000 0.00000000
v 9.59863000 -42.28910000 0.00000000
v 9.51855000 -42.28910000 0.00000000
v 9.43750000 -42.36910000 0.00000000
v 9.75879000 -42.20900000 0.00000000
v 10.64260000 -36.66700000 0.00000000
v 10.56250000 -36.34570000 0.00000000
v 12.49020000 -36.02440000 0.00000000
v 9.91992000 -42.12890000 0.00000000
v 10.40140000 -41.80760000 0.00000000
v 9.59863000 -40.20120000 0.00000000
v 10.64260000 -41.64650000 0.00000000
v 10.16020000 -41.96780000 0.00000000
v 10.08010000 -42.04790000 0.00000000
v 10.96390000 -41.40530000 0.00000000
v 10.24120000 -41.96780000 0.00000000
v 9.35742000 -34.89940000 0.00000000
v 9.19727000 -34.73930000 0.00000000
v 9.43750000 -34.89940000 0.00000000
v 10.48140000 -41.80760000 0.00000000
v 10.48140000 -38.91600000 0.00000000
v 12.24900000 -39.71880000 0.00000000
v 12.16890000 -39.87990000 0.00000000
v 10.72270000 -41.64650000 0.00000000
v 11.52640000 -40.92380000 0.00000000
v 11.04390000 -41.40530000 0.00000000
v 11.52640000 -40.84380000 0.00000000
v 10.40140000 -39.07620000 0.00000000
v 10.32130000 -39.23730000 0.00000000
v 10.32130000 -39.15620000 0.00000000
v 10.32130000 -35.86330000 0.00000000
v 10.16020000 -35.62210000 0.00000000
v 11.76660000 -34.65820000 0.00000000
v 11.76660000 -40.52250000 0.00000000
v 11.76660000 -40.60250000 0.00000000
v 11.92770000 -40.36130000 0.00000000
v 11.92770000 -40.28120000 0.00000000
v 12.32910000 -35.62210000 0.00000000
v 12.24900000 -35.46190000 0.00000000
v 12.08790000 -40.12010000 0.00000000
v 12.08790000 -40.04000000 0.00000000
v 10.56250000 -38.43360000 0.00000000
v 10.64260000 -38.35350000 0.00000000
v 12.16890000 -39.96000000 0.00000000
v 10.48140000 -36.26460000 0.00000000
v 10.48140000 -36.18460000 0.00000000
v 12.24900000 -39.79880000 0.00000000
v 10.16020000 -35.70310000 0.00000000
v 12.32910000 -39.63870000 0.00000000
v 10.56250000 -36.58590000 0.00000000
v 12.40920000 -39.47750000 0.00000000
v 10.64260000 -38.03220000 0.00000000
v 12.49020000 -39.31740000 0.00000000
v 12.49020000 -39.15620000 0.00000000
v 12.57030000 -36.34570000 0.00000000
v 10.72270000 -37.06840000 0.00000000
v 12.57030000 -39.07620000 0.00000000
v 12.57030000 -38.91600000 0.00000000
v 10.08010000 -33.21290000 0.00000000
v 9.91992000 -33.13280000 0.00000000
v 12.65040000 -38.83500000 0.00000000
v 12.65040000 -38.59470000 0.00000000
v 9.03613000 -34.65820000 0.00000000
v 9.75879000 -33.05180000 0.00000000
v 12.73050000 -38.51370000 0.00000000
v 12.65040000 -36.66700000 0.00000000
v 12.73050000 -36.74710000 0.00000000
v 10.72270000 -33.61430000 0.00000000
v 12.65040000 -36.42580000 0.00000000
v 12.08790000 -35.14060000 0.00000000
v 12.16890000 -35.30080000 0.00000000
v 10.40140000 -36.02440000 0.00000000
v 12.57030000 -36.10450000 0.00000000
v 8.63477000 -32.65040000 0.00000000
v 8.31348000 -34.33690000 0.00000000
v 7.99219000 -34.25680000 0.00000000
v 12.49020000 -35.86330000 0.00000000
v 12.40920000 -35.78320000 0.00000000
v 10.48140000 -33.45410000 0.00000000
v 12.40920000 -35.70310000 0.00000000
v 8.31348000 -32.57030000 0.00000000
v 6.94824000 -32.57030000 0.00000000
v 12.32910000 -35.54200000 0.00000000
v 8.07227000 -34.33690000 0.00000000
v 10.80270000 -33.61430000 0.00000000
v 12.24900000 -35.38180000 0.00000000
v 7.26953000 -34.25680000 0.00000000
v 12.16890000 -35.22070000 0.00000000
v 6.54590000 -32.65040000 0.00000000
v 11.92770000 -34.89940000 0.00000000
v 12.08790000 -35.06050000 0.00000000
v 11.92770000 -34.81930000 0.00000000
v 11.76660000 -34.57810000 0.00000000
v 10.56250000 -33.45410000 0.00000000
v 8.71484000 -34.49800000 0.00000000
v 9.43750000 -32.89160000 0.00000000
v 10.32130000 -33.29300000 0.00000000
v 10.24120000 -33.29300000 0.00000000
v 3.17285000 -39.96000000 0.00000000
v 4.93945000 -39.15620000 0.00000000
v 10.16020000 -33.21290000 0.00000000
v 5.02051000 -35.78320000 0.00000000
v 3.41406000 -34.65820000 0.00000000
v 4.77930000 -33.37300000 0.00000000
v 5.74316000 -34.97950000 0.00000000
v 4.53809000 -33.53420000 0.00000000
v 10.00000000 -33.13280000 0.00000000
v 6.70703000 -34.41800000 0.00000000
v 6.54590000 -34.49800000 0.00000000
v 9.83984000 -33.05180000 0.00000000
v 6.62695000 -34.49800000 0.00000000
v 9.59863000 -32.97170000 0.00000000
v 9.67871000 -32.97170000 0.00000000
v 9.51855000 -32.89160000 0.00000000
v 9.35742000 -32.81150000 0.00000000
v 4.93945000 -33.29300000 0.00000000
v 5.10059000 -33.21290000 0.00000000
v 5.98438000 -34.81930000 0.00000000
v 8.87598000 -32.65040000 0.00000000
v 8.23340000 -32.49020000 0.00000000
v 8.55469000 -32.57030000 0.00000000
v 7.02832000 -32.49020000 0.00000000
v 6.62695000 -32.57030000 0.00000000
v 4.85938000 -38.91600000 0.00000000
v 4.85938000 -38.99610000 0.00000000
v 4.77930000 -38.83500000 0.00000000
v 5.26074000 -39.55860000 0.00000000
v 5.26074000 -39.63870000 0.00000000
v 5.10059000 -39.39750000 0.00000000
v 6.22461000 -32.73050000 0.00000000
v 6.30566000 -32.65040000 0.00000000
v 4.85938000 -33.29300000 0.00000000
v 6.22461000 -34.65820000 0.00000000
v 6.06445000 -32.73050000 0.00000000
v 4.69922000 -33.37300000 0.00000000
v 4.45801000 -33.53420000 0.00000000
v 5.58203000 -32.97170000 0.00000000
v 5.66309000 -32.89160000 0.00000000
v 3.73535000 -34.17680000 0.00000000
v 4.05664000 -33.85550000 0.00000000
v 5.50195000 -32.97170000 0.00000000
v 5.42188000 -33.05180000 0.00000000
v 2.77148000 -38.75490000 0.00000000
v 4.61816000 -38.43360000 0.00000000
v 2.85156000 -39.07620000 0.00000000
v 5.26074000 -33.05180000 0.00000000
v -0.44140600 -32.81150000 0.00000000
v -0.20117200 -34.65820000 0.00000000
v -0.68261700 -32.89160000 0.00000000
v -2.04785000 -37.71090000 0.00000000
v -1.96777000 -37.14840000 0.00000000
v -1.96777000 -37.63090000 0.00000000
v 5.02051000 -33.21290000 0.00000000
v -1.88770000 -37.06840000 0.00000000
v -1.88770000 -36.82710000 0.00000000
v 4.85938000 -36.02440000 0.00000000
v 3.25293000 -34.89940000 0.00000000
v -2.28906000 -42.53030000 0.00000000
v -2.36914000 -42.61040000 0.00000000
v 4.53809000 -38.11230000 0.00000000
v 2.61035000 -37.54980000 0.00000000
v 1.24512000 -34.33690000 0.00000000
v 1.16504000 -34.33690000 0.00000000
v 1.40527000 -34.17680000 0.00000000
v 1.32520000 -32.81150000 0.00000000
v 3.41406000 -34.57810000 0.00000000
v 3.25293000 -34.81930000 0.00000000
v 2.69043000 -38.35350000 0.00000000
v 3.09277000 -35.06050000 0.00000000
v 4.69922000 -36.42580000 0.00000000
v -4.05664000 -42.61040000 0.00000000
v 2.85156000 -35.78320000 0.00000000
v 2.93164000 -35.54200000 0.00000000
v 2.93164000 -35.38180000 0.00000000
v 6.94824000 -34.33690000 0.00000000
v 6.86719000 -34.41800000 0.00000000
v 2.85156000 -35.62210000 0.00000000
v 3.57422000 -40.60250000 0.00000000
v 2.77148000 -35.86330000 0.00000000
v 10.24120000 -39.39750000 0.00000000
v 10.08010000 -39.63870000 0.00000000
v 10.08010000 -39.55860000 0.00000000
v 2.69043000 -36.10450000 0.00000000
v 9.51855000 -40.20120000 0.00000000
v 2.61035000 -36.50590000 0.00000000
v 2.53027000 -37.46970000 0.00000000
v 2.53027000 -37.38960000 0.00000000
v 2.61035000 -38.27340000 0.00000000
v 2.69043000 -38.67480000 0.00000000
v 8.79492000 -40.68260000 0.00000000
v 8.95605000 -40.60250000 0.00000000
v 2.77148000 -38.99610000 0.00000000
v 8.55469000 -40.76270000 0.00000000
v 2.85156000 -39.23730000 0.00000000
v 2.93164000 -39.31740000 0.00000000
v 2.93164000 -39.47750000 0.00000000
v 3.01172000 -39.55860000 0.00000000
v 3.01172000 -39.63870000 0.00000000
v 3.09277000 -39.71880000 0.00000000
v 3.09277000 -39.87990000 0.00000000
v 3.17285000 -40.04000000 0.00000000
v 6.30566000 -40.60250000 0.00000000
v 5.58203000 -42.28910000 0.00000000
v 5.42188000 -42.20900000 0.00000000
v 4.85938000 -41.88770000 0.00000000
v 6.06445000 -40.44140000 0.00000000
v 5.10059000 -42.04790000 0.00000000
v 3.41406000 -40.44140000 0.00000000
v 6.46582000 -40.68260000 0.00000000
v 3.81543000 -40.92380000 0.00000000
v 3.57422000 -40.68260000 0.00000000
v 5.74316000 -42.36910000 0.00000000
v 4.37793000 -41.56640000 0.00000000
v 3.81543000 -41.00390000 0.00000000
v 4.45801000 -41.56640000 0.00000000
v 5.98438000 -42.45020000 0.00000000
v 4.77930000 -41.88770000 0.00000000
v 6.70703000 -40.76270000 0.00000000
v 6.62695000 -40.68260000 0.00000000
v 5.02051000 -42.04790000 0.00000000
v 6.22461000 -42.53030000 0.00000000
v 5.26074000 -42.12890000 0.00000000
v 5.18066000 -42.12890000 0.00000000
v 6.54590000 -42.61040000 0.00000000
v 5.34180000 -42.20900000 0.00000000
v 7.02832000 -40.84380000 0.00000000
v 6.94824000 -40.76270000 0.00000000
v 5.50195000 -42.28910000 0.00000000
v 5.66309000 -42.36910000 0.00000000
v 7.18848000 -42.69040000 0.00000000
v 5.82324000 -42.45020000 0.00000000
v 6.06445000 -42.53030000 0.00000000
v 6.62695000 -42.69040000 0.00000000
v 6.30566000 -42.61040000 0.00000000
v 6.38574000 -40.60250000 0.00000000
v 5.10059000 -39.31740000 0.00000000
v 6.14453000 -40.44140000 0.00000000
v 4.93945000 -39.07620000 0.00000000
v 4.69922000 -38.67480000 0.00000000
v 4.85938000 -36.18460000 0.00000000
v 4.77930000 -36.26460000 0.00000000
v 4.77930000 -38.75490000 0.00000000
v 4.61816000 -36.90720000 0.00000000
v 4.69922000 -36.58590000 0.00000000
v 4.69922000 -38.51370000 0.00000000
v 4.61816000 -38.19240000 0.00000000
v 4.77930000 -36.34570000 0.00000000
v 6.38574000 -34.57810000 0.00000000
v 6.46582000 -34.57810000 0.00000000
v 5.82324000 -34.97950000 0.00000000
v 5.02051000 -35.86330000 0.00000000
v 5.18066000 -35.62210000 0.00000000
v 6.06445000 -34.81930000 0.00000000
v 6.30566000 -34.65820000 0.00000000
v 8.55469000 -34.41800000 0.00000000
v 8.39355000 -34.41800000 0.00000000
v 7.18848000 -34.33690000 0.00000000
v 8.63477000 -34.49800000 0.00000000
v 8.87598000 -34.57810000 0.00000000
v 8.79492000 -34.57810000 0.00000000
v 8.95605000 -34.65820000 0.00000000
v 10.32130000 -35.94340000 0.00000000
v 9.11621000 -34.73930000 0.00000000
v 10.40140000 -36.10450000 0.00000000
v 10.64260000 -36.98830000 0.00000000
v 10.48140000 -38.75490000 0.00000000
v 10.40140000 -38.99610000 0.00000000
v 10.24120000 -39.31740000 0.00000000
v 9.83984000 -39.87990000 0.00000000
v 9.83984000 -39.96000000 0.00000000
v 9.03613000 -40.52250000 0.00000000
v 8.87598000 -40.60250000 0.00000000
v 8.63477000 -40.68260000 0.00000000
v 8.39355000 -40.76270000 0.00000000
v -17.06840000 -42.53030000 0.00000000
v -17.38960000 -42.53030000 0.00000000
v -16.98830000 -42.45020000 0.00000000
v -14.97950000 -39.71880000 0.00000000
v -16.74710000 -42.45020000 0.00000000
v -14.81930000 -41.48630000 0.00000000
v -14.81930000 -39.79880000 0.00000000
v -14.73930000 -39.79880000 0.00000000
v -14.65820000 -39.87990000 0.00000000
v -14.33690000 -41.08400000 0.00000000
v -14.73930000 -41.48630000 0.00000000
v -14.17680000 -40.28120000 0.00000000
v -16.26460000 -42.28910000 0.00000000
v -15.78320000 -39.87990000 0.00000000
v -15.06050000 -41.64650000 0.00000000
v -15.62210000 -42.04790000 0.00000000
v -14.57810000 -39.87990000 0.00000000
v -15.22070000 -41.80760000 0.00000000
v -14.97950000 -41.64650000 0.00000000
v -14.17680000 -40.76270000 0.00000000
v -16.26460000 -35.06050000 0.00000000
v -15.46190000 -33.37300000 0.00000000
v -15.14060000 -33.61430000 0.00000000
v -15.86330000 -35.38180000 0.00000000
v -15.70310000 -35.46190000 0.00000000
v -15.78320000 -35.46190000 0.00000000
v -14.89940000 -39.71880000 0.00000000
v -15.62210000 -39.71880000 0.00000000
v -15.86330000 -39.87990000 0.00000000
v -16.50590000 -40.44140000 0.00000000
v -16.82710000 -40.68260000 0.00000000
v -16.74710000 -40.60250000 0.00000000
v -17.22850000 -40.84380000 0.00000000
v -17.14840000 -40.76270000 0.00000000
v -16.90720000 -40.68260000 0.00000000
v -17.46970000 -40.92380000 0.00000000
v -17.38960000 -40.84380000 0.00000000
v -17.46970000 -42.61040000 0.00000000
v -18.59470000 -40.92380000 0.00000000
v -18.83500000 -40.84380000 0.00000000
v -18.67480000 -40.84380000 0.00000000
v -20.52250000 -42.04790000 0.00000000
v -20.36130000 -42.12890000 0.00000000
v -20.44140000 -42.12890000 0.00000000
v -20.76270000 -41.88770000 0.00000000
v -19.63870000 -40.44140000 0.00000000
v -19.07620000 -40.76270000 0.00000000
v -18.91600000 -40.76270000 0.00000000
v -19.15620000 -40.68260000 0.00000000
v -19.23730000 -40.68260000 0.00000000
v -21.08400000 -41.72660000 0.00000000
v -21.40530000 -41.40530000 0.00000000
v -21.00390000 -41.72660000 0.00000000
v -19.31740000 -40.60250000 0.00000000
v -19.39750000 -40.60250000 0.00000000
v -21.48630000 -41.40530000 0.00000000
v -21.80760000 -41.08400000 0.00000000
v -21.80760000 -41.00390000 0.00000000
v -19.55860000 -40.44140000 0.00000000
v -22.69040000 -39.71880000 0.00000000
v -22.61040000 -39.87990000 0.00000000
v -22.69040000 -39.79880000 0.00000000
v -19.79880000 -40.28120000 0.00000000
v -19.87990000 -40.28120000 0.00000000
v -20.92380000 -38.83500000 0.00000000
v -21.00390000 -38.67480000 0.00000000
v -21.08400000 -38.43360000 0.00000000
v -22.77150000 -39.55860000 0.00000000
v -20.20120000 -39.87990000 0.00000000
v -20.20120000 -39.96000000 0.00000000
v -20.52250000 -39.55860000 0.00000000
v -20.68260000 -39.23730000 0.00000000
v -20.68260000 -39.31740000 0.00000000
v -20.52250000 -39.47750000 0.00000000
v -20.76270000 -39.07620000 0.00000000
v -23.17290000 -38.19240000 0.00000000
v -21.24510000 -37.54980000 0.00000000
v -21.16500000 -38.19240000 0.00000000
v -20.84380000 -38.91600000 0.00000000
v -23.17290000 -36.90720000 0.00000000
v -20.92380000 -38.75490000 0.00000000
v -23.25290000 -38.11230000 0.00000000
v -23.25290000 -36.98830000 0.00000000
v -21.00390000 -38.51370000 0.00000000
v -21.08400000 -38.27340000 0.00000000
v -23.01170000 -36.26460000 0.00000000
v -23.01170000 -36.10450000 0.00000000
v -22.93160000 -36.02440000 0.00000000
v -21.16500000 -37.63090000 0.00000000
v -22.85160000 -35.78320000 0.00000000
v -22.93160000 -35.86330000 0.00000000
v -22.53030000 -35.14060000 0.00000000
v -22.45020000 -34.97950000 0.00000000
v -20.84380000 -35.94340000 0.00000000
v -22.61040000 -35.30080000 0.00000000
v -22.61040000 -35.22070000 0.00000000
v -22.53030000 -35.06050000 0.00000000
v -22.28910000 -34.73930000 0.00000000
v -21.16500000 -33.53420000 0.00000000
v -22.12890000 -34.49800000 0.00000000
v -21.24510000 -33.53420000 0.00000000
v -21.00390000 -36.42580000 0.00000000
v -22.12890000 -34.41800000 0.00000000
v -20.84380000 -36.02440000 0.00000000
v -19.47750000 -34.57810000 0.00000000
v -20.68260000 -35.70310000 0.00000000
v -20.68260000 -35.78320000 0.00000000
v -20.44140000 -35.46190000 0.00000000
v -20.44140000 -35.38180000 0.00000000
v -19.79880000 -32.81150000 0.00000000
v -19.55860000 -32.73050000 0.00000000
v -18.99610000 -34.33690000 0.00000000
v -19.47750000 -32.65040000 0.00000000
v -19.23730000 -32.65040000 0.00000000
v -18.67480000 -34.25680000 0.00000000
v -18.67480000 -32.57030000 0.00000000
v -18.59470000 -32.49020000 0.00000000
v -17.79100000 -32.49020000 0.00000000
v -17.79100000 -34.25680000 0.00000000
v -15.70310000 -33.21290000 0.00000000
v -15.86330000 -33.13280000 0.00000000
v -15.78320000 -33.13280000 0.00000000
v -19.63870000 -34.73930000 0.00000000
v -16.58590000 -34.81930000 0.00000000
v -16.82710000 -34.65820000 0.00000000
v -19.39750000 -34.57810000 0.00000000
v -17.14840000 -34.49800000 0.00000000
v -17.30960000 -34.41800000 0.00000000
v -16.58590000 -32.81150000 0.00000000
v -19.07620000 -34.41800000 0.00000000
v -17.71090000 -34.33690000 0.00000000
v -17.46970000 -34.33690000 0.00000000
v -18.75490000 -34.33690000 0.00000000
v -17.38960000 -34.41800000 0.00000000
v -17.22850000 -34.49800000 0.00000000
v -15.38180000 -33.37300000 0.00000000
v -17.06840000 -34.57810000 0.00000000
v -16.98830000 -34.57810000 0.00000000
v -16.90720000 -34.65820000 0.00000000
v -14.25680000 -34.41800000 0.00000000
v -14.25680000 -34.49800000 0.00000000
v -15.06050000 -33.61430000 0.00000000
v -16.66700000 -34.81930000 0.00000000
v -16.34570000 -35.06050000 0.00000000
v -14.49800000 -35.22070000 0.00000000
v -14.73930000 -35.38180000 0.00000000
v -14.97950000 -35.46190000 0.00000000
v -15.94340000 -35.38180000 0.00000000
v -15.06050000 -35.54200000 0.00000000
v -14.41800000 -35.22070000 0.00000000
v -14.25680000 -34.97950000 0.00000000
v -14.65820000 -35.38180000 0.00000000
v -15.62210000 -35.54200000 0.00000000
v -14.81930000 -35.46190000 0.00000000
v -14.25680000 -35.06050000 0.00000000
v -14.17680000 -34.89940000 0.00000000
v -14.17680000 -34.57810000 0.00000000
v -15.62210000 -33.21290000 0.00000000
v -16.10450000 -32.97170000 0.00000000
v -16.02440000 -32.97170000 0.00000000
v -16.34570000 -32.89160000 0.00000000
v -16.18460000 -32.89160000 0.00000000
v -16.42580000 -32.81150000 0.00000000
v -16.82710000 -32.73050000 0.00000000
v -16.66700000 -32.73050000 0.00000000
v -16.90720000 -32.65040000 0.00000000
v -19.15620000 -32.57030000 0.00000000
v -19.71880000 -32.73050000 0.00000000
v -19.96000000 -32.81150000 0.00000000
v -20.12010000 -32.89160000 0.00000000
v -20.44140000 -33.05180000 0.00000000
v -20.36130000 -32.97170000 0.00000000
v -20.52250000 -33.05180000 0.00000000
v -20.76270000 -33.21290000 0.00000000
v -21.00390000 -33.37300000 0.00000000
v -22.28910000 -34.65820000 0.00000000
v -22.45020000 -34.89940000 0.00000000
v -27.50980000 -42.20900000 0.00000000
v -27.67090000 -42.28910000 0.00000000
v -28.15230000 -40.68260000 0.00000000
v -22.69040000 -35.38180000 0.00000000
v -22.69040000 -35.46190000 0.00000000
v -22.77150000 -35.62210000 0.00000000
v -22.77150000 -35.54200000 0.00000000
v -22.85160000 -35.70310000 0.00000000
v -23.09280000 -36.50590000 0.00000000
v -23.09280000 -36.34570000 0.00000000
v -23.17290000 -36.58590000 0.00000000
v -23.17290000 -38.51370000 0.00000000
v -26.14450000 -41.24510000 0.00000000
v -27.59080000 -40.36130000 0.00000000
v -27.02830000 -39.87990000 0.00000000
v -22.85160000 -39.39750000 0.00000000
v -28.63480000 -42.69040000 0.00000000
v -28.95610000 -42.69040000 0.00000000
v -28.55470000 -42.61040000 0.00000000
v -22.93160000 -39.31740000 0.00000000
v -26.62700000 -39.63870000 0.00000000
v -26.54590000 -39.71880000 0.00000000
v -26.78710000 -39.71880000 0.00000000
v -22.85160000 -39.47750000 0.00000000
v -26.46580000 -39.71880000 0.00000000
v -26.38570000 -39.79880000 0.00000000
v -22.77150000 -39.63870000 0.00000000
v -27.91210000 -42.45020000 0.00000000
v -28.07230000 -42.45020000 0.00000000
v -27.83110000 -42.36910000 0.00000000
v -22.61040000 -39.96000000 0.00000000
v -22.36910000 -40.28120000 0.00000000
v -26.06450000 -40.04000000 0.00000000
v -22.53030000 -40.12010000 0.00000000
v -22.20900000 -40.52250000 0.00000000
v -22.36910000 -40.36130000 0.00000000
v -27.42970000 -42.20900000 0.00000000
v -27.34960000 -42.12890000 0.00000000
v -25.66310000 -40.36130000 0.00000000
v -25.98440000 -40.04000000 0.00000000
v -22.20900000 -40.60250000 0.00000000
v -26.86720000 -41.80760000 0.00000000
v -27.10840000 -42.04790000 0.00000000
v -27.18850000 -42.04790000 0.00000000
v -25.66310000 -40.84380000 0.00000000
v -25.42190000 -40.52250000 0.00000000
v -25.58200000 -40.84380000 0.00000000
v -26.06450000 -41.24510000 0.00000000
v -20.84380000 -41.88770000 0.00000000
v -20.04000000 -42.28910000 0.00000000
v -20.60250000 -42.04790000 0.00000000
v -19.87990000 -42.36910000 0.00000000
v -19.96000000 -42.36910000 0.00000000
v -20.20120000 -42.28910000 0.00000000
v -19.55860000 -42.45020000 0.00000000
v -19.23730000 -42.53030000 0.00000000
v -19.47750000 -42.53030000 0.00000000
v -19.79880000 -42.45020000 0.00000000
v -19.15620000 -42.61040000 0.00000000
v -30.32130000 -42.69040000 0.00000000
v -29.03610000 -42.77150000 0.00000000
v -30.24120000 -42.77150000 0.00000000
v -25.58200000 -40.36130000 0.00000000
v -28.23340000 -42.53030000 0.00000000
v -28.31350000 -42.61040000 0.00000000
v -28.39360000 -40.76270000 0.00000000
v -27.99220000 -40.60250000 0.00000000
v -28.15230000 -42.53030000 0.00000000
v -26.30570000 -39.79880000 0.00000000
v -27.75100000 -42.36910000 0.00000000
v -27.59080000 -42.28910000 0.00000000
v -27.26950000 -42.12890000 0.00000000
v -26.78710000 -41.80760000 0.00000000
v -26.54590000 -41.56640000 0.00000000
v -26.46580000 -41.56640000 0.00000000
v -25.34180000 -40.60250000 0.00000000
v -25.34180000 -40.52250000 0.00000000
v -26.70700000 -39.63870000 0.00000000
v -26.86720000 -39.71880000 0.00000000
v -27.10840000 -39.87990000 0.00000000
v -27.83110000 -40.52250000 0.00000000
v -27.67090000 -40.36130000 0.00000000
v -28.07230000 -40.60250000 0.00000000
v -27.91210000 -40.52250000 0.00000000
v -28.55470000 -40.76270000 0.00000000
v -28.63480000 -40.84380000 0.00000000
v -28.31350000 -40.68260000 0.00000000
v -29.19730000 -40.92380000 0.00000000
v -29.11620000 -40.84380000 0.00000000
v -29.83980000 -40.92380000 0.00000000
v -30.40140000 -40.84380000 0.00000000
v -29.91990000 -40.84380000 0.00000000
v -30.72270000 -40.76270000 0.00000000
v -31.44530000 -42.36910000 0.00000000
v -30.96390000 -40.68260000 0.00000000
v -32.08790000 -42.04790000 0.00000000
v -31.28520000 -40.52250000 0.00000000
v -31.92770000 -42.12890000 0.00000000
v -30.48140000 -40.76270000 0.00000000
v -32.40920000 -41.80760000 0.00000000
v -31.44530000 -40.44140000 0.00000000
v -30.80270000 -40.68260000 0.00000000
v -32.24900000 -39.71880000 0.00000000
v -31.60640000 -40.36130000 0.00000000
v -32.73050000 -41.56640000 0.00000000
v -31.12400000 -40.60250000 0.00000000
v -31.04390000 -40.60250000 0.00000000
v -33.69430000 -40.60250000 0.00000000
v -31.20510000 -40.52250000 0.00000000
v -33.69430000 -40.68260000 0.00000000
v -31.36520000 -40.44140000 0.00000000
v -32.81150000 -41.56640000 0.00000000
v -31.52640000 -40.36130000 0.00000000
v -33.93550000 -40.28120000 0.00000000
v -33.93550000 -40.36130000 0.00000000
v -32.40920000 -39.31740000 0.00000000
v -34.33690000 -39.55860000 0.00000000
v -34.41800000 -39.31740000 0.00000000
v -32.32910000 -39.55860000 0.00000000
v -32.24900000 -39.63870000 0.00000000
v -25.10060000 -36.74710000 0.00000000
v -25.02050000 -36.82710000 0.00000000
v -25.02050000 -38.03220000 0.00000000
v -34.49800000 -38.99610000 0.00000000
v -34.49800000 -39.23730000 0.00000000
v -32.32910000 -39.39750000 0.00000000
v -32.40920000 -38.19240000 0.00000000
v -34.49800000 -36.42580000 0.00000000
v -32.73050000 -36.34570000 0.00000000
v -32.73050000 -36.50590000 0.00000000
v -25.10060000 -38.11230000 0.00000000
v -27.34960000 -36.34570000 0.00000000
v -27.18850000 -36.18460000 0.00000000
v -25.18070000 -36.10450000 0.00000000
v -25.10060000 -36.18460000 0.00000000
v -25.34180000 -35.54200000 0.00000000
v -25.26070000 -35.78320000 0.00000000
v -27.18850000 -35.78320000 0.00000000
v -25.18070000 -35.86330000 0.00000000
v -25.42190000 -35.30080000 0.00000000
v -25.50200000 -35.14060000 0.00000000
v -25.26070000 -35.62210000 0.00000000
v -32.32910000 -38.11230000 0.00000000
v -28.15230000 -36.58590000 0.00000000
v -25.34180000 -35.38180000 0.00000000
v -25.58200000 -34.97950000 0.00000000
v -25.74320000 -34.73930000 0.00000000
v -25.42190000 -35.22070000 0.00000000
v -25.50200000 -35.06050000 0.00000000
v -27.26950000 -35.62210000 0.00000000
v -25.58200000 -34.89940000 0.00000000
v -28.15230000 -34.73930000 0.00000000
v -26.62700000 -33.69430000 0.00000000
v -25.90330000 -34.49800000 0.00000000
v -25.74320000 -34.65820000 0.00000000
v -27.26950000 -33.21290000 0.00000000
v -28.31350000 -34.65820000 0.00000000
v -27.50980000 -33.05180000 0.00000000
v -26.54590000 -33.69430000 0.00000000
v -26.22460000 -34.01560000 0.00000000
v -26.22460000 -34.09670000 0.00000000
v -25.90330000 -34.41800000 0.00000000
v -27.02830000 -33.37300000 0.00000000
v -26.94820000 -33.37300000 0.00000000
v -27.18850000 -33.21290000 0.00000000
v -27.42970000 -33.05180000 0.00000000
v -28.87600000 -34.41800000 0.00000000
v -27.67090000 -32.97170000 0.00000000
v -27.59080000 -32.97170000 0.00000000
v -28.31350000 -32.73050000 0.00000000
v -27.75100000 -32.89160000 0.00000000
v -29.11620000 -34.33690000 0.00000000
v -29.03610000 -34.41800000 0.00000000
v -28.71480000 -32.65040000 0.00000000
v -28.15230000 -32.73050000 0.00000000
v -28.39360000 -32.65040000 0.00000000
v -29.43750000 -34.33690000 0.00000000
v -29.51860000 -34.25680000 0.00000000
v -29.19730000 -32.57030000 0.00000000
v -28.79490000 -32.57030000 0.00000000
v -30.16020000 -32.49020000 0.00000000
v -29.27730000 -32.49020000 0.00000000
v -31.36520000 -32.81150000 0.00000000
v -31.04390000 -34.33690000 0.00000000
v -31.60640000 -32.89160000 0.00000000
v -30.24120000 -32.57030000 0.00000000
v -32.16890000 -33.13280000 0.00000000
v -31.44530000 -34.49800000 0.00000000
v -32.32910000 -33.21290000 0.00000000
v -30.80270000 -32.65040000 0.00000000
v -30.72270000 -32.57030000 0.00000000
v -31.84770000 -34.89940000 0.00000000
v -32.00780000 -35.14060000 0.00000000
v -32.89160000 -33.61430000 0.00000000
v -31.12400000 -32.73050000 0.00000000
v -31.04390000 -32.65040000 0.00000000
v -31.28520000 -32.73050000 0.00000000
v -32.16890000 -35.38180000 0.00000000
v -33.85550000 -34.65820000 0.00000000
v -33.69430000 -34.41800000 0.00000000
v -31.52640000 -32.81150000 0.00000000
v -31.76660000 -32.89160000 0.00000000
v -31.84770000 -32.97170000 0.00000000
v -32.57030000 -33.37300000 0.00000000
v -31.92770000 -32.97170000 0.00000000
v -32.00780000 -33.05180000 0.00000000
v -32.40920000 -35.78320000 0.00000000
v -32.24900000 -35.54200000 0.00000000
v -32.24900000 -35.62210000 0.00000000
v -32.08790000 -33.05180000 0.00000000
v -27.75100000 -36.50590000 0.00000000
v -32.24900000 -33.13280000 0.00000000
v -34.01560000 -34.89940000 0.00000000
v -32.40920000 -33.21290000 0.00000000
v -32.65040000 -33.37300000 0.00000000
v -33.69430000 -34.33690000 0.00000000
v -32.97170000 -33.61430000 0.00000000
v -32.65040000 -36.58590000 0.00000000
v -32.65040000 -36.18460000 0.00000000
v -34.25680000 -35.46190000 0.00000000
v -34.17680000 -35.22070000 0.00000000
v -33.85550000 -34.57810000 0.00000000
v -34.33690000 -35.70310000 0.00000000
v -34.01560000 -34.81930000 0.00000000
v -34.09670000 -35.06050000 0.00000000
v -34.09670000 -34.97950000 0.00000000
v -34.41800000 -35.94340000 0.00000000
v -34.17680000 -35.14060000 0.00000000
v -34.25680000 -35.30080000 0.00000000
v -34.41800000 -35.78320000 0.00000000
v -34.33690000 -35.54200000 0.00000000
v -34.49800000 -36.02440000 0.00000000
v -34.57810000 -36.50590000 0.00000000
v -34.57810000 -38.91600000 0.00000000
v -34.41800000 -39.47750000 0.00000000
v -34.33690000 -39.71880000 0.00000000
v -34.25680000 -39.79880000 0.00000000
v -34.09670000 -40.04000000 0.00000000
v -34.25680000 -39.87990000 0.00000000
v -34.09670000 -40.12010000 0.00000000
v -32.49020000 -41.80760000 0.00000000
v -32.16890000 -42.04790000 0.00000000
v -32.00780000 -42.12890000 0.00000000
v -31.68650000 -42.28910000 0.00000000
v -31.76660000 -42.28910000 0.00000000
v -31.28520000 -42.45020000 0.00000000
v -31.60640000 -42.36910000 0.00000000
v -31.04390000 -42.53030000 0.00000000
v -31.36520000 -42.45020000 0.00000000
v -31.20510000 -42.53030000 0.00000000
v -30.72270000 -42.61040000 0.00000000
v -30.96390000 -42.61040000 0.00000000
v -30.64260000 -42.69040000 0.00000000
v -27.26950000 -35.70310000 0.00000000
v -32.49020000 -36.02440000 0.00000000
v -32.49020000 -35.94340000 0.00000000
v -32.65040000 -36.26460000 0.00000000
v -32.40920000 -35.86330000 0.00000000
v -31.28520000 -34.41800000 0.00000000
v -32.16890000 -35.46190000 0.00000000
v -32.00780000 -35.22070000 0.00000000
v -31.36520000 -34.49800000 0.00000000
v -31.84770000 -34.97950000 0.00000000
v -31.12400000 -34.41800000 0.00000000
v -30.80270000 -34.25680000 0.00000000
v -30.88380000 -34.33690000 0.00000000
v -28.79490000 -34.49800000 0.00000000
v -28.39360000 -34.65820000 0.00000000
v -28.23340000 -34.73930000 0.00000000
v -28.07230000 -36.50590000 0.00000000
v -27.50980000 -36.42580000 0.00000000
v -27.42970000 -36.34570000 0.00000000
v -27.67090000 -36.42580000 0.00000000
v 49.35740000 -35.06050000 0.00000000
v -2.12891000 -38.35350000 0.00000000
v -2.12891000 -39.47750000 0.00000000
v -2.04785000 -38.27340000 0.00000000
v -1.80762000 -36.74710000 0.00000000
v -1.80762000 -36.50590000 0.00000000
v 48.15230000 -33.05180000 0.00000000
v 48.07230000 -32.97170000 0.00000000
v 43.09280000 -41.80760000 0.00000000
v -1.72656000 -36.42580000 0.00000000
v -2.20898000 -33.45410000 0.00000000
v -1.96777000 -33.69430000 0.00000000
v -1.48633000 -35.78320000 0.00000000
v -1.56641000 -36.02440000 0.00000000
v -1.56641000 -35.94340000 0.00000000
v 0.20117200 -32.57030000 0.00000000
v -1.48633000 -35.86330000 0.00000000
v -1.56641000 -33.61430000 0.00000000
v -1.64648000 -33.61430000 0.00000000
v -1.40527000 -35.70310000 0.00000000
v -1.32520000 -33.45410000 0.00000000
v -0.92382800 -33.05180000 0.00000000
v -0.76269500 -32.89160000 0.00000000
v 0.12011700 -34.57810000 0.00000000
v -0.20117200 -32.73050000 0.00000000
v -0.36132800 -34.73930000 0.00000000
v -0.44140600 -34.81930000 0.00000000
v -0.52246100 -34.81930000 0.00000000
v -0.60253900 -34.89940000 0.00000000
v 0.52246100 -34.57810000 0.00000000
v 1.40527000 -32.89160000 0.00000000
v 1.00391000 -34.41800000 0.00000000
v 1.40527000 -34.01560000 0.00000000
v -0.28125000 -34.73930000 0.00000000
v 0.04003910 -34.65820000 0.00000000
v 0.92382800 -34.49800000 0.00000000
v 1.08398000 -34.41800000 0.00000000
v 1.16504000 -32.57030000 0.00000000
v 1.48633000 -33.93550000 0.00000000
v 1.48633000 -33.13280000 0.00000000
v 1.32520000 -32.73050000 0.00000000
v -0.12011700 -32.65040000 0.00000000
v -0.36132800 -32.73050000 0.00000000
v -0.60253900 -32.81150000 0.00000000
v -1.08398000 -33.13280000 0.00000000
v -1.00391000 -33.05180000 0.00000000
v -2.85156000 -32.81150000 0.00000000
v -3.97559000 -32.73050000 0.00000000
v -2.93164000 -32.73050000 0.00000000
v -1.08398000 -33.21290000 0.00000000
v -2.20898000 -33.13280000 0.00000000
v -2.45020000 -32.89160000 0.00000000
v -2.53027000 -32.81150000 0.00000000
v -1.40527000 -33.45410000 0.00000000
v -4.05664000 -32.81150000 0.00000000
v 49.03610000 -35.22070000 0.00000000
v 48.95610000 -35.22070000 0.00000000
v 49.11620000 -35.14060000 0.00000000
v 47.18850000 -34.41800000 0.00000000
v 47.10840000 -34.33690000 0.00000000
v 48.23340000 -35.30080000 0.00000000
v 48.63480000 -35.30080000 0.00000000
v 48.55470000 -35.38180000 0.00000000
v 49.43750000 -34.17680000 0.00000000
v 48.47360000 -33.21290000 0.00000000
v 48.15230000 -35.30080000 0.00000000
v 49.75880000 -38.59470000 0.00000000
v 48.87600000 -37.79100000 0.00000000
v 46.38570000 -34.17680000 0.00000000
v 46.78710000 -36.90720000 0.00000000
v 46.94820000 -38.83500000 0.00000000
v 48.87600000 -35.30080000 0.00000000
v 47.99220000 -39.96000000 0.00000000
v 46.78710000 -34.25680000 0.00000000
v 48.23340000 -37.46970000 0.00000000
v 48.31350000 -37.46970000 0.00000000
v 48.71480000 -37.71090000 0.00000000
v 48.15230000 -37.38960000 0.00000000
v 47.91210000 -37.30960000 0.00000000
v 47.02830000 -38.91600000 0.00000000
v 47.75100000 -37.22850000 0.00000000
v 47.83110000 -40.36130000 0.00000000
v 47.59080000 -37.14840000 0.00000000
v 45.34180000 -38.19240000 0.00000000
v 45.58200000 -38.27340000 0.00000000
v 45.42190000 -38.27340000 0.00000000
v 47.18850000 -36.98830000 0.00000000
v 45.18070000 -38.19240000 0.00000000
v 45.10060000 -38.11230000 0.00000000
v 44.53810000 -37.87110000 0.00000000
v 45.26070000 -36.34570000 0.00000000
v 45.42190000 -36.42580000 0.00000000
v 47.42970000 -37.06840000 0.00000000
v 46.54590000 -36.82710000 0.00000000
v 44.29690000 -37.79100000 0.00000000
v 45.58200000 -36.50590000 0.00000000
v 45.82320000 -36.58590000 0.00000000
v 44.93950000 -38.03220000 0.00000000
v 45.18070000 -34.41800000 0.00000000
v 45.10060000 -34.41800000 0.00000000
v 46.94820000 -36.90720000 0.00000000
v 46.06450000 -36.66700000 0.00000000
v 46.22460000 -36.66700000 0.00000000
v 46.30570000 -36.74710000 0.00000000
v 46.46580000 -36.74710000 0.00000000
v 46.70700000 -36.82710000 0.00000000
v 45.74320000 -36.50590000 0.00000000
v 43.81540000 -37.54980000 0.00000000
v 43.97560000 -37.63090000 0.00000000
v 43.89550000 -37.63090000 0.00000000
v 45.98440000 -36.58590000 0.00000000
v 43.41410000 -37.30960000 0.00000000
v 43.17290000 -37.14840000 0.00000000
v 45.34180000 -36.34570000 0.00000000
v 43.01170000 -36.98830000 0.00000000
v 44.53810000 -35.70310000 0.00000000
v 42.77150000 -36.50590000 0.00000000
v 42.69040000 -36.18460000 0.00000000
v 42.85160000 -36.74710000 0.00000000
v 42.85160000 -36.82710000 0.00000000
v 45.50200000 -36.42580000 0.00000000
v 42.45020000 -41.16500000 0.00000000
v 42.77150000 -36.66700000 0.00000000
v 42.61040000 -35.70310000 0.00000000
v 42.53030000 -35.62210000 0.00000000
v 42.53030000 -35.06050000 0.00000000
v 45.18070000 -36.26460000 0.00000000
v 42.61040000 -34.97950000 0.00000000
v 44.93950000 -36.10450000 0.00000000
v 44.69920000 -35.86330000 0.00000000
v 44.45800000 -35.54200000 0.00000000
v 44.53810000 -35.62210000 0.00000000
v 42.69040000 -34.49800000 0.00000000
v 44.21680000 -32.89160000 0.00000000
v 44.29690000 -32.89160000 0.00000000
v 44.13670000 -32.97170000 0.00000000
v 43.97560000 -33.05180000 0.00000000
v 44.05660000 -32.97170000 0.00000000
v 45.58200000 -34.25680000 0.00000000
v 45.98440000 -34.17680000 0.00000000
v 48.39360000 -33.21290000 0.00000000
v 49.27730000 -35.14060000 0.00000000
v 49.59860000 -34.49800000 0.00000000
v 49.43750000 -35.06050000 0.00000000
v 47.02830000 -34.33690000 0.00000000
v 48.31350000 -35.38180000 0.00000000
v 48.23340000 -33.05180000 0.00000000
v 47.91210000 -32.89160000 0.00000000
v 47.67090000 -32.81150000 0.00000000
v 47.42970000 -32.73050000 0.00000000
v 44.93950000 -32.65040000 0.00000000
v 44.61820000 -32.73050000 0.00000000
v 43.81540000 -33.13280000 0.00000000
v 43.57420000 -33.29300000 0.00000000
v 44.37790000 -32.81150000 0.00000000
v 43.89550000 -33.05180000 0.00000000
v 43.73540000 -33.13280000 0.00000000
v 43.25290000 -33.53420000 0.00000000
v 43.17290000 -33.53420000 0.00000000
v 43.49410000 -33.29300000 0.00000000
v 43.01170000 -33.69430000 0.00000000
v 42.85160000 -33.93550000 0.00000000
v 42.77150000 -34.25680000 0.00000000
v 42.77150000 -34.09670000 0.00000000
v 42.69040000 -34.33690000 0.00000000
v 42.61040000 -34.57810000 0.00000000
v 42.61040000 -36.10450000 0.00000000
v 42.69040000 -36.42580000 0.00000000
v 42.85160000 -39.87990000 0.00000000
v 43.01170000 -39.71880000 0.00000000
v 43.41410000 -39.79880000 0.00000000
v 43.09280000 -37.14840000 0.00000000
v 43.01170000 -37.06840000 0.00000000
v 43.33300000 -37.30960000 0.00000000
v 43.73540000 -37.54980000 0.00000000
v 43.57420000 -37.46970000 0.00000000
v 47.18850000 -40.84380000 0.00000000
v 47.26950000 -40.76270000 0.00000000
v 47.34960000 -40.76270000 0.00000000
v 44.05660000 -37.71090000 0.00000000
v 44.21680000 -37.79100000 0.00000000
v 44.37790000 -37.87110000 0.00000000
v 44.69920000 -37.95210000 0.00000000
v 44.61820000 -37.95210000 0.00000000
v 44.77930000 -38.03220000 0.00000000
v 45.02050000 -38.11230000 0.00000000
v 47.50980000 -40.68260000 0.00000000
v 45.66310000 -38.35350000 0.00000000
v 47.91210000 -40.04000000 0.00000000
v 47.02830000 -40.92380000 0.00000000
v 46.06450000 -38.51370000 0.00000000
v 46.86720000 -38.83500000 0.00000000
v 47.42970000 -40.68260000 0.00000000
v 47.26950000 -39.07620000 0.00000000
v 47.59080000 -39.31740000 0.00000000
v 47.91210000 -39.79880000 0.00000000
v 47.83110000 -40.28120000 0.00000000
v 47.10840000 -40.84380000 0.00000000
v 46.78710000 -41.00390000 0.00000000
v 46.86720000 -40.92380000 0.00000000
v 46.46580000 -41.00390000 0.00000000
v 45.82320000 -41.08400000 0.00000000
v 45.74320000 -41.00390000 0.00000000
v 44.93950000 -40.76270000 0.00000000
v 44.13670000 -42.36910000 0.00000000
v 44.05660000 -42.28910000 0.00000000
v 44.77930000 -40.68260000 0.00000000
v 44.69920000 -40.68260000 0.00000000
v 42.45020000 -41.24510000 0.00000000
v 45.10060000 -40.84380000 0.00000000
v 42.69040000 -41.48630000 0.00000000
v 44.61820000 -40.60250000 0.00000000
v 44.53810000 -40.60250000 0.00000000
v 42.20900000 -40.92380000 0.00000000
v 42.20900000 -40.84380000 0.00000000
v 42.77150000 -39.87990000 0.00000000
v 44.45800000 -40.52250000 0.00000000
v 44.05660000 -40.20120000 0.00000000
v 43.73540000 -39.96000000 0.00000000
v 42.12890000 -40.52250000 0.00000000
v 43.49410000 -39.79880000 0.00000000
v 43.33300000 -39.71880000 0.00000000
v 42.12890000 -40.76270000 0.00000000
v 43.33300000 -41.96780000 0.00000000
v 43.57420000 -42.12890000 0.00000000
v 43.97560000 -42.28910000 0.00000000
v 44.53810000 -42.45020000 0.00000000
v 44.37790000 -42.45020000 0.00000000
v 45.34180000 -42.61040000 0.00000000
v 44.93950000 -42.61040000 0.00000000
v 44.61820000 -42.53030000 0.00000000
v 28.95610000 -32.81150000 0.00000000
v 26.78710000 -35.78320000 0.00000000
v 26.86720000 -35.86330000 0.00000000
v 28.95610000 -42.53030000 0.00000000
v 26.86720000 -39.71880000 0.00000000
v 28.87600000 -42.61040000 0.00000000
v 26.94820000 -42.45020000 0.00000000
v 28.39360000 -42.61040000 0.00000000
v -24.13670000 -15.46190000 5.00000000
v -25.50200000 -15.54200000 5.00000000
v -24.21680000 -15.54200000 5.00000000
v -23.49410000 -15.38180000 5.00000000
v -24.29690000 -5.34180000 5.00000000
v -19.71880000 -34.73930000 5.00000000
v -20.68260000 -33.21290000 5.00000000
v -20.92380000 -33.37300000 5.00000000
v -13.69430000 21.24510000 5.00000000
v -17.30960000 13.45410000 5.00000000
v -16.98830000 13.21290000 5.00000000
v -22.93160000 -39.15620000 5.00000000
v -23.01170000 -38.91600000 5.00000000
v -23.01170000 -39.07620000 5.00000000
v -23.57420000 -15.46190000 5.00000000
v -22.93160000 -15.30080000 5.00000000
v -22.45020000 -15.22070000 5.00000000
v -10.40140000 -30.00000000 5.00000000
v -10.48140000 -30.00000000 5.00000000
v -10.56250000 -30.16020000 5.00000000
v -23.01170000 -15.38180000 5.00000000
v -20.68260000 -14.81930000 5.00000000
v -23.33300000 -5.18066000 5.00000000
v -21.00390000 -14.89940000 5.00000000
v -6.62695000 -40.84380000 5.00000000
v -6.46582000 -41.16500000 5.00000000
v -6.46582000 -41.00390000 5.00000000
v -22.53030000 -15.30080000 5.00000000
v -21.96780000 -15.14060000 5.00000000
v -21.64650000 -15.06050000 5.00000000
v -23.73540000 -5.26074000 5.00000000
v -10.64260000 -39.55860000 5.00000000
v -10.64260000 -40.04000000 5.00000000
v -10.56250000 -40.12010000 5.00000000
v -22.04790000 -15.22070000 5.00000000
v -6.78711000 -40.84380000 5.00000000
v -7.67090000 -40.76270000 5.00000000
v -7.83105000 -42.53030000 5.00000000
v -21.72660000 -15.14060000 5.00000000
v -21.24510000 -14.97950000 5.00000000
v -21.32520000 -15.06050000 5.00000000
v -21.00390000 -4.37793000 5.00000000
v -21.08400000 -4.37793000 5.00000000
v -21.16500000 -4.45801000 5.00000000
v -8.55469000 -39.96000000 5.00000000
v -8.55469000 -39.79880000 5.00000000
v -8.63477000 -39.71880000 5.00000000
v -21.08400000 -14.97950000 5.00000000
v -21.56640000 -4.61816000 5.00000000
v -21.64650000 -4.61816000 5.00000000
v -21.72660000 -4.69922000 5.00000000
v -20.76270000 -14.89940000 5.00000000
v -20.36130000 -14.73930000 5.00000000
v -20.12010000 -14.65820000 5.00000000
v -8.71484000 -36.02440000 5.00000000
v -8.79492000 -36.90720000 5.00000000
v -8.71484000 -36.82710000 5.00000000
v -20.44140000 -14.81930000 5.00000000
v -21.88770000 -4.69922000 5.00000000
v -21.96780000 -4.77930000 5.00000000
v -6.38574000 -42.12890000 5.00000000
v -6.46582000 -42.20900000 5.00000000
v -20.20120000 -14.73930000 5.00000000
v -11.68650000 -9.59863000 5.00000000
v -17.38960000 -2.20898000 5.00000000
v -17.71090000 -2.45020000 5.00000000
v -19.87990000 -14.57810000 5.00000000
v -19.96000000 -14.65820000 5.00000000
v -19.55860000 -14.49800000 5.00000000
v -19.31740000 -14.41800000 5.00000000
v -19.15620000 -14.33690000 5.00000000
v -19.63870000 -14.57810000 5.00000000
v -6.38574000 -41.24510000 5.00000000
v -19.39750000 -14.49800000 5.00000000
v -18.03220000 -2.69043000 5.00000000
v -17.79100000 -2.45020000 5.00000000
v -8.63477000 -39.55860000 5.00000000
v -8.71484000 -39.47750000 5.00000000
v -19.23730000 -14.41800000 5.00000000
v -20.12010000 -3.97559000 5.00000000
v -19.96000000 -3.89551000 5.00000000
v -20.04000000 -3.89551000 5.00000000
v -18.91600000 -14.25680000 5.00000000
v -18.99610000 -14.33690000 5.00000000
v -20.76270000 -4.29688000 5.00000000
v -16.50590000 -13.21290000 5.00000000
v -15.94340000 -12.89160000 5.00000000
v -18.67480000 -14.17680000 5.00000000
v -18.75490000 -14.25680000 5.00000000
v -18.43360000 -14.09670000 5.00000000
v -18.27340000 -14.01560000 5.00000000
v -8.63477000 -35.46190000 5.00000000
v -8.55469000 -35.38180000 5.00000000
v -8.55469000 -35.06050000 5.00000000
v -18.51370000 -14.17680000 5.00000000
v -20.28120000 -4.05664000 5.00000000
v -20.44140000 -4.13672000 5.00000000
v -15.54200000 -12.65040000 5.00000000
v -12.24900000 -32.81150000 5.00000000
v -12.65040000 -33.05180000 5.00000000
v -12.65040000 -33.29300000 5.00000000
v -18.35350000 -14.09670000 5.00000000
v -18.03220000 -13.93550000 5.00000000
v -17.87110000 -13.85550000 5.00000000
v -18.11230000 -14.01560000 5.00000000
v -17.71090000 -13.77540000 5.00000000
v -10.72270000 -31.04390000 5.00000000
v -10.80270000 -31.12400000 5.00000000
v -10.80270000 -31.60640000 5.00000000
v -17.95210000 -13.93550000 5.00000000
v -19.55860000 -3.65430000 5.00000000
v -19.79880000 -3.81543000 5.00000000
v -19.39750000 -3.57422000 5.00000000
v -17.79100000 -13.85550000 5.00000000
v -17.46970000 -13.69430000 5.00000000
v -17.30960000 -13.61430000 5.00000000
v -17.54980000 -13.77540000 5.00000000
v -17.14840000 -13.53420000 5.00000000
v -17.38960000 -13.69430000 5.00000000
v -14.81930000 -12.16890000 5.00000000
v -15.06050000 -12.32910000 5.00000000
v -8.39355000 -32.65040000 5.00000000
v -8.23340000 -34.65820000 5.00000000
v -8.23340000 -32.73050000 5.00000000
v -17.22850000 -13.61430000 5.00000000
v -14.57810000 -12.00780000 5.00000000
v -14.25680000 -11.76660000 5.00000000
v -8.63477000 -35.94340000 5.00000000
v -16.98830000 -13.45410000 5.00000000
v -17.06840000 -13.53420000 5.00000000
v -13.85550000 -11.44530000 5.00000000
v -19.23730000 -3.49414000 5.00000000
v -8.87598000 -30.32130000 5.00000000
v -8.87598000 -30.24120000 5.00000000
v -9.11621000 -30.08010000 5.00000000
v -16.90720000 -13.45410000 5.00000000
v -16.82710000 -13.37300000 5.00000000
v -18.83500000 -3.25293000 5.00000000
v -12.89160000 -10.64260000 5.00000000
v -18.59470000 -3.09277000 5.00000000
v -20.04000000 -32.89160000 5.00000000
v -20.20120000 -32.97170000 5.00000000
v -19.31740000 -34.49800000 5.00000000
v -16.66700000 -13.29300000 5.00000000
v -16.74710000 -13.37300000 5.00000000
v -13.37300000 -11.04390000 5.00000000
v -8.07227000 -34.57810000 5.00000000
v -7.83105000 -34.49800000 5.00000000
v -16.58590000 -13.29300000 5.00000000
v -16.34570000 -13.13280000 5.00000000
v -16.42580000 -13.21290000 5.00000000
v -16.18460000 -13.05180000 5.00000000
v -6.94824000 -32.81150000 5.00000000
v -7.18848000 -34.41800000 5.00000000
v -16.26460000 -13.13280000 5.00000000
v -12.40920000 -10.24120000 5.00000000
v -18.27340000 -2.85156000 5.00000000
v -6.62695000 -32.81150000 5.00000000
v -6.46582000 -33.05180000 5.00000000
v -6.46582000 -32.97170000 5.00000000
v -16.10450000 -13.05180000 5.00000000
v -15.78320000 -12.81150000 5.00000000
v -6.38574000 -33.13280000 5.00000000
v -6.46582000 -33.29300000 5.00000000
v -15.86330000 -12.89160000 5.00000000
v -15.70310000 -12.81150000 5.00000000
v -6.46582000 -33.77540000 5.00000000
v -6.54590000 -33.85550000 5.00000000
v -15.30080000 -12.49020000 5.00000000
v -15.46190000 -12.65040000 5.00000000
v -16.66700000 -1.64648000 5.00000000
v -16.74710000 -1.64648000 5.00000000
v -17.06840000 -1.96777000 5.00000000
v -15.22070000 -12.49020000 5.00000000
v -11.04390000 -9.03613000 5.00000000
v -8.15234000 -34.65820000 5.00000000
v -14.97950000 -12.32910000 5.00000000
v -14.73930000 -12.16890000 5.00000000
v -14.49800000 -12.00780000 5.00000000
v -22.69040000 -5.02051000 5.00000000
v -14.17680000 -11.76660000 5.00000000
v -13.77540000 -11.44530000 5.00000000
v -15.46190000 -0.60253900 5.00000000
v -15.54200000 -0.60253900 5.00000000
v -16.18460000 -1.24512000 5.00000000
v -13.29300000 -11.04390000 5.00000000
v -13.69430000 1.08398000 5.00000000
v -6.62695000 -5.02051000 5.00000000
v -5.74316000 -4.21680000 5.00000000
v -12.81150000 -10.64260000 5.00000000
v -4.69922000 -3.25293000 5.00000000
v -12.32910000 -10.24120000 5.00000000
v -3.81543000 -2.45020000 5.00000000
v -11.60640000 -9.59863000 5.00000000
v -21.88770000 15.94340000 5.00000000
v -21.72660000 15.94340000 5.00000000
v -21.96780000 16.02440000 5.00000000
v -10.32130000 -8.39355000 5.00000000
v -10.96390000 -9.03613000 5.00000000
v -17.14840000 23.81540000 5.00000000
v -21.48630000 15.86330000 5.00000000
v -21.24510000 15.78320000 5.00000000
v -9.43750000 -7.59082000 5.00000000
v -10.24120000 -8.39355000 5.00000000
v -15.46190000 22.53030000 5.00000000
v -20.04000000 15.22070000 5.00000000
v -19.87990000 15.14060000 5.00000000
v 18.03220000 -12.81150000 5.00000000
v 22.36910000 -4.69922000 5.00000000
v 22.12890000 -4.61816000 5.00000000
v -8.55469000 -6.78711000 5.00000000
v -9.35742000 -7.59082000 5.00000000
v -13.53420000 21.32520000 5.00000000
v -13.45410000 21.72660000 5.00000000
v -13.53420000 21.64650000 5.00000000
v -7.67090000 -5.98438000 5.00000000
v -8.47363000 -6.78711000 5.00000000
v -2.53027000 42.69040000 5.00000000
v -2.53027000 -1.32520000 5.00000000
v -7.59082000 -5.98438000 5.00000000
v -13.45410000 24.13670000 5.00000000
v -13.37300000 24.21680000 5.00000000
v 35.94340000 -13.29300000 5.00000000
v 36.10450000 -13.21290000 5.00000000
v 31.28520000 -3.81543000 5.00000000
v -6.54590000 -5.02051000 5.00000000
v -5.66309000 -4.21680000 5.00000000
v -13.29300000 42.77150000 5.00000000
v -13.37300000 42.69040000 5.00000000
v -2.61035000 42.77150000 5.00000000
v 14.49800000 -13.85550000 5.00000000
v 3.33301000 -27.42970000 5.00000000
v 14.49800000 -27.42970000 5.00000000
v -4.61816000 -3.25293000 5.00000000
v -3.73535000 -2.45020000 5.00000000
v -2.77148000 -1.48633000 5.00000000
v 18.35350000 -13.05180000 5.00000000
v -2.69043000 -1.48633000 5.00000000
v 18.99610000 -13.45410000 5.00000000
v 22.61040000 -4.77930000 5.00000000
v 18.59470000 -13.21290000 5.00000000
v -21.08400000 15.70310000 5.00000000
v -20.84380000 15.62210000 5.00000000
v 44.85940000 -4.77930000 5.00000000
v 44.77930000 -4.93945000 5.00000000
v 44.85940000 -4.85938000 5.00000000
v -24.05660000 16.42580000 5.00000000
v -23.97560000 16.34570000 5.00000000
v -23.41410000 16.34570000 5.00000000
v -22.28910000 16.10450000 5.00000000
v -22.20900000 16.02440000 5.00000000
v -14.41800000 0.36132800 5.00000000
v -30.32130000 26.62700000 5.00000000
v -28.07230000 16.34570000 5.00000000
v -29.83980000 26.70700000 5.00000000
v -28.47360000 16.26460000 5.00000000
v -28.95610000 16.10450000 5.00000000
v -28.79490000 16.10450000 5.00000000
v -28.71480000 16.18460000 5.00000000
v -13.85550000 21.32520000 5.00000000
v -13.77540000 21.32520000 5.00000000
v -14.09670000 21.48630000 5.00000000
v -14.01560000 21.48630000 5.00000000
v -14.49800000 0.36132800 5.00000000
v -14.33690000 21.64650000 5.00000000
v -14.25680000 21.64650000 5.00000000
v -29.83980000 -15.22070000 5.00000000
v -27.83110000 -5.10059000 5.00000000
v -30.24120000 -15.14060000 5.00000000
v -14.65820000 21.88770000 5.00000000
v -14.57810000 21.88770000 5.00000000
v -15.06050000 22.20900000 5.00000000
v -14.97950000 22.20900000 5.00000000
v -29.83980000 15.70310000 5.00000000
v -30.00000000 15.62210000 5.00000000
v -29.91990000 15.62210000 5.00000000
v -15.38180000 22.53030000 5.00000000
v -37.71090000 23.73540000 5.00000000
v -31.52640000 14.73930000 5.00000000
v -37.30960000 23.97560000 5.00000000
v -15.94340000 22.93160000 5.00000000
v -15.86330000 22.93160000 5.00000000
v -33.13280000 25.90330000 5.00000000
v -29.35740000 15.94340000 5.00000000
v -32.57030000 26.06450000 5.00000000
v -16.34570000 23.25290000 5.00000000
v -16.26460000 23.25290000 5.00000000
v -18.51370000 24.69920000 5.00000000
v -16.66700000 23.49410000 5.00000000
v -16.58590000 23.49410000 5.00000000
v -29.75880000 15.70310000 5.00000000
v -29.67870000 15.78320000 5.00000000
v -16.90720000 23.65430000 5.00000000
v -16.82710000 23.65430000 5.00000000
v -17.06840000 23.81540000 5.00000000
v -22.85160000 26.46580000 5.00000000
v -22.28910000 26.30570000 5.00000000
v -17.46970000 24.05660000 5.00000000
v -17.38960000 24.05660000 5.00000000
v -17.63090000 24.21680000 5.00000000
v -17.71090000 24.21680000 5.00000000
v -18.35350000 24.61820000 5.00000000
v -17.95210000 24.37790000 5.00000000
v -17.87110000 24.37790000 5.00000000
v -19.79880000 25.34180000 5.00000000
v -22.93160000 16.26460000 5.00000000
v -22.61040000 16.18460000 5.00000000
v -18.11230000 24.53810000 5.00000000
v -18.19240000 24.53810000 5.00000000
v -18.27340000 24.61820000 5.00000000
v -30.24120000 15.46190000 5.00000000
v -30.16020000 15.54200000 5.00000000
v -30.32130000 15.46190000 5.00000000
v -18.43360000 24.69920000 5.00000000
v -23.89550000 26.70700000 5.00000000
v -24.37790000 26.78710000 5.00000000
v -18.67480000 24.85940000 5.00000000
v -18.75490000 24.85940000 5.00000000
v -18.91600000 24.93950000 5.00000000
v -18.83500000 24.93950000 5.00000000
v -19.07620000 25.02050000 5.00000000
v -18.99610000 25.02050000 5.00000000
v -19.39750000 25.18070000 5.00000000
v -19.23730000 25.10060000 5.00000000
v -19.15620000 25.10060000 5.00000000
v -19.55860000 25.26070000 5.00000000
v -19.31740000 25.18070000 5.00000000
v -23.49410000 26.62700000 5.00000000
v -19.47750000 25.26070000 5.00000000
v -39.55860000 22.36910000 5.00000000
v -32.89160000 13.61430000 5.00000000
v -32.24900000 14.17680000 5.00000000
v -19.63870000 25.34180000 5.00000000
v -40.20120000 21.80760000 5.00000000
v -42.04790000 19.96000000 5.00000000
v -33.37300000 13.13280000 5.00000000
v -19.87990000 25.42190000 5.00000000
v -19.96000000 25.42190000 5.00000000
v -20.76270000 25.74320000 5.00000000
v -21.32520000 25.98440000 5.00000000
v -20.04000000 25.50200000 5.00000000
v -20.12010000 25.50200000 5.00000000
v -20.52250000 25.66310000 5.00000000
v -20.20120000 25.58200000 5.00000000
v -20.28120000 25.58200000 5.00000000
v -20.36130000 25.66310000 5.00000000
v -43.17290000 18.59470000 5.00000000
v -43.33300000 18.35350000 5.00000000
v -34.25680000 12.08790000 5.00000000
v -20.60250000 25.74320000 5.00000000
v -33.37300000 13.05180000 5.00000000
v -33.93550000 12.49020000 5.00000000
v -20.84380000 25.82320000 5.00000000
v -20.92380000 25.82320000 5.00000000
v -21.00390000 25.90330000 5.00000000
v -21.08400000 25.90330000 5.00000000
v -21.16500000 25.98440000 5.00000000
v -22.04790000 26.22460000 5.00000000
v -21.72660000 26.14450000 5.00000000
v -21.40530000 26.06450000 5.00000000
v -21.48630000 26.06450000 5.00000000
v -21.56640000 26.14450000 5.00000000
v -29.51860000 15.86330000 5.00000000
v -33.77540000 25.66310000 5.00000000
v -21.80760000 26.22460000 5.00000000
v -34.41800000 25.42190000 5.00000000
v -22.12890000 26.30570000 5.00000000
v -43.57420000 18.03220000 5.00000000
v -34.41800000 11.84770000 5.00000000
v -22.36910000 26.38570000 5.00000000
v -22.53030000 26.38570000 5.00000000
v -22.61040000 26.46580000 5.00000000
v -33.37300000 25.82320000 5.00000000
v -22.93160000 26.54590000 5.00000000
v -23.17290000 26.54590000 5.00000000
v -31.36520000 14.81930000 5.00000000
v -31.12400000 14.97950000 5.00000000
v -23.25290000 26.62700000 5.00000000
v -42.93160000 18.91600000 5.00000000
v -42.61040000 19.31740000 5.00000000
v -23.57420000 26.70700000 5.00000000
v -25.02050000 26.86720000 5.00000000
v -28.47360000 26.94820000 5.00000000
v -28.55470000 26.86720000 5.00000000
v -23.97560000 26.78710000 5.00000000
v -34.57810000 11.60640000 5.00000000
v -34.73930000 11.36520000 5.00000000
v -34.57810000 11.52640000 5.00000000
v -24.45800000 26.86720000 5.00000000
v -34.89940000 11.12400000 5.00000000
v -34.73930000 11.28520000 5.00000000
v -25.10060000 26.94820000 5.00000000
v -29.27730000 26.86720000 5.00000000
v -29.35740000 26.78710000 5.00000000
v -44.13670000 17.14840000 5.00000000
v -44.37790000 16.74710000 5.00000000
v -29.75880000 26.78710000 5.00000000
v -34.97950000 10.96390000 5.00000000
v -34.89940000 11.04390000 5.00000000
v -30.24120000 26.70700000 5.00000000
v -30.88380000 15.14060000 5.00000000
v -30.72270000 15.22070000 5.00000000
v -30.48140000 15.38180000 5.00000000
v -30.64260000 26.62700000 5.00000000
v -30.72270000 26.54590000 5.00000000
v -43.73540000 17.79100000 5.00000000
v -43.89550000 17.54980000 5.00000000
v -31.04390000 26.54590000 5.00000000
v -31.12400000 26.46580000 5.00000000
v -31.76660000 26.30570000 5.00000000
v -32.00780000 26.22460000 5.00000000
v -31.44530000 26.38570000 5.00000000
v -31.36520000 26.46580000 5.00000000
v -32.32910000 26.14450000 5.00000000
v -31.68650000 26.38570000 5.00000000
v -44.69920000 16.18460000 5.00000000
v -31.92770000 26.30570000 5.00000000
v -31.84770000 14.49800000 5.00000000
v -31.76660000 14.49800000 5.00000000
v -32.24900000 26.22460000 5.00000000
v -32.89160000 25.98440000 5.00000000
v -32.49020000 26.14450000 5.00000000
v -33.61430000 25.74320000 5.00000000
v -32.81150000 26.06450000 5.00000000
v -37.95210000 23.57420000 5.00000000
v -33.05180000 25.98440000 5.00000000
v -35.06050000 10.80270000 5.00000000
v -33.29300000 25.90330000 5.00000000
v -47.18850000 8.47363000 5.00000000
v -36.18460000 7.42969000 5.00000000
v -47.10840000 9.11621000 5.00000000
v -33.53420000 25.82320000 5.00000000
v -36.02440000 24.69920000 5.00000000
v -36.18460000 24.61820000 5.00000000
v -33.69430000 25.74320000 5.00000000
v -34.25680000 25.50200000 5.00000000
v -34.01560000 25.58200000 5.00000000
v -33.93550000 25.66310000 5.00000000
v -35.14060000 10.64260000 5.00000000
v -45.10060000 15.46190000 5.00000000
v -35.22070000 10.48140000 5.00000000
v -34.17680000 25.58200000 5.00000000
v -32.81150000 13.61430000 5.00000000
v -34.33690000 25.50200000 5.00000000
v -35.22070000 25.10060000 5.00000000
v -35.38180000 25.02050000 5.00000000
v -34.81930000 25.26070000 5.00000000
v -34.57810000 25.42190000 5.00000000
v -34.65820000 25.34180000 5.00000000
v -34.73930000 25.34180000 5.00000000
v -34.97950000 25.26070000 5.00000000
v -35.06050000 25.18070000 5.00000000
v -35.14060000 25.18070000 5.00000000
v -36.10450000 7.99219000 5.00000000
v -46.94820000 10.08010000 5.00000000
v -47.02830000 9.67871000 5.00000000
v -35.30080000 25.10060000 5.00000000
v -47.26950000 3.81543000 5.00000000
v -36.26460000 4.53809000 5.00000000
v -36.26460000 6.78711000 5.00000000
v -35.46190000 25.02050000 5.00000000
v -35.54200000 24.93950000 5.00000000
v -47.26950000 7.75098000 5.00000000
v -35.62210000 24.93950000 5.00000000
v -35.70310000 24.85940000 5.00000000
v -35.78320000 9.19727000 5.00000000
v -35.70310000 9.43750000 5.00000000
v -46.22460000 12.73050000 5.00000000
v -35.78320000 24.85940000 5.00000000
v -35.86330000 24.77930000 5.00000000
v -35.94340000 24.77930000 5.00000000
v -36.10450000 24.69920000 5.00000000
v -36.50590000 24.45800000 5.00000000
v -36.90720000 24.21680000 5.00000000
v -36.34570000 24.53810000 5.00000000
v -36.26460000 24.61820000 5.00000000
v -36.66700000 24.37790000 5.00000000
v -36.42580000 24.53810000 5.00000000
v -47.18850000 3.01172000 5.00000000
v -36.58590000 24.45800000 5.00000000
v -36.74710000 24.37790000 5.00000000
v -36.98830000 24.21680000 5.00000000
v -37.06840000 24.13670000 5.00000000
v -37.14840000 24.13670000 5.00000000
v -45.66310000 14.17680000 5.00000000
v -45.82320000 13.77540000 5.00000000
v -35.54200000 9.83984000 5.00000000
v -37.38960000 23.97560000 5.00000000
v -37.46970000 23.89550000 5.00000000
v -37.54980000 23.89550000 5.00000000
v -46.70700000 11.12400000 5.00000000
v -36.02440000 8.39355000 5.00000000
v -46.54590000 11.68650000 5.00000000
v -37.79100000 23.73540000 5.00000000
v -36.18460000 3.89551000 5.00000000
v -36.10450000 3.41406000 5.00000000
v -36.10450000 3.81543000 5.00000000
v -38.03220000 23.57420000 5.00000000
v -38.19240000 23.41410000 5.00000000
v -38.27340000 23.41410000 5.00000000
v -38.51370000 23.17290000 5.00000000
v -35.62210000 9.59863000 5.00000000
v -35.62210000 9.51855000 5.00000000
v -38.59470000 23.17290000 5.00000000
v -38.75490000 23.01170000 5.00000000
v -38.83500000 23.01170000 5.00000000
v -39.07620000 22.77150000 5.00000000
v -39.15620000 22.77150000 5.00000000
v -42.04790000 20.04000000 5.00000000
v -39.63870000 22.36910000 5.00000000
v -46.94820000 1.48633000 5.00000000
v -46.86720000 1.08398000 5.00000000
v -40.28120000 21.80760000 5.00000000
v -45.02050000 15.62210000 5.00000000
v -35.94340000 8.71484000 5.00000000
v -42.61040000 19.39750000 5.00000000
v -46.62700000 0.12011700 5.00000000
v -36.02440000 2.93164000 5.00000000
v -46.70700000 0.44140600 5.00000000
v -42.93160000 18.99610000 5.00000000
v -46.78710000 0.76269500 5.00000000
v -43.17290000 18.67480000 5.00000000
v -35.94340000 8.47363000 5.00000000
v -43.33300000 18.43360000 5.00000000
v -35.70310000 9.27734000 5.00000000
v -43.57420000 18.11230000 5.00000000
v -43.73540000 17.87110000 5.00000000
v -35.94340000 2.61035000 5.00000000
v -43.89550000 17.63090000 5.00000000
v -44.05660000 17.30960000 5.00000000
v -44.05660000 17.38960000 5.00000000
v -46.46580000 -0.44140600 5.00000000
v -44.13670000 17.22850000 5.00000000
v -44.29690000 16.90720000 5.00000000
v -44.29690000 16.98830000 5.00000000
v -35.70310000 1.96777000 5.00000000
v -35.78320000 2.04785000 5.00000000
v -35.70310000 1.80762000 5.00000000
v -44.37790000 16.82710000 5.00000000
v -44.61820000 16.34570000 5.00000000
v -44.53810000 16.58590000 5.00000000
v -44.53810000 16.50590000 5.00000000
v -44.61820000 16.42580000 5.00000000
v -44.69920000 16.26460000 5.00000000
v -44.93950000 15.78320000 5.00000000
v -44.85940000 16.02440000 5.00000000
v -44.85940000 15.94340000 5.00000000
v -44.93950000 15.86330000 5.00000000
v -46.30570000 12.49020000 5.00000000
v -45.02050000 15.70310000 5.00000000
v -36.10450000 7.50977000 5.00000000
v -45.10060000 15.54200000 5.00000000
v -45.26070000 15.14060000 5.00000000
v -45.42190000 14.73930000 5.00000000
v -45.18070000 15.30080000 5.00000000
v -45.18070000 15.38180000 5.00000000
v -45.26070000 15.22070000 5.00000000
v -45.34180000 14.97950000 5.00000000
v -45.34180000 15.06050000 5.00000000
v -46.14450000 -1.32520000 5.00000000
v -46.06450000 -1.56641000 5.00000000
v -45.42190000 14.89940000 5.00000000
v -45.50200000 14.57810000 5.00000000
v -45.50200000 14.65820000 5.00000000
v -45.58200000 14.41800000 5.00000000
v -45.58200000 14.49800000 5.00000000
v -45.66310000 14.33690000 5.00000000
v -45.74320000 14.09670000 5.00000000
v -45.74320000 14.01560000 5.00000000
v -45.82320000 13.93550000 5.00000000
v -46.46580000 11.92770000 5.00000000
v -45.90330000 13.69430000 5.00000000
v -45.90330000 13.61430000 5.00000000
v -45.98440000 13.37300000 5.00000000
v -45.98440000 13.53420000 5.00000000
v -47.02830000 1.88770000 5.00000000
v -47.10840000 2.45020000 5.00000000
v -46.06450000 13.29300000 5.00000000
v -46.06450000 13.21290000 5.00000000
v -46.14450000 12.97170000 5.00000000
v -46.14450000 13.13280000 5.00000000
v -35.38180000 1.08398000 5.00000000
v -35.30080000 0.92382800 5.00000000
v -35.30080000 1.00391000 5.00000000
v -46.22460000 12.89160000 5.00000000
v -46.38570000 12.24900000 5.00000000
v -46.30570000 12.65040000 5.00000000
v -34.17680000 -0.76269500 5.00000000
v -42.69040000 -7.67090000 5.00000000
v -33.85550000 -1.16504000 5.00000000
v -46.38570000 12.40920000 5.00000000
v -35.38180000 1.16504000 5.00000000
v -35.46190000 1.24512000 5.00000000
v -46.46580000 12.16890000 5.00000000
v -45.34180000 -3.33301000 5.00000000
v -46.54590000 11.84770000 5.00000000
v -39.39750000 -10.96390000 5.00000000
v -39.07620000 -11.20510000 5.00000000
v -32.00780000 -3.01172000 5.00000000
v -46.62700000 11.60640000 5.00000000
v -46.62700000 11.44530000 5.00000000
v -46.70700000 11.36520000 5.00000000
v -46.78710000 11.04390000 5.00000000
v -46.78710000 10.80270000 5.00000000
v -35.46190000 1.32520000 5.00000000
v -35.54200000 1.40527000 5.00000000
v -46.86720000 10.72270000 5.00000000
v -46.86720000 10.48140000 5.00000000
v -32.73050000 -2.28906000 5.00000000
v -32.81150000 -2.28906000 5.00000000
v -46.94820000 10.40140000 5.00000000
v -47.02830000 10.00000000 5.00000000
v -47.10840000 9.59863000 5.00000000
v -31.60640000 -3.33301000 5.00000000
v -38.19240000 -11.84770000 5.00000000
v -47.18850000 9.03613000 5.00000000
v -47.34960000 7.67090000 5.00000000
v -47.26950000 8.39355000 5.00000000
v -31.52640000 -3.33301000 5.00000000
v -31.28520000 -3.57422000 5.00000000
v -47.34960000 3.89551000 5.00000000
v -36.58590000 -12.81150000 5.00000000
v -37.14840000 -12.49020000 5.00000000
v -47.26950000 3.09277000 5.00000000
v -47.18850000 2.53027000 5.00000000
v -34.81930000 0.12011700 5.00000000
v -34.65820000 -0.12011700 5.00000000
v -34.65820000 -0.04003910 5.00000000
v -47.75100000 -40.76270000 5.00000000
v -41.48630000 -42.61040000 5.00000000
v -41.48630000 -40.76270000 5.00000000
v -47.10840000 1.96777000 5.00000000
v -35.22070000 0.76269500 5.00000000
v -44.77930000 -4.45801000 5.00000000
v -44.45800000 -5.02051000 5.00000000
v -47.02830000 1.56641000 5.00000000
v -46.94820000 1.16504000 5.00000000
v -46.22460000 -1.08398000 5.00000000
v -46.38570000 -0.68261700 5.00000000
v -46.30570000 -0.92382800 5.00000000
v -46.86720000 0.84375000 5.00000000
v -44.21680000 -5.42188000 5.00000000
v -34.97950000 0.36132800 5.00000000
v -46.78710000 0.52246100 5.00000000
v -46.70700000 0.20117200 5.00000000
v -40.44140000 -10.08010000 5.00000000
v -39.87990000 -10.56250000 5.00000000
v -46.62700000 -0.12011700 5.00000000
v -46.54590000 -0.20117200 5.00000000
v -46.54590000 -0.36132800 5.00000000
v -46.46580000 -0.60253900 5.00000000
v -46.38570000 -0.84375000 5.00000000
v -41.40530000 -40.84380000 5.00000000
v -46.30570000 -1.00391000 5.00000000
v -46.14450000 -36.42580000 5.00000000
v -47.75100000 -36.50590000 5.00000000
v -46.22460000 -36.50590000 5.00000000
v -46.22460000 -1.24512000 5.00000000
v -30.08010000 -4.21680000 5.00000000
v -30.16020000 -4.21680000 5.00000000
v -30.00000000 -4.29688000 5.00000000
v -46.14450000 -1.48633000 5.00000000
v -29.83980000 -4.37793000 5.00000000
v -29.91990000 -4.29688000 5.00000000
v -46.06450000 -1.72656000 5.00000000
v -45.98440000 -1.80762000 5.00000000
v -45.98440000 -1.96777000 5.00000000
v -45.90330000 -2.04785000 5.00000000
v -45.82320000 -2.20898000 5.00000000
v -45.90330000 -2.12891000 5.00000000
v -43.97560000 -5.82324000 5.00000000
v -43.81540000 -6.06445000 5.00000000
v -41.72660000 -34.73930000 5.00000000
v -41.80760000 -35.14060000 5.00000000
v -41.72660000 -35.06050000 5.00000000
v -45.82320000 -2.36914000 5.00000000
v -45.74320000 -2.45020000 5.00000000
v -45.66310000 -2.61035000 5.00000000
v -45.74320000 -2.53027000 5.00000000
v -45.66310000 -2.77148000 5.00000000
v -45.58200000 -2.85156000 5.00000000
v -45.50200000 -3.01172000 5.00000000
v -45.58200000 -2.93164000 5.00000000
v -45.42190000 -3.17285000 5.00000000
v -45.50200000 -3.09277000 5.00000000
v -30.24120000 -4.13672000 5.00000000
v -30.32130000 -4.13672000 5.00000000
v -45.42190000 -3.25293000 5.00000000
v -35.06050000 -13.61430000 5.00000000
v -34.49800000 -13.85550000 5.00000000
v -45.34180000 -3.49414000 5.00000000
v -45.26070000 -3.57422000 5.00000000
v -45.18070000 -3.73535000 5.00000000
v -45.26070000 -3.65430000 5.00000000
v -45.10060000 -3.89551000 5.00000000
v -45.18070000 -3.81543000 5.00000000
v -44.85940000 -4.29688000 5.00000000
v -45.02050000 -4.05664000 5.00000000
v -45.10060000 -3.97559000 5.00000000
v -45.02050000 -4.13672000 5.00000000
v -44.85940000 -4.37793000 5.00000000
v -42.93160000 -7.34961000 5.00000000
v -44.77930000 -4.53809000 5.00000000
v -44.69920000 -4.61816000 5.00000000
v -44.69920000 -4.69922000 5.00000000
v -44.61820000 -4.77930000 5.00000000
v -44.61820000 -4.85938000 5.00000000
v -31.04390000 -3.73535000 5.00000000
v -35.86330000 -13.21290000 5.00000000
v -30.64260000 -3.97559000 5.00000000
v -44.45800000 -5.10059000 5.00000000
v -44.37790000 -5.18066000 5.00000000
v -44.37790000 -5.26074000 5.00000000
v -29.35740000 -4.53809000 5.00000000
v -29.43750000 -4.53809000 5.00000000
v -29.27730000 -4.61816000 5.00000000
v -44.21680000 -5.50195000 5.00000000
v -44.13670000 -5.58203000 5.00000000
v -36.90720000 -28.63480000 5.00000000
v -36.98830000 -28.55470000 5.00000000
v -39.07620000 -28.63480000 5.00000000
v -44.13670000 -5.66309000 5.00000000
v -30.48140000 -4.05664000 5.00000000
v -30.56250000 -3.97559000 5.00000000
v -43.97560000 -5.90332000 5.00000000
v -47.75100000 -30.72270000 5.00000000
v -46.06450000 -30.72270000 5.00000000
v -47.02830000 -28.87600000 5.00000000
v -43.81540000 -6.14453000 5.00000000
v -43.65430000 -6.30566000 5.00000000
v -28.87600000 -4.77930000 5.00000000
v -28.63480000 -4.85938000 5.00000000
v -28.71480000 -4.77930000 5.00000000
v -43.65430000 -6.38574000 5.00000000
v -43.57420000 -6.46582000 5.00000000
v -43.41410000 -6.70703000 5.00000000
v -43.57420000 -6.54590000 5.00000000
v -43.17290000 -7.02832000 5.00000000
v -43.41410000 -6.78711000 5.00000000
v -29.19730000 -4.61816000 5.00000000
v -29.11620000 -4.69922000 5.00000000
v -43.17290000 -7.10840000 5.00000000
v -34.09670000 -14.01560000 5.00000000
v -33.85550000 -14.09670000 5.00000000
v -47.75100000 -34.65820000 5.00000000
v -42.93160000 -7.42969000 5.00000000
v -42.69040000 -7.75098000 5.00000000
v -42.28910000 -8.15234000 5.00000000
v -33.45410000 -14.25680000 5.00000000
v -42.28910000 -8.23340000 5.00000000
v -41.56640000 -8.95605000 5.00000000
v -29.59860000 -4.45801000 5.00000000
v -41.56640000 -9.03613000 5.00000000
v -40.52250000 -10.08010000 5.00000000
v -33.21290000 -14.33690000 5.00000000
v -39.96000000 -10.56250000 5.00000000
v -28.39360000 -4.93945000 5.00000000
v -28.47360000 -4.85938000 5.00000000
v -39.47750000 -10.96390000 5.00000000
v -41.80760000 -28.79490000 5.00000000
v -41.72660000 -28.95610000 5.00000000
v -41.72660000 -28.87600000 5.00000000
v -39.15620000 -11.20510000 5.00000000
v -38.67480000 -11.52640000 5.00000000
v -38.43360000 -11.68650000 5.00000000
v -38.75490000 -11.52640000 5.00000000
v -38.99610000 -28.55470000 5.00000000
v -38.51370000 -11.68650000 5.00000000
v -32.97170000 -14.41800000 5.00000000
v -38.27340000 -11.84770000 5.00000000
v -37.54980000 -12.24900000 5.00000000
v -37.95210000 -12.00780000 5.00000000
v -37.71090000 -12.16890000 5.00000000
v -38.03220000 -12.00780000 5.00000000
v -28.95610000 -4.69922000 5.00000000
v -37.79100000 -12.16890000 5.00000000
v -32.73050000 -14.49800000 5.00000000
v -37.63090000 -12.24900000 5.00000000
v -37.30960000 -12.40920000 5.00000000
v -37.38960000 -12.40920000 5.00000000
v -36.74710000 -12.73050000 5.00000000
v -37.22850000 -12.49020000 5.00000000
v -36.90720000 -12.65040000 5.00000000
v -36.98830000 -12.65040000 5.00000000
v -36.82710000 -12.73050000 5.00000000
v -30.96390000 -14.97950000 5.00000000
v -31.28520000 -14.89940000 5.00000000
v -36.66700000 -12.81150000 5.00000000
v -36.34570000 -12.97170000 5.00000000
v -36.18460000 -13.05180000 5.00000000
v -36.42580000 -12.97170000 5.00000000
v -36.02440000 -13.13280000 5.00000000
v -36.26460000 -13.05180000 5.00000000
v -28.15230000 -4.93945000 5.00000000
v -28.07230000 -5.02051000 5.00000000
v -36.10450000 -13.13280000 5.00000000
v -27.91210000 -5.02051000 5.00000000
v -35.94340000 -13.21290000 5.00000000
v -32.16890000 -14.65820000 5.00000000
v -35.78320000 -13.29300000 5.00000000
v -35.70310000 -13.29300000 5.00000000
v -31.60640000 -14.81930000 5.00000000
v -35.62210000 -13.37300000 5.00000000
v -35.54200000 -13.37300000 5.00000000
v -27.42970000 -5.18066000 5.00000000
v -27.02830000 -5.26074000 5.00000000
v -27.10840000 -5.18066000 5.00000000
v -35.46190000 -13.45410000 5.00000000
v -35.38180000 -13.45410000 5.00000000
v -35.30080000 -13.53420000 5.00000000
v -35.22070000 -13.53420000 5.00000000
v -27.50980000 -5.10059000 5.00000000
v -35.14060000 -13.61430000 5.00000000
v -34.89940000 -13.69430000 5.00000000
v -34.97950000 -13.69430000 5.00000000
v -34.73930000 -13.77540000 5.00000000
v -34.81930000 -13.77540000 5.00000000
v -34.65820000 -13.85550000 5.00000000
v -34.33690000 -13.93550000 5.00000000
v -34.41800000 -13.93550000 5.00000000
v -34.25680000 -14.01560000 5.00000000
v -34.01560000 -14.09670000 5.00000000
v -33.69430000 -14.17680000 5.00000000
v -33.77540000 -14.17680000 5.00000000
v -33.61430000 -14.25680000 5.00000000
v -26.62700000 -5.26074000 5.00000000
v -26.54590000 -5.34180000 5.00000000
v -33.37300000 -14.33690000 5.00000000
v -30.64260000 -15.06050000 5.00000000
v -33.13280000 -14.41800000 5.00000000
v -32.89160000 -14.49800000 5.00000000
v -32.49020000 -14.57810000 5.00000000
v -32.65040000 -14.57810000 5.00000000
v -32.40920000 -14.65820000 5.00000000
v -31.92770000 -14.73930000 5.00000000
v -32.08790000 -14.73930000 5.00000000
v -31.84770000 -14.81930000 5.00000000
v 3.41406000 -27.50980000 5.00000000
v -29.35740000 -15.30080000 5.00000000
v -31.52640000 -14.89940000 5.00000000
v -27.99220000 -15.46190000 5.00000000
v -31.20510000 -14.97950000 5.00000000
v -28.79490000 -15.38180000 5.00000000
v -30.88380000 -15.06050000 5.00000000
v -26.78710000 -15.54200000 5.00000000
v -30.56250000 -15.14060000 5.00000000
v -30.16020000 -15.22070000 5.00000000
v -29.75880000 -15.30080000 5.00000000
v -29.27730000 -15.38180000 5.00000000
v -25.58200000 -15.62210000 5.00000000
v -28.71480000 -15.46190000 5.00000000
v -26.70700000 -15.62210000 5.00000000
v -27.91210000 -15.54200000 5.00000000
v -27.83110000 -32.89160000 5.00000000
v -27.91210000 -32.81150000 5.00000000
v -28.07230000 -32.81150000 5.00000000
v -28.63480000 -34.49800000 5.00000000
v -28.55470000 -34.57810000 5.00000000
v -28.47360000 -34.57810000 5.00000000
v -29.51860000 -4.45801000 5.00000000
v -35.62210000 1.64648000 5.00000000
v -35.54200000 1.56641000 5.00000000
v -29.67870000 -4.37793000 5.00000000
v -34.41800000 -0.44140600 5.00000000
v -30.40140000 -4.05664000 5.00000000
v -33.85550000 -1.08398000 5.00000000
v -30.88380000 -3.81543000 5.00000000
v -30.80270000 -3.81543000 5.00000000
v -34.17680000 -0.68261700 5.00000000
v -30.96390000 -3.73535000 5.00000000
v -31.20510000 -3.57422000 5.00000000
v -35.06050000 0.52246100 5.00000000
v -34.41800000 -0.36132800 5.00000000
v -31.92770000 -3.01172000 5.00000000
v -34.81930000 0.20117200 5.00000000
v -32.89160000 -2.20898000 5.00000000
v -34.97950000 0.44140600 5.00000000
v -35.06050000 0.60253900 5.00000000
v -32.89160000 -2.12891000 5.00000000
v -35.22070000 0.84375000 5.00000000
v -35.86330000 8.95605000 5.00000000
v -35.86330000 2.28906000 5.00000000
v -35.30080000 10.32130000 5.00000000
v -35.22070000 10.40140000 5.00000000
v -36.02440000 8.07227000 5.00000000
v -35.62210000 1.72656000 5.00000000
v -35.78320000 2.20898000 5.00000000
v -35.86330000 2.53027000 5.00000000
v -35.94340000 2.85156000 5.00000000
v -35.86330000 8.79492000 5.00000000
v -36.02440000 3.33301000 5.00000000
v -35.78320000 9.03613000 5.00000000
v -36.18460000 4.45801000 5.00000000
v -35.46190000 10.00000000 5.00000000
v -35.38180000 10.16020000 5.00000000
v -35.54200000 9.67871000 5.00000000
v -36.18460000 6.86719000 5.00000000
v -35.46190000 9.91992000 5.00000000
v -35.38180000 10.08010000 5.00000000
v -35.30080000 10.24120000 5.00000000
v -35.14060000 10.56250000 5.00000000
v -35.06050000 10.72270000 5.00000000
v -34.97950000 10.88380000 5.00000000
v -30.40140000 15.38180000 5.00000000
v -32.16890000 14.17680000 5.00000000
v -31.44530000 14.73930000 5.00000000
v -34.41800000 11.76660000 5.00000000
v -34.25680000 12.00780000 5.00000000
v -33.93550000 12.40920000 5.00000000
v -31.28520000 14.81930000 5.00000000
v -31.04390000 14.97950000 5.00000000
v -30.80270000 15.14060000 5.00000000
v -30.64260000 15.22070000 5.00000000
v -27.50980000 16.42580000 5.00000000
v -30.08010000 15.54200000 5.00000000
v -29.11620000 16.02440000 5.00000000
v -29.59860000 15.78320000 5.00000000
v -29.43750000 15.86330000 5.00000000
v -29.19730000 15.94340000 5.00000000
v -29.03610000 16.02440000 5.00000000
v -28.55470000 16.18460000 5.00000000
v -23.33300000 16.26460000 5.00000000
v -28.15230000 16.26460000 5.00000000
v -27.59080000 16.34570000 5.00000000
v -22.85160000 16.18460000 5.00000000
v -22.53030000 16.10450000 5.00000000
v -18.35350000 -2.85156000 5.00000000
v -21.64650000 15.86330000 5.00000000
v -21.40530000 15.78320000 5.00000000
v -21.16500000 15.70310000 5.00000000
v -21.00390000 15.62210000 5.00000000
v -20.68260000 15.54200000 5.00000000
v -20.76270000 15.54200000 5.00000000
v -20.52250000 15.46190000 5.00000000
v -20.36130000 15.38180000 5.00000000
v -20.20120000 15.30080000 5.00000000
v -20.60250000 15.46190000 5.00000000
v -20.44140000 15.38180000 5.00000000
v -20.12010000 15.22070000 5.00000000
v -20.28120000 15.30080000 5.00000000
v -19.71880000 15.06050000 5.00000000
v -19.55860000 14.97950000 5.00000000
v -19.96000000 15.14060000 5.00000000
v -19.39750000 14.89940000 5.00000000
v -19.79880000 15.06050000 5.00000000
v -19.63870000 14.97950000 5.00000000
v -19.47750000 14.89940000 5.00000000
v -19.15620000 14.73930000 5.00000000
v -18.91600000 14.57810000 5.00000000
v -18.75490000 14.49800000 5.00000000
v -19.23730000 14.73930000 5.00000000
v -18.99610000 14.57810000 5.00000000
v -18.83500000 14.49800000 5.00000000
v -18.43360000 14.25680000 5.00000000
v -18.51370000 14.25680000 5.00000000
v -18.19240000 14.09670000 5.00000000
v -18.27340000 14.09670000 5.00000000
v -17.95210000 13.85550000 5.00000000
v -17.87110000 13.85550000 5.00000000
v -17.71090000 13.69430000 5.00000000
v -17.63090000 13.69430000 5.00000000
v -17.38960000 13.45410000 5.00000000
v -17.06840000 13.21290000 5.00000000
v -16.66700000 12.97170000 5.00000000
v -13.69430000 10.56250000 5.00000000
v -16.74710000 12.97170000 5.00000000
v -13.61430000 21.24510000 5.00000000
v -16.34570000 12.65040000 5.00000000
v -16.26460000 12.65040000 5.00000000
v -15.94340000 12.32910000 5.00000000
v -15.86330000 12.32910000 5.00000000
v -15.54200000 12.00780000 5.00000000
v -15.46190000 12.00780000 5.00000000
v -15.14060000 11.68650000 5.00000000
v -15.06050000 11.68650000 5.00000000
v -14.65820000 11.28520000 5.00000000
v -14.57810000 11.28520000 5.00000000
v -14.25680000 10.96390000 5.00000000
v -14.17680000 10.96390000 5.00000000
v -13.93550000 10.72270000 5.00000000
v -13.85550000 10.72270000 5.00000000
v -16.26460000 -1.24512000 5.00000000
v -17.14840000 -1.96777000 5.00000000
v -17.46970000 -2.20898000 5.00000000
v -18.99610000 -3.33301000 5.00000000
v -18.11230000 -2.69043000 5.00000000
v -18.67480000 -3.09277000 5.00000000
v -19.07620000 -3.33301000 5.00000000
v -18.91600000 -3.25293000 5.00000000
v -19.31740000 -3.49414000 5.00000000
v -19.47750000 -3.57422000 5.00000000
v -20.60250000 -4.21680000 5.00000000
v -19.63870000 -3.65430000 5.00000000
v -19.87990000 -3.81543000 5.00000000
v -20.20120000 -3.97559000 5.00000000
v -20.36130000 -4.05664000 5.00000000
v -21.32520000 -4.53809000 5.00000000
v -20.52250000 -4.13672000 5.00000000
v -20.68260000 -4.21680000 5.00000000
v -20.92380000 -4.29688000 5.00000000
v -21.24510000 -4.45801000 5.00000000
v -21.48630000 -4.53809000 5.00000000
v -22.20900000 -4.85938000 5.00000000
v -22.45020000 -4.93945000 5.00000000
v -22.12890000 -4.77930000 5.00000000
v -23.01170000 -5.10059000 5.00000000
v -22.36910000 -4.85938000 5.00000000
v -22.61040000 -4.93945000 5.00000000
v -22.93160000 -5.02051000 5.00000000
v -23.25290000 -5.10059000 5.00000000
v -23.65430000 -5.18066000 5.00000000
v -24.21680000 -5.26074000 5.00000000
v 23.41410000 -5.02051000 5.00000000
v 23.33300000 -4.93945000 5.00000000
v 23.17290000 -4.93945000 5.00000000
v 34.73930000 -32.73050000 5.00000000
v 35.46190000 -34.41800000 5.00000000
v 35.06050000 -32.65040000 5.00000000
v 14.57810000 -13.77540000 5.00000000
v 14.57810000 -11.52640000 5.00000000
v 19.55860000 -13.77540000 5.00000000
v 22.85160000 -4.85938000 5.00000000
v 14.65820000 -11.44530000 5.00000000
v 14.65820000 -10.64260000 5.00000000
v 38.51370000 23.25290000 5.00000000
v 32.32910000 14.41800000 5.00000000
v 39.15620000 22.77150000 5.00000000
v -9.27734000 -30.00000000 5.00000000
v -9.67871000 -29.91990000 5.00000000
v -8.79492000 -30.72270000 5.00000000
v 20.68260000 26.38570000 5.00000000
v 21.24510000 26.54590000 5.00000000
v 20.92380000 26.46580000 5.00000000
v 47.59080000 8.31348000 5.00000000
v 47.50980000 8.39355000 5.00000000
v 47.59080000 7.34961000 5.00000000
v 14.97950000 -10.56250000 5.00000000
v 15.06050000 -10.56250000 5.00000000
v 14.89940000 -10.48140000 5.00000000
v 32.81150000 -14.49800000 5.00000000
v 33.13280000 -14.41800000 5.00000000
v 33.37300000 -14.33690000 5.00000000
v 15.22070000 -10.72270000 5.00000000
v 15.30080000 -10.72270000 5.00000000
v 29.27730000 -15.30080000 5.00000000
v 29.83980000 -15.22070000 5.00000000
v 27.75100000 -5.18066000 5.00000000
v 15.46190000 -10.88380000 5.00000000
v 15.54200000 -10.88380000 5.00000000
v 28.55470000 -15.38180000 5.00000000
v 25.26070000 -15.38180000 5.00000000
v 28.47360000 -15.46190000 5.00000000
v 15.78320000 -11.12400000 5.00000000
v 15.86330000 -11.12400000 5.00000000
v 24.61820000 -5.26074000 5.00000000
v 23.01170000 -14.97950000 5.00000000
v 23.33300000 -15.06050000 5.00000000
v 16.18460000 -11.44530000 5.00000000
v 16.26460000 -11.44530000 5.00000000
v 19.39750000 -13.69430000 5.00000000
v 19.23730000 -13.61430000 5.00000000
v 16.58590000 -11.76660000 5.00000000
v 16.66700000 -11.76660000 5.00000000
v 16.98830000 -12.08790000 5.00000000
v 17.06840000 -12.08790000 5.00000000
v 19.71880000 -13.85550000 5.00000000
v 17.30960000 -12.32910000 5.00000000
v 17.38960000 -12.32910000 5.00000000
v 18.83500000 -13.37300000 5.00000000
v 17.71090000 -12.65040000 5.00000000
v 17.79100000 -12.65040000 5.00000000
v 17.95210000 -12.81150000 5.00000000
v 20.28120000 -14.09670000 5.00000000
v 20.84380000 -14.33690000 5.00000000
v 23.73540000 -5.10059000 5.00000000
v 18.27340000 -13.05180000 5.00000000
v 25.34180000 -5.34180000 5.00000000
v 25.26070000 -5.26074000 5.00000000
v 18.51370000 -13.21290000 5.00000000
v 21.32520000 -14.49800000 5.00000000
v 21.56640000 -14.57810000 5.00000000
v 18.75490000 -13.37300000 5.00000000
v 19.87990000 -13.93550000 5.00000000
v 18.91600000 -13.45410000 5.00000000
v 21.08400000 -14.41800000 5.00000000
v 19.15620000 -13.61430000 5.00000000
v 20.04000000 -14.01560000 5.00000000
v 19.31740000 -13.69430000 5.00000000
v 19.47750000 -13.77540000 5.00000000
v 22.36910000 -14.81930000 5.00000000
v 24.13670000 -5.18066000 5.00000000
v 21.80760000 -14.65820000 5.00000000
v 19.63870000 -13.85550000 5.00000000
v 19.79880000 -13.93550000 5.00000000
v 20.44140000 -14.17680000 5.00000000
v 19.96000000 -14.01560000 5.00000000
v 20.60250000 -14.25680000 5.00000000
v 20.12010000 -14.09670000 5.00000000
v 20.36130000 -14.17680000 5.00000000
v 20.52250000 -14.25680000 5.00000000
v 20.68260000 -14.33690000 5.00000000
v 22.04790000 -14.73930000 5.00000000
v 20.92380000 -14.41800000 5.00000000
v 21.16500000 -14.49800000 5.00000000
v 21.40530000 -14.57810000 5.00000000
v 23.73540000 -15.14060000 5.00000000
v 21.64650000 -14.65820000 5.00000000
v 22.61040000 -14.89940000 5.00000000
v 21.88770000 -14.73930000 5.00000000
v 24.13670000 -15.22070000 5.00000000
v 22.12890000 -14.81930000 5.00000000
v 24.61820000 -15.30080000 5.00000000
v 22.45020000 -14.89940000 5.00000000
v 22.69040000 -14.97950000 5.00000000
v 26.54590000 -5.34180000 5.00000000
v 23.09280000 -15.06050000 5.00000000
v 23.41410000 -15.14060000 5.00000000
v 23.81540000 -15.22070000 5.00000000
v 28.87600000 -29.03610000 5.00000000
v 28.71480000 -28.87600000 5.00000000
v 28.87600000 -29.11620000 5.00000000
v 29.35740000 -4.69922000 5.00000000
v 29.27730000 -4.77930000 5.00000000
v 29.43750000 -4.69922000 5.00000000
v 24.21680000 -15.30080000 5.00000000
v 32.57030000 -14.57810000 5.00000000
v 29.03610000 -29.67870000 5.00000000
v 29.03610000 -29.35740000 5.00000000
v 28.95610000 -29.27730000 5.00000000
v 24.69920000 -15.38180000 5.00000000
v 26.94820000 -30.08010000 5.00000000
v 28.39360000 -30.80270000 5.00000000
v 29.19730000 -15.38180000 5.00000000
v 25.34180000 -15.46190000 5.00000000
v 26.94820000 -28.95610000 5.00000000
v 26.86720000 -29.03610000 5.00000000
v 26.86720000 -29.19730000 5.00000000
v 29.03610000 -4.85938000 5.00000000
v 32.00780000 -14.73930000 5.00000000
v 28.95610000 -29.19730000 5.00000000
v 29.75880000 -15.30080000 5.00000000
v 29.67870000 -4.61816000 5.00000000
v 29.11620000 -30.08010000 5.00000000
v 29.11620000 -29.75880000 5.00000000
v 28.71480000 -4.93945000 5.00000000
v 28.79490000 -4.85938000 5.00000000
v 30.32130000 -15.14060000 5.00000000
v 30.24120000 -15.22070000 5.00000000
v 28.71480000 -30.64260000 5.00000000
v 28.87600000 -30.48140000 5.00000000
v 33.61430000 -14.25680000 5.00000000
v 30.08010000 -4.45801000 5.00000000
v 28.31350000 -30.88380000 5.00000000
v 28.07230000 -30.88380000 5.00000000
v 30.64260000 -15.14060000 5.00000000
v 30.72270000 -15.06050000 5.00000000
v 30.56250000 -4.21680000 5.00000000
v 35.22070000 -13.61430000 5.00000000
v 35.38180000 -13.53420000 5.00000000
v 28.79490000 -30.64260000 5.00000000
v 30.96390000 -15.06050000 5.00000000
v 31.04390000 -14.97950000 5.00000000
v 34.65820000 -13.85550000 5.00000000
v 30.40140000 -4.29688000 5.00000000
v 28.55470000 -30.80270000 5.00000000
v 31.28520000 -14.97950000 5.00000000
v 31.36520000 -14.89940000 5.00000000
v 32.32910000 -14.65820000 5.00000000
v 29.03610000 -30.16020000 5.00000000
v 31.60640000 -14.89940000 5.00000000
v 31.68650000 -14.81930000 5.00000000
v 31.04390000 -3.89551000 5.00000000
v 30.96390000 -3.97559000 5.00000000
v 31.12400000 -3.89551000 5.00000000
v 28.87600000 -30.56250000 5.00000000
v 31.92770000 -14.81930000 5.00000000
v 24.53810000 -5.18066000 5.00000000
v 29.03610000 -30.32130000 5.00000000
v 32.24900000 -14.73930000 5.00000000
v 31.76660000 -3.49414000 5.00000000
v 32.08790000 -3.25293000 5.00000000
v 32.00780000 -3.25293000 5.00000000
v 32.49020000 -14.65820000 5.00000000
v 33.85550000 -14.17680000 5.00000000
v 34.01560000 -14.09670000 5.00000000
v 28.23340000 -28.71480000 5.00000000
v 28.47360000 -28.79490000 5.00000000
v 30.72270000 -4.13672000 5.00000000
v 32.73050000 -14.57810000 5.00000000
v 33.05180000 -14.49800000 5.00000000
v 37.22850000 -12.57030000 5.00000000
v 36.66700000 -12.89160000 5.00000000
v 33.29300000 -14.41800000 5.00000000
v 37.46970000 -42.53030000 5.00000000
v 37.87110000 -42.53030000 5.00000000
v 37.95210000 -42.45020000 5.00000000
v 37.63090000 -12.32910000 5.00000000
v 33.53420000 -14.33690000 5.00000000
v 34.25680000 -14.01560000 5.00000000
v 34.49800000 -13.93550000 5.00000000
v 33.77540000 -14.25680000 5.00000000
v 35.06050000 -13.69430000 5.00000000
v 33.93550000 -14.17680000 5.00000000
v 34.89940000 -13.77540000 5.00000000
v 34.17680000 -14.09670000 5.00000000
v 31.52640000 -3.65430000 5.00000000
v 34.41800000 -14.01560000 5.00000000
v 34.57810000 -13.93550000 5.00000000
v 38.51370000 -11.76660000 5.00000000
v 38.75490000 -11.60640000 5.00000000
v 32.40920000 -3.01172000 5.00000000
v 34.81930000 -13.85550000 5.00000000
v 35.78320000 -13.37300000 5.00000000
v 34.97950000 -13.77540000 5.00000000
v 35.62210000 -13.45410000 5.00000000
v 35.14060000 -13.69430000 5.00000000
v 36.26460000 -13.13280000 5.00000000
v 35.30080000 -13.61430000 5.00000000
v 36.42580000 -13.05180000 5.00000000
v 35.54200000 -13.53420000 5.00000000
v 39.07620000 -11.36520000 5.00000000
v 35.70310000 -13.45410000 5.00000000
v 34.09670000 -1.32520000 5.00000000
v 33.69430000 -1.80762000 5.00000000
v 42.28910000 -8.39355000 5.00000000
v 35.86330000 -13.37300000 5.00000000
v 36.02440000 -13.29300000 5.00000000
v 36.82710000 -12.81150000 5.00000000
v 36.18460000 -13.21290000 5.00000000
v 36.98830000 -12.73050000 5.00000000
v 36.34570000 -13.13280000 5.00000000
v 43.25290000 -7.18848000 5.00000000
v 34.41800000 -0.92382800 5.00000000
v 42.93160000 -7.59082000 5.00000000
v 36.50590000 -13.05180000 5.00000000
v 37.38960000 -12.49020000 5.00000000
v 36.74710000 -12.89160000 5.00000000
v 44.05660000 -6.06445000 5.00000000
v 34.97950000 -0.12011700 5.00000000
v 43.89550000 -6.30566000 5.00000000
v 36.90720000 -12.81150000 5.00000000
v 37.79100000 -12.24900000 5.00000000
v 38.03220000 -12.08790000 5.00000000
v 37.06840000 -12.73050000 5.00000000
v 35.22070000 0.28125000 5.00000000
v 35.06050000 0.04003910 5.00000000
v 37.30960000 -12.57030000 5.00000000
v 37.79100000 -34.65820000 5.00000000
v 38.35350000 -32.89160000 5.00000000
v 37.63090000 -34.57810000 5.00000000
v 44.37790000 -5.58203000 5.00000000
v 44.61820000 -5.18066000 5.00000000
v 35.38180000 0.52246100 5.00000000
v 37.46970000 -12.49020000 5.00000000
v 41.00390000 -9.75879000 5.00000000
v 41.56640000 -9.19727000 5.00000000
v 37.71090000 -12.32910000 5.00000000
v 35.78320000 -34.33690000 5.00000000
v 35.70310000 -34.41800000 5.00000000
v 45.34180000 -3.97559000 5.00000000
v 35.54200000 0.84375000 5.00000000
v 45.02050000 -4.53809000 5.00000000
v 37.87110000 -12.24900000 5.00000000
v 35.46190000 0.68261700 5.00000000
v 38.11230000 -12.08790000 5.00000000
v 38.27340000 -11.92770000 5.00000000
v 34.81930000 -0.36132800 5.00000000
v 38.35350000 -11.92770000 5.00000000
v 35.70310000 1.16504000 5.00000000
v 45.42190000 -3.81543000 5.00000000
v 45.50200000 -3.65430000 5.00000000
v 38.59470000 -11.76660000 5.00000000
v 33.77540000 -33.13280000 5.00000000
v 34.73930000 -34.73930000 5.00000000
v 33.93550000 -33.05180000 5.00000000
v 36.10450000 2.12891000 5.00000000
v 36.02440000 2.04785000 5.00000000
v 36.02440000 1.96777000 5.00000000
v 38.83500000 -11.60640000 5.00000000
v 33.77540000 -35.70310000 5.00000000
v 34.01560000 -35.46190000 5.00000000
v 34.01560000 -35.38180000 5.00000000
v 45.58200000 -3.49414000 5.00000000
v 35.78320000 1.32520000 5.00000000
v 39.15620000 -11.36520000 5.00000000
v 39.39750000 -11.12400000 5.00000000
v 41.08400000 -9.75879000 5.00000000
v 39.47750000 -11.12400000 5.00000000
v 39.79880000 -10.80270000 5.00000000
v 35.94340000 1.72656000 5.00000000
v 35.94340000 1.88770000 5.00000000
v 39.87990000 -10.80270000 5.00000000
v 40.20120000 -10.48140000 5.00000000
v 40.36130000 -40.52250000 5.00000000
v 40.28120000 -40.68260000 5.00000000
v 40.36130000 -40.60250000 5.00000000
v 42.28910000 -8.47363000 5.00000000
v 40.28120000 -10.48140000 5.00000000
v 38.35350000 -42.36910000 5.00000000
v 38.43360000 -42.28910000 5.00000000
v 38.27340000 -42.36910000 5.00000000
v 35.62210000 1.00391000 5.00000000
v 41.56640000 -9.27734000 5.00000000
v 37.71090000 -40.52250000 5.00000000
v 37.95210000 -40.36130000 5.00000000
v 37.87110000 -40.36130000 5.00000000
v 42.61040000 -8.07227000 5.00000000
v 42.61040000 -7.99219000 5.00000000
v 39.47750000 -41.48630000 5.00000000
v 38.99610000 -41.88770000 5.00000000
v 45.66310000 -3.33301000 5.00000000
v 38.19240000 -42.45020000 5.00000000
v 36.34570000 2.93164000 5.00000000
v 36.26460000 2.85156000 5.00000000
v 36.26460000 2.61035000 5.00000000
v 42.93160000 -7.67090000 5.00000000
v 39.47750000 -39.63870000 5.00000000
v 39.31740000 -39.63870000 5.00000000
v 39.55860000 -39.71880000 5.00000000
v 46.38570000 -1.56641000 5.00000000
v 46.46580000 -1.32520000 5.00000000
v 43.25290000 -7.26953000 5.00000000
v 38.67480000 -42.12890000 5.00000000
v 38.51370000 -42.28910000 5.00000000
v 43.49410000 -6.86719000 5.00000000
v 43.49410000 -6.94824000 5.00000000
v 40.28120000 -40.76270000 5.00000000
v 36.18460000 2.36914000 5.00000000
v 46.54590000 -1.08398000 5.00000000
v 43.73540000 -6.54590000 5.00000000
v 43.73540000 -6.62695000 5.00000000
v 38.75490000 -42.12890000 5.00000000
v 35.86330000 1.56641000 5.00000000
v 43.89550000 -6.38574000 5.00000000
v 40.44140000 -40.44140000 5.00000000
v 40.36130000 -40.20120000 5.00000000
v 44.05660000 -6.14453000 5.00000000
v 39.07620000 -41.88770000 5.00000000
v 44.21680000 -5.82324000 5.00000000
v 44.21680000 -5.90332000 5.00000000
v 44.53810000 -5.34180000 5.00000000
v 47.02830000 0.60253900 5.00000000
v 46.94820000 0.28125000 5.00000000
v 40.20120000 -40.04000000 5.00000000
v 40.36130000 -40.12010000 5.00000000
v 40.28120000 -40.04000000 5.00000000
v 44.37790000 -5.66309000 5.00000000
v 36.90720000 -34.33690000 5.00000000
v 37.14840000 -32.57030000 5.00000000
v 44.53810000 -5.42188000 5.00000000
v 45.82320000 14.65820000 5.00000000
v 35.70310000 10.24120000 5.00000000
v 46.06450000 14.09670000 5.00000000
v 44.61820000 -5.26074000 5.00000000
v 46.22460000 -1.96777000 5.00000000
v 38.59470000 -32.97170000 5.00000000
v 38.75490000 -33.05180000 5.00000000
v 38.67480000 -32.97170000 5.00000000
v 44.77930000 -5.02051000 5.00000000
v 36.34570000 3.17285000 5.00000000
v 36.42580000 3.25293000 5.00000000
v 45.26070000 -4.13672000 5.00000000
v 45.02050000 -4.61816000 5.00000000
v 48.23340000 -42.20900000 5.00000000
v 48.31350000 -42.20900000 5.00000000
v 48.39360000 -42.12890000 5.00000000
v 45.18070000 -4.29688000 5.00000000
v 45.18070000 -4.37793000 5.00000000
v 47.50980000 3.33301000 5.00000000
v 47.59080000 4.21680000 5.00000000
v 36.50590000 3.73535000 5.00000000
v 45.26070000 -4.21680000 5.00000000
v 36.18460000 8.71484000 5.00000000
v 47.10840000 10.80270000 5.00000000
v 47.02830000 11.20510000 5.00000000
v 45.34180000 -4.05664000 5.00000000
v 36.42580000 3.65430000 5.00000000
v 45.42190000 -3.89551000 5.00000000
v 45.50200000 -3.73535000 5.00000000
v 45.90330000 -2.77148000 5.00000000
v 45.74320000 -3.17285000 5.00000000
v 45.58200000 -3.57422000 5.00000000
v 49.75880000 -38.67480000 5.00000000
v 49.83980000 -38.83500000 5.00000000
v 49.83980000 -38.75490000 5.00000000
v 45.82320000 -3.01172000 5.00000000
v 45.66310000 -3.41406000 5.00000000
v 39.47750000 -33.53420000 5.00000000
v 38.03220000 -34.81930000 5.00000000
v 38.35350000 -35.06050000 5.00000000
v 46.14450000 -2.20898000 5.00000000
v 45.74320000 -3.25293000 5.00000000
v 35.78320000 10.00000000 5.00000000
v 35.70310000 10.08010000 5.00000000
v 45.82320000 -3.09277000 5.00000000
v 37.38960000 -34.49800000 5.00000000
v 37.46970000 -34.57810000 5.00000000
v 45.98440000 -2.61035000 5.00000000
v 45.90330000 -2.93164000 5.00000000
v 47.26950000 -32.73050000 5.00000000
v 47.18850000 -32.65040000 5.00000000
v 46.86720000 -32.65040000 5.00000000
v 46.06450000 -2.45020000 5.00000000
v 45.98440000 -2.69043000 5.00000000
v 39.47750000 -35.54200000 5.00000000
v 38.83500000 -35.46190000 5.00000000
v 39.07620000 -35.62210000 5.00000000
v 35.54200000 10.56250000 5.00000000
v 35.54200000 10.48140000 5.00000000
v 35.62210000 10.40140000 5.00000000
v 46.06450000 -2.53027000 5.00000000
v 46.62700000 -0.84375000 5.00000000
v 46.14450000 -2.36914000 5.00000000
v 46.30570000 13.45410000 5.00000000
v 35.94340000 9.59863000 5.00000000
v 36.02440000 9.35742000 5.00000000
v 46.22460000 -2.12891000 5.00000000
v 46.30570000 -1.80762000 5.00000000
v 35.62210000 10.32130000 5.00000000
v 38.99610000 -35.62210000 5.00000000
v 46.30570000 -1.88770000 5.00000000
v 46.38570000 -1.72656000 5.00000000
v 45.74320000 14.81930000 5.00000000
v 46.46580000 13.05180000 5.00000000
v 46.54590000 12.81150000 5.00000000
v 46.46580000 -1.48633000 5.00000000
v 46.86720000 -0.04003910 5.00000000
v 46.70700000 -0.60253900 5.00000000
v 46.78710000 -0.36132800 5.00000000
v 46.70700000 -34.17680000 5.00000000
v 46.30570000 -34.09670000 5.00000000
v 46.54590000 -1.24512000 5.00000000
v 35.14060000 11.20510000 5.00000000
v 35.30080000 11.04390000 5.00000000
v 35.14060000 11.28520000 5.00000000
v 39.15620000 -35.70310000 5.00000000
v 39.23730000 -35.70310000 5.00000000
v 46.62700000 -1.00391000 5.00000000
v 46.86720000 11.76660000 5.00000000
v 47.10840000 -38.91600000 5.00000000
v 47.34960000 -39.07620000 5.00000000
v 47.99220000 -37.38960000 5.00000000
v 46.70700000 -0.76269500 5.00000000
v 46.78710000 -0.52246100 5.00000000
v 35.38180000 10.88380000 5.00000000
v 44.69920000 16.58590000 5.00000000
v 44.61820000 -34.89940000 5.00000000
v 44.53810000 -35.06050000 5.00000000
v 44.61820000 -34.97950000 5.00000000
v 46.86720000 -0.28125000 5.00000000
v 35.86330000 9.83984000 5.00000000
v 44.45800000 -35.22070000 5.00000000
v 44.53810000 -35.14060000 5.00000000
v 46.94820000 0.04003910 5.00000000
v 47.34960000 2.12891000 5.00000000
v 47.18850000 1.24512000 5.00000000
v 47.26950000 1.56641000 5.00000000
v 47.02830000 0.36132800 5.00000000
v 33.85550000 13.05180000 5.00000000
v 33.85550000 12.97170000 5.00000000
v 34.25680000 12.57030000 5.00000000
v 49.91990000 -38.91600000 5.00000000
v 49.91990000 -39.07620000 5.00000000
v 47.10840000 0.68261700 5.00000000
v 47.10840000 0.92382800 5.00000000
v 45.34180000 15.54200000 5.00000000
v 49.91990000 -40.04000000 5.00000000
v 50.00000000 -39.96000000 5.00000000
v 47.18850000 1.00391000 5.00000000
v 34.89940000 11.68650000 5.00000000
v 34.73930000 11.92770000 5.00000000
v 34.73930000 11.84770000 5.00000000
v 46.62700000 -38.67480000 5.00000000
v 47.26950000 -37.06840000 5.00000000
v 47.02830000 -36.98830000 5.00000000
v 47.26950000 1.32520000 5.00000000
v 41.48630000 20.60250000 5.00000000
v 33.37300000 13.53420000 5.00000000
v 47.34960000 1.64648000 5.00000000
v 47.67090000 4.29688000 5.00000000
v 47.59080000 -42.53030000 5.00000000
v 47.67090000 -42.45020000 5.00000000
v 47.34960000 -42.53030000 5.00000000
v 47.42970000 2.20898000 5.00000000
v 47.42970000 2.61035000 5.00000000
v 32.65040000 14.09670000 5.00000000
v 32.73050000 14.09670000 5.00000000
v 47.26950000 -34.41800000 5.00000000
v 47.99220000 -32.97170000 5.00000000
v 47.75100000 -32.89160000 5.00000000
v 47.50980000 2.69043000 5.00000000
v 31.92770000 14.65820000 5.00000000
v 32.00780000 14.65820000 5.00000000
v 31.76660000 14.81930000 5.00000000
v 47.59080000 3.41406000 5.00000000
v 37.87110000 23.65430000 5.00000000
v 38.27340000 23.41410000 5.00000000
v 45.26070000 -34.33690000 5.00000000
v 45.34180000 -34.33690000 5.00000000
v 45.42190000 -34.25680000 5.00000000
v 47.67090000 7.26953000 5.00000000
v 47.50980000 8.95605000 5.00000000
v 47.42970000 9.03613000 5.00000000
v 49.67870000 -34.65820000 5.00000000
v 49.59860000 -34.57810000 5.00000000
v 49.67870000 -34.81930000 5.00000000
v 35.46190000 10.72270000 5.00000000
v 45.10060000 15.94340000 5.00000000
v 47.42970000 9.51855000 5.00000000
v 47.34960000 9.59863000 5.00000000
v 36.74710000 24.29690000 5.00000000
v 30.96390000 15.30080000 5.00000000
v 31.36520000 15.06050000 5.00000000
v 47.34960000 9.91992000 5.00000000
v 47.26950000 10.00000000 5.00000000
v 31.20510000 15.14060000 5.00000000
v 31.28520000 15.06050000 5.00000000
v 47.26950000 10.32130000 5.00000000
v 47.18850000 10.40140000 5.00000000
v 47.18850000 10.72270000 5.00000000
v 46.94820000 11.52640000 5.00000000
v 47.10840000 11.12400000 5.00000000
v 35.46190000 10.64260000 5.00000000
v 47.02830000 11.44530000 5.00000000
v 46.94820000 11.68650000 5.00000000
v 46.78710000 12.08790000 5.00000000
v 46.70700000 12.32910000 5.00000000
v 46.86720000 12.00780000 5.00000000
v 23.89550000 16.34570000 5.00000000
v 23.97560000 16.42580000 5.00000000
v 23.33300000 16.34570000 5.00000000
v 46.78710000 12.24900000 5.00000000
v 45.58200000 15.14060000 5.00000000
v 45.50200000 15.30080000 5.00000000
v 46.70700000 12.49020000 5.00000000
v 46.62700000 12.57030000 5.00000000
v 35.06050000 11.44530000 5.00000000
v 34.89940000 11.60640000 5.00000000
v 46.62700000 12.73050000 5.00000000
v 46.38570000 13.29300000 5.00000000
v 46.54590000 12.97170000 5.00000000
v 46.46580000 13.21290000 5.00000000
v 43.97560000 17.71090000 5.00000000
v 44.13670000 17.46970000 5.00000000
v 46.38570000 13.37300000 5.00000000
v 34.57810000 12.08790000 5.00000000
v 34.57810000 12.16890000 5.00000000
v 46.30570000 13.61430000 5.00000000
v 46.22460000 13.69430000 5.00000000
v 46.14450000 13.93550000 5.00000000
v 46.22460000 13.85550000 5.00000000
v 45.90330000 14.49800000 5.00000000
v 46.14450000 14.01560000 5.00000000
v 45.98440000 14.33690000 5.00000000
v 46.06450000 14.25680000 5.00000000
v 43.41410000 18.43360000 5.00000000
v 45.98440000 14.41800000 5.00000000
v 45.66310000 14.97950000 5.00000000
v 45.90330000 14.57810000 5.00000000
v 36.18460000 24.61820000 5.00000000
v 36.02440000 24.69920000 5.00000000
v 45.82320000 14.73930000 5.00000000
v 45.74320000 14.89940000 5.00000000
v 32.24900000 14.41800000 5.00000000
v 45.66310000 15.06050000 5.00000000
v 45.58200000 15.22070000 5.00000000
v 45.26070000 15.70310000 5.00000000
v 45.50200000 15.38180000 5.00000000
v 45.34180000 15.62210000 5.00000000
v 20.44140000 26.30570000 5.00000000
v 20.04000000 26.14450000 5.00000000
v 45.26070000 15.78320000 5.00000000
v 45.02050000 16.10450000 5.00000000
v 44.85940000 16.34570000 5.00000000
v 45.10060000 16.02440000 5.00000000
v 35.86330000 24.77930000 5.00000000
v 30.56250000 15.54200000 5.00000000
v 45.02050000 16.18460000 5.00000000
v 35.30080000 25.02050000 5.00000000
v 44.61820000 16.74710000 5.00000000
v 44.45800000 16.98830000 5.00000000
v 44.85940000 16.42580000 5.00000000
v 40.76270000 21.32520000 5.00000000
v 44.69920000 16.66700000 5.00000000
v 44.37790000 17.14840000 5.00000000
v 44.61820000 16.82710000 5.00000000
v 19.55860000 25.98440000 5.00000000
v 22.61040000 16.18460000 5.00000000
v 19.79880000 26.06450000 5.00000000
v 44.45800000 17.06840000 5.00000000
v 18.59470000 25.58200000 5.00000000
v 21.80760000 15.94340000 5.00000000
v 22.04790000 16.02440000 5.00000000
v 44.37790000 17.22850000 5.00000000
v 44.13670000 17.54980000 5.00000000
v 43.73540000 18.03220000 5.00000000
v 43.97560000 17.79100000 5.00000000
v 16.74710000 24.77930000 5.00000000
v 21.24510000 15.70310000 5.00000000
v 21.40530000 15.78320000 5.00000000
v 43.73540000 18.11230000 5.00000000
v 24.05660000 -5.10059000 5.00000000
v 43.09280000 18.83500000 5.00000000
v 43.41410000 18.51370000 5.00000000
v 42.61040000 19.39750000 5.00000000
v 43.09280000 18.91600000 5.00000000
v 40.84380000 21.32520000 5.00000000
v 42.61040000 19.47750000 5.00000000
v 41.48630000 20.68260000 5.00000000
v 39.71880000 22.36910000 5.00000000
v 39.63870000 22.36910000 5.00000000
v 39.23730000 22.77150000 5.00000000
v 29.67870000 16.02440000 5.00000000
v 29.83980000 15.94340000 5.00000000
v 33.93550000 25.58200000 5.00000000
v 38.75490000 23.09280000 5.00000000
v 30.00000000 15.86330000 5.00000000
v 38.03220000 23.57420000 5.00000000
v 38.83500000 23.09280000 5.00000000
v 21.64650000 26.62700000 5.00000000
v 38.59470000 23.25290000 5.00000000
v 38.35350000 23.41410000 5.00000000
v 29.43750000 16.10450000 5.00000000
v 29.51860000 16.02440000 5.00000000
v 38.11230000 23.57420000 5.00000000
v 37.06840000 24.13670000 5.00000000
v 37.63090000 23.81540000 5.00000000
v 37.22850000 24.05660000 5.00000000
v 37.95210000 23.65430000 5.00000000
v 37.38960000 23.97560000 5.00000000
v 37.71090000 23.81540000 5.00000000
v 33.53420000 25.74320000 5.00000000
v 37.46970000 23.97560000 5.00000000
v 32.32910000 26.22460000 5.00000000
v 32.08790000 26.30570000 5.00000000
v 29.19730000 16.18460000 5.00000000
v 37.30960000 24.05660000 5.00000000
v 37.14840000 24.13670000 5.00000000
v 21.08400000 15.62210000 5.00000000
v 36.98830000 24.21680000 5.00000000
v 36.90720000 24.21680000 5.00000000
v 36.50590000 24.45800000 5.00000000
v 36.34570000 24.53810000 5.00000000
v 36.82710000 24.29690000 5.00000000
v 36.58590000 24.45800000 5.00000000
v 33.13280000 25.90330000 5.00000000
v 36.42580000 24.53810000 5.00000000
v 36.26460000 24.61820000 5.00000000
v 35.70310000 24.85940000 5.00000000
v 36.10450000 24.69920000 5.00000000
v 27.67090000 16.34570000 5.00000000
v 28.39360000 16.34570000 5.00000000
v 27.59080000 16.42580000 5.00000000
v 35.94340000 24.77930000 5.00000000
v 35.54200000 24.93950000 5.00000000
v 35.78320000 24.85940000 5.00000000
v 35.62210000 24.93950000 5.00000000
v 35.14060000 25.10060000 5.00000000
v 34.73930000 25.26070000 5.00000000
v 35.46190000 25.02050000 5.00000000
v 34.97950000 25.18070000 5.00000000
v 35.22070000 25.10060000 5.00000000
v 20.28120000 15.22070000 5.00000000
v 15.14060000 23.89550000 5.00000000
v 14.89940000 23.73540000 5.00000000
v 35.06050000 25.18070000 5.00000000
v 34.65820000 25.34180000 5.00000000
v 34.57810000 25.34180000 5.00000000
v 34.17680000 25.50200000 5.00000000
v 34.89940000 25.26070000 5.00000000
v 34.41800000 25.42190000 5.00000000
v 34.33690000 25.50200000 5.00000000
v 34.49800000 25.42190000 5.00000000
v 33.77540000 25.66310000 5.00000000
v 16.26460000 24.53810000 5.00000000
v 20.92380000 15.54200000 5.00000000
v 16.42580000 24.61820000 5.00000000
v 34.09670000 25.58200000 5.00000000
v 19.87990000 14.97950000 5.00000000
v 14.41800000 23.41410000 5.00000000
v 14.17680000 23.25290000 5.00000000
v 33.85550000 25.66310000 5.00000000
v 33.37300000 25.82320000 5.00000000
v 33.69430000 25.74320000 5.00000000
v 33.45410000 25.82320000 5.00000000
v 32.57030000 26.14450000 5.00000000
v 33.29300000 25.90330000 5.00000000
v 32.97170000 25.98440000 5.00000000
v 33.05180000 25.98440000 5.00000000
v 32.81150000 26.06450000 5.00000000
v 32.89160000 26.06450000 5.00000000
v 32.49020000 26.22460000 5.00000000
v 21.64650000 15.86330000 5.00000000
v 21.72660000 15.86330000 5.00000000
v 32.73050000 26.14450000 5.00000000
v 31.84770000 26.38570000 5.00000000
v 31.52640000 26.46580000 5.00000000
v 32.24900000 26.30570000 5.00000000
v 21.16500000 15.62210000 5.00000000
v 32.00780000 26.38570000 5.00000000
v 22.85160000 16.18460000 5.00000000
v 22.93160000 16.26460000 5.00000000
v 31.76660000 26.46580000 5.00000000
v 20.44140000 15.30080000 5.00000000
v 20.52250000 15.30080000 5.00000000
v 20.60250000 15.38180000 5.00000000
v 31.44530000 26.54590000 5.00000000
v 31.20510000 26.54590000 5.00000000
v 20.76270000 15.46190000 5.00000000
v 16.10450000 24.45800000 5.00000000
v 31.12400000 26.62700000 5.00000000
v 30.80270000 26.62700000 5.00000000
v 14.65820000 23.57420000 5.00000000
v 30.72270000 26.70700000 5.00000000
v 30.32130000 26.70700000 5.00000000
v 18.67480000 14.09670000 5.00000000
v 18.91600000 14.33690000 5.00000000
v 18.59470000 14.09670000 5.00000000
v 19.63870000 14.81930000 5.00000000
v 13.93550000 23.09280000 5.00000000
v 30.24120000 26.78710000 5.00000000
v 29.67870000 26.78710000 5.00000000
v 23.73540000 26.86720000 5.00000000
v 28.71480000 26.86720000 5.00000000
v 28.63480000 26.94820000 5.00000000
v 29.59860000 26.86720000 5.00000000
v 13.61430000 22.85160000 5.00000000
v 23.81540000 26.94820000 5.00000000
v 22.77150000 26.78710000 5.00000000
v 22.85160000 26.86720000 5.00000000
v 20.36130000 15.22070000 5.00000000
v 22.12890000 26.70700000 5.00000000
v 22.20900000 26.78710000 5.00000000
v 18.19240000 25.42190000 5.00000000
v 17.79100000 25.26070000 5.00000000
v 21.72660000 26.70700000 5.00000000
v 15.54200000 24.13670000 5.00000000
v 21.32520000 26.62700000 5.00000000
v 20.20120000 26.22460000 5.00000000
v 21.00390000 26.54590000 5.00000000
v 18.99610000 14.33690000 5.00000000
v 19.15620000 14.49800000 5.00000000
v 20.76270000 26.46580000 5.00000000
v 20.52250000 26.38570000 5.00000000
v 19.39750000 14.65820000 5.00000000
v 20.28120000 26.30570000 5.00000000
v 13.21290000 22.53030000 5.00000000
v 20.12010000 26.22460000 5.00000000
v 20.12010000 15.06050000 5.00000000
v 20.04000000 15.06050000 5.00000000
v 19.87990000 26.14450000 5.00000000
v 19.31740000 25.90330000 5.00000000
v 19.15620000 25.82320000 5.00000000
v 19.63870000 26.06450000 5.00000000
v 19.39750000 25.98440000 5.00000000
v 18.75490000 25.66310000 5.00000000
v 19.23730000 25.90330000 5.00000000
v 18.91600000 25.74320000 5.00000000
v 18.99610000 25.82320000 5.00000000
v 17.87110000 13.53420000 5.00000000
v 17.95210000 13.53420000 5.00000000
v 18.27340000 13.85550000 5.00000000
v 18.83500000 25.74320000 5.00000000
v 18.67480000 25.66310000 5.00000000
v 18.35350000 25.50200000 5.00000000
v 18.43360000 25.58200000 5.00000000
v 17.46970000 13.21290000 5.00000000
v 17.54980000 13.21290000 5.00000000
v 18.27340000 25.50200000 5.00000000
v 17.95210000 25.34180000 5.00000000
v 18.03220000 25.42190000 5.00000000
v 12.73050000 22.12890000 5.00000000
v 12.08790000 21.56640000 5.00000000
v 17.87110000 25.34180000 5.00000000
v 17.54980000 25.18070000 5.00000000
v 17.38960000 25.10060000 5.00000000
v 17.63090000 25.26070000 5.00000000
v 17.22850000 25.02050000 5.00000000
v 17.46970000 25.18070000 5.00000000
v 17.30960000 25.10060000 5.00000000
v 17.06840000 24.93950000 5.00000000
v 17.14840000 25.02050000 5.00000000
v 16.90720000 24.85940000 5.00000000
v 16.98830000 24.93950000 5.00000000
v 16.98830000 12.81150000 5.00000000
v 10.64260000 20.28120000 5.00000000
v 16.82710000 24.85940000 5.00000000
v 11.52640000 21.08400000 5.00000000
v 16.58590000 24.77930000 5.00000000
v 16.34570000 24.61820000 5.00000000
v 16.18460000 24.53810000 5.00000000
v 15.94340000 24.37790000 5.00000000
v 16.02440000 24.45800000 5.00000000
v 15.78320000 24.29690000 5.00000000
v 15.86330000 24.37790000 5.00000000
v 16.34570000 12.24900000 5.00000000
v 16.42580000 12.24900000 5.00000000
v 15.70310000 24.29690000 5.00000000
v 15.38180000 24.05660000 5.00000000
v 15.46190000 24.13670000 5.00000000
v 15.30080000 24.05660000 5.00000000
v 15.06050000 23.89550000 5.00000000
v 15.70310000 11.68650000 5.00000000
v 9.51855000 19.23730000 5.00000000
v 15.14060000 11.20510000 5.00000000
v 14.81930000 23.73540000 5.00000000
v 15.22070000 11.20510000 5.00000000
v 14.57810000 23.57420000 5.00000000
v 17.06840000 12.81150000 5.00000000
v 14.33690000 23.41410000 5.00000000
v 14.09670000 23.25290000 5.00000000
v 13.85550000 23.09280000 5.00000000
v 14.57810000 10.72270000 5.00000000
v 14.65820000 10.72270000 5.00000000
v 13.53420000 22.85160000 5.00000000
v 7.67090000 17.46970000 5.00000000
v 13.13280000 22.53030000 5.00000000
v 12.65040000 22.12890000 5.00000000
v 14.49800000 10.64260000 5.00000000
v 23.65430000 -5.02051000 5.00000000
v 12.00780000 21.56640000 5.00000000
v 4.29688000 14.17680000 5.00000000
v 11.44530000 21.08400000 5.00000000
v 10.56250000 20.28120000 5.00000000
v 32.32910000 -3.01172000 5.00000000
v 9.43750000 19.23730000 5.00000000
v 7.59082000 17.46970000 5.00000000
v 21.88770000 -4.53809000 5.00000000
v 4.21680000 14.17680000 5.00000000
v 3.33301000 13.29300000 5.00000000
v 14.41800000 -27.50980000 5.00000000
v 18.19240000 -2.45020000 5.00000000
v 18.51370000 -2.69043000 5.00000000
v 18.27340000 -2.45020000 5.00000000
v 23.09280000 -4.85938000 5.00000000
v 22.53030000 -4.69922000 5.00000000
v 22.77150000 -4.77930000 5.00000000
v 22.28910000 -4.61816000 5.00000000
v 22.04790000 -4.53809000 5.00000000
v 21.48630000 -4.37793000 5.00000000
v 21.72660000 -4.45801000 5.00000000
v 21.32520000 -4.29688000 5.00000000
v 20.76270000 -4.05664000 5.00000000
v 21.16500000 -4.21680000 5.00000000
v 21.80760000 -4.45801000 5.00000000
v 21.40530000 -4.29688000 5.00000000
v 21.64650000 -4.37793000 5.00000000
v 21.24510000 -4.21680000 5.00000000
v 21.00390000 -4.13672000 5.00000000
v 21.08400000 -4.13672000 5.00000000
v 20.92380000 -4.05664000 5.00000000
v 20.44140000 -3.89551000 5.00000000
v 20.60250000 -3.97559000 5.00000000
v 20.52250000 -3.89551000 5.00000000
v 20.68260000 -3.97559000 5.00000000
v 20.28120000 -3.73535000 5.00000000
v 20.20120000 -3.73535000 5.00000000
v 20.04000000 -3.65430000 5.00000000
v 14.49800000 0.52246100 5.00000000
v 19.87990000 -3.57422000 5.00000000
v 20.12010000 -3.65430000 5.00000000
v 19.71880000 -3.49414000 5.00000000
v 19.96000000 -3.57422000 5.00000000
v 19.79880000 -3.49414000 5.00000000
v 19.47750000 -3.33301000 5.00000000
v 19.55860000 -3.33301000 5.00000000
v 19.23730000 -3.17285000 5.00000000
v 19.31740000 -3.17285000 5.00000000
v 18.99610000 -3.01172000 5.00000000
v 19.07620000 -3.01172000 5.00000000
v 18.75490000 -2.85156000 5.00000000
v 18.83500000 -2.85156000 5.00000000
v 18.59470000 -2.69043000 5.00000000
v 17.87110000 -2.20898000 5.00000000
v 17.95210000 -2.20898000 5.00000000
v 17.54980000 -1.96777000 5.00000000
v 17.63090000 -1.96777000 5.00000000
v 14.81930000 -10.48140000 5.00000000
v 17.30960000 -1.80762000 5.00000000
v 17.38960000 -1.80762000 5.00000000
v 16.90720000 -1.48633000 5.00000000
v 16.98830000 -1.48633000 5.00000000
v 16.42580000 -1.08398000 5.00000000
v 16.50590000 -1.08398000 5.00000000
v 15.94340000 -0.68261700 5.00000000
v 16.02440000 -0.68261700 5.00000000
v 15.54200000 -0.36132800 5.00000000
v 15.62210000 -0.36132800 5.00000000
v 15.06050000 0.04003910 5.00000000
v 15.14060000 0.04003910 5.00000000
v 14.65820000 0.36132800 5.00000000
v 14.73930000 0.36132800 5.00000000
v 15.78320000 11.68650000 5.00000000
v 18.35350000 13.85550000 5.00000000
v 21.32520000 15.70310000 5.00000000
v 19.23730000 14.49800000 5.00000000
v 19.47750000 14.65820000 5.00000000
v 22.20900000 16.02440000 5.00000000
v 22.28910000 16.10450000 5.00000000
v 19.71880000 14.81930000 5.00000000
v 19.96000000 14.97950000 5.00000000
v 23.25290000 16.26460000 5.00000000
v 20.68260000 15.38180000 5.00000000
v 20.84380000 15.46190000 5.00000000
v 28.87600000 16.26460000 5.00000000
v 21.00390000 15.54200000 5.00000000
v 21.56640000 15.78320000 5.00000000
v 28.47360000 16.26460000 5.00000000
v 21.96780000 15.94340000 5.00000000
v 28.95610000 16.18460000 5.00000000
v 29.27730000 16.10450000 5.00000000
v 22.53030000 16.10450000 5.00000000
v 30.16020000 15.78320000 5.00000000
v 29.75880000 15.94340000 5.00000000
v 30.40140000 15.62210000 5.00000000
v 29.91990000 15.86330000 5.00000000
v 30.08010000 15.78320000 5.00000000
v 30.32130000 15.62210000 5.00000000
v 30.80270000 15.38180000 5.00000000
v 33.29300000 13.53420000 5.00000000
v 30.48140000 15.54200000 5.00000000
v 30.72270000 15.38180000 5.00000000
v 30.88380000 15.30080000 5.00000000
v 31.60640000 14.89940000 5.00000000
v 31.12400000 15.14060000 5.00000000
v 34.25680000 12.49020000 5.00000000
v 31.52640000 14.89940000 5.00000000
v 31.68650000 14.81930000 5.00000000
v 35.06050000 11.36520000 5.00000000
v 35.30080000 10.96390000 5.00000000
v 35.38180000 10.80270000 5.00000000
v 36.10450000 9.03613000 5.00000000
v 36.10450000 8.79492000 5.00000000
v 36.26460000 8.39355000 5.00000000
v 36.18460000 8.47363000 5.00000000
v 35.78320000 9.91992000 5.00000000
v 36.34570000 7.99219000 5.00000000
v 36.42580000 7.59082000 5.00000000
v 35.86330000 9.67871000 5.00000000
v 35.94340000 9.43750000 5.00000000
v 36.50590000 6.86719000 5.00000000
v 36.42580000 6.94824000 5.00000000
v 36.02440000 9.11621000 5.00000000
v 36.26460000 8.07227000 5.00000000
v 36.34570000 7.67090000 5.00000000
v 36.18460000 2.53027000 5.00000000
v 36.10450000 2.28906000 5.00000000
v 35.86330000 1.64648000 5.00000000
v 35.78320000 1.48633000 5.00000000
v 35.70310000 1.24512000 5.00000000
v 35.62210000 1.08398000 5.00000000
v 35.54200000 0.92382800 5.00000000
v 35.46190000 0.76269500 5.00000000
v 35.38180000 0.60253900 5.00000000
v 35.22070000 0.36132800 5.00000000
v 35.06050000 0.12011700 5.00000000
v 34.97950000 -0.04003910 5.00000000
v 34.65820000 -0.60253900 5.00000000
v 34.81930000 -0.28125000 5.00000000
v 34.65820000 -0.52246100 5.00000000
v 34.41800000 -0.84375000 5.00000000
v 34.09670000 -1.24512000 5.00000000
v 33.69430000 -1.72656000 5.00000000
v 33.05180000 -2.45020000 5.00000000
v 32.97170000 -2.45020000 5.00000000
v 26.62700000 -5.26074000 5.00000000
v 27.34960000 -5.26074000 5.00000000
v 31.68650000 -3.49414000 5.00000000
v 31.20510000 -3.81543000 5.00000000
v 31.44530000 -3.65430000 5.00000000
v 30.24120000 -4.37793000 5.00000000
v 30.88380000 -3.97559000 5.00000000
v 30.64260000 -4.13672000 5.00000000
v 29.83980000 -4.53809000 5.00000000
v 30.48140000 -4.21680000 5.00000000
v 30.32130000 -4.29688000 5.00000000
v 30.16020000 -4.37793000 5.00000000
v 29.91990000 -4.45801000 5.00000000
v 29.51860000 -4.61816000 5.00000000
v 29.75880000 -4.53809000 5.00000000
v 28.47360000 -5.02051000 5.00000000
v 29.11620000 -4.77930000 5.00000000
v 28.15230000 -5.10059000 5.00000000
v 28.55470000 -4.93945000 5.00000000
v 28.23340000 -5.02051000 5.00000000
v 27.83110000 -5.10059000 5.00000000
v 27.42970000 -5.18066000 5.00000000
v 27.83110000 -30.96390000 5.00000000
v 27.99220000 -30.96390000 5.00000000
v 27.75100000 -30.88380000 5.00000000
v 39.55860000 -41.48630000 5.00000000
v 37.38960000 -40.68260000 5.00000000
v 37.22850000 -40.76270000 5.00000000
v 40.04000000 -39.87990000 5.00000000
v 39.96000000 -39.87990000 5.00000000
v 38.51370000 -39.87990000 5.00000000
v 32.81150000 -33.85550000 5.00000000
v 34.41800000 -34.97950000 5.00000000
v 33.29300000 -33.45410000 5.00000000
v 38.91600000 -39.63870000 5.00000000
v 38.75490000 -39.63870000 5.00000000
v 38.27340000 -32.81150000 5.00000000
v 38.11230000 -32.81150000 5.00000000
v 39.79880000 -39.79880000 5.00000000
v 39.87990000 -39.79880000 5.00000000
v 38.99610000 -33.21290000 5.00000000
v 35.46190000 -32.57030000 5.00000000
v 39.71880000 -39.71880000 5.00000000
v 28.63480000 -28.87600000 5.00000000
v 40.44140000 -40.28120000 5.00000000
v 37.06840000 -32.49020000 5.00000000
v 26.86720000 -29.75880000 5.00000000
v 28.55470000 -28.79490000 5.00000000
v 28.39360000 -28.71480000 5.00000000
v 28.15230000 -28.63480000 5.00000000
v 27.83110000 -28.63480000 5.00000000
v 26.78710000 -29.27730000 5.00000000
v 27.59080000 -28.55470000 5.00000000
v 27.50980000 -28.63480000 5.00000000
v 27.75100000 -28.55470000 5.00000000
v 27.18850000 -28.63480000 5.00000000
v 26.94820000 -28.87600000 5.00000000
v 17.14840000 -37.30960000 5.00000000
v 17.14840000 -36.26460000 5.00000000
v 17.06840000 -37.38960000 5.00000000
v 26.78710000 -29.67870000 5.00000000
v 26.86720000 -30.00000000 5.00000000
v 18.19240000 -34.81930000 5.00000000
v 18.03220000 -34.89940000 5.00000000
v 18.11230000 -34.89940000 5.00000000
v 15.22070000 -33.21290000 5.00000000
v 15.30080000 -33.05180000 5.00000000
v 15.22070000 -33.13280000 5.00000000
v 26.94820000 -30.24120000 5.00000000
v 27.02830000 -30.32130000 5.00000000
v 18.35350000 -34.73930000 5.00000000
v 18.43360000 -34.73930000 5.00000000
v 18.51370000 -34.65820000 5.00000000
v 27.02830000 -30.40140000 5.00000000
v 27.10840000 -30.48140000 5.00000000
v 27.10840000 -30.56250000 5.00000000
v 27.34960000 -30.80270000 5.00000000
v 19.55860000 -32.57030000 5.00000000
v 20.68260000 -32.49020000 5.00000000
v 19.63870000 -32.49020000 5.00000000
v 14.97950000 -40.68260000 5.00000000
v 15.06050000 -40.76270000 5.00000000
v 33.45410000 -41.88770000 5.00000000
v 33.53420000 -41.88770000 5.00000000
v 33.29300000 -41.72660000 5.00000000
v 27.42970000 -30.80270000 5.00000000
v -10.64260000 -30.48140000 5.00000000
v -10.00000000 -29.91990000 5.00000000
v 27.50980000 -30.88380000 5.00000000
v 35.78320000 -40.92380000 5.00000000
v 35.70310000 -40.84380000 5.00000000
v 35.46190000 -40.84380000 5.00000000
v 31.12400000 -37.38960000 5.00000000
v 31.12400000 -37.46970000 5.00000000
v 31.20510000 -37.54980000 5.00000000
v -6.78711000 -42.53030000 5.00000000
v -6.46582000 -42.36910000 5.00000000
v 4.61816000 -36.66700000 5.00000000
v 2.77148000 -36.02440000 5.00000000
v 2.69043000 -36.42580000 5.00000000
v -10.48140000 -40.84380000 5.00000000
v -10.40140000 -40.92380000 5.00000000
v -10.48140000 -40.60250000 5.00000000
v -39.07620000 -32.00780000 5.00000000
v -41.40530000 -42.53030000 5.00000000
v -38.91600000 -38.83500000 5.00000000
v -38.99610000 -32.08790000 5.00000000
v -38.99610000 -38.75490000 5.00000000
v -36.90720000 -42.53030000 5.00000000
v -37.54980000 -42.53030000 5.00000000
v -36.98830000 -42.61040000 5.00000000
v -38.43360000 -42.45020000 5.00000000
v -38.91600000 -42.45020000 5.00000000
v -37.46970000 -42.61040000 5.00000000
v -38.35350000 -42.53030000 5.00000000
v -50.00000000 -42.61040000 5.00000000
v -47.83110000 -40.68260000 5.00000000
v -47.83110000 -34.57810000 5.00000000
v -47.83110000 -36.58590000 5.00000000
v -47.83110000 -30.80270000 5.00000000
v -50.00000000 -28.95610000 5.00000000
v -41.80760000 -34.65820000 5.00000000
v -43.73540000 -36.34570000 5.00000000
v -41.88770000 -35.78320000 5.00000000
v -41.88770000 -36.34570000 5.00000000
v -43.81540000 -36.42580000 5.00000000
v -41.80760000 -35.70310000 5.00000000
v -49.43750000 -28.95610000 5.00000000
v -49.35740000 -28.87600000 5.00000000
v -45.98440000 -30.64260000 5.00000000
v -46.94820000 -28.79490000 5.00000000
v -41.56640000 -29.27730000 5.00000000
v -41.64650000 -29.19730000 5.00000000
v -41.56640000 -30.56250000 5.00000000
v -43.33300000 -28.79490000 5.00000000
v -43.49410000 -30.56250000 5.00000000
v -41.64650000 -29.03610000 5.00000000
v -41.88770000 -28.79490000 5.00000000
v -43.25290000 -28.71480000 5.00000000
v -41.96780000 -28.71480000 5.00000000
v -43.57420000 -30.64260000 5.00000000
v 7.26953000 -42.77150000 5.00000000
v 7.67090000 -42.77150000 5.00000000
v 7.75098000 -42.69040000 5.00000000
v -6.62695000 -42.53030000 5.00000000
v 31.28520000 -36.58590000 5.00000000
v 31.20510000 -37.30960000 5.00000000
v 33.21290000 -37.22850000 5.00000000
v 33.85550000 -42.04790000 5.00000000
v 33.69430000 -41.96780000 5.00000000
v 33.77540000 -42.04790000 5.00000000
v -6.86719000 -34.33690000 5.00000000
v -6.62695000 -34.09670000 5.00000000
v 8.31348000 -42.69040000 5.00000000
v 8.39355000 -42.61040000 5.00000000
v -10.88380000 -31.68650000 5.00000000
v -10.88380000 -32.00780000 5.00000000
v 15.06050000 -34.09670000 5.00000000
v 17.38960000 -35.54200000 5.00000000
v 17.22850000 -33.69430000 5.00000000
v -7.91211000 -34.57810000 5.00000000
v -8.47363000 -34.89940000 5.00000000
v 5.98438000 -32.81150000 5.00000000
v 5.82324000 -32.81150000 5.00000000
v 5.74316000 -32.89160000 5.00000000
v -8.63477000 -32.32910000 5.00000000
v -8.63477000 -31.28520000 5.00000000
v -8.71484000 -31.20510000 5.00000000
v -6.86719000 -40.76270000 5.00000000
v -2.20898000 -39.55860000 5.00000000
v -2.28906000 -41.56640000 5.00000000
v -2.20898000 -41.48630000 5.00000000
v -8.39355000 -42.45020000 5.00000000
v -8.23340000 -42.45020000 5.00000000
v -8.47363000 -42.36910000 5.00000000
v -7.75098000 -40.68260000 5.00000000
v -7.91211000 -40.68260000 5.00000000
v -9.59863000 -41.80760000 5.00000000
v -9.43750000 -41.96780000 5.00000000
v -9.35742000 -41.96780000 5.00000000
v -8.47363000 -40.12010000 5.00000000
v -8.47363000 -40.04000000 5.00000000
v -8.07227000 -40.52250000 5.00000000
v -8.15234000 -40.52250000 5.00000000
v -10.24120000 -41.16500000 5.00000000
v -8.31348000 -40.36130000 5.00000000
v -8.31348000 -40.28120000 5.00000000
v -8.71484000 -30.80270000 5.00000000
v -8.79492000 -38.99610000 5.00000000
v -10.72270000 -38.75490000 5.00000000
v -9.19727000 -30.00000000 5.00000000
v -8.47363000 -34.97950000 5.00000000
v -10.80270000 -37.06840000 5.00000000
v -8.71484000 -39.07620000 5.00000000
v -21.00390000 -36.26460000 5.00000000
v -20.92380000 -36.18460000 5.00000000
v -20.92380000 -36.10450000 5.00000000
v -10.96390000 -32.24900000 5.00000000
v -8.55469000 -32.49020000 5.00000000
v -6.38574000 -33.21290000 5.00000000
v -1.40527000 -35.62210000 5.00000000
v -0.68261700 -34.89940000 5.00000000
v -1.72656000 -33.69430000 5.00000000
v 49.43750000 -34.25680000 5.00000000
v 49.51860000 -34.41800000 5.00000000
v 49.51860000 -34.33690000 5.00000000
v -6.54590000 -34.01560000 5.00000000
v -6.62695000 -34.17680000 5.00000000
v -7.26953000 -34.49800000 5.00000000
v -6.94824000 -34.41800000 5.00000000
v -6.78711000 -34.33690000 5.00000000
v -1.64648000 -36.10450000 5.00000000
v -1.72656000 -36.26460000 5.00000000
v -1.64648000 -36.18460000 5.00000000
v 9.11621000 -32.73050000 5.00000000
v 8.95605000 -32.73050000 5.00000000
v 9.19727000 -32.81150000 5.00000000
v 2.61035000 -37.30960000 5.00000000
v 4.53809000 -36.98830000 5.00000000
v -20.04000000 -34.97950000 5.00000000
v -19.96000000 -34.97950000 5.00000000
v -7.02832000 -32.73050000 5.00000000
v 1.40527000 -33.05180000 5.00000000
v 0.12011700 -32.65040000 5.00000000
v 0.60253900 -34.49800000 5.00000000
v -2.28906000 -33.05180000 5.00000000
v -2.28906000 -32.97170000 5.00000000
v -2.36914000 -32.89160000 5.00000000
v -21.16500000 -36.74710000 5.00000000
v -21.08400000 -36.66700000 5.00000000
v -21.08400000 -36.50590000 5.00000000
v -8.31348000 -32.65040000 5.00000000
v -10.88380000 -34.57810000 5.00000000
v -8.55469000 -32.40920000 5.00000000
v -9.35742000 -29.91990000 5.00000000
v -8.79492000 -30.40140000 5.00000000
v -9.03613000 -30.08010000 5.00000000
v -10.56250000 -30.08010000 5.00000000
v -9.75879000 -29.83980000 5.00000000
v -9.91992000 -29.83980000 5.00000000
v -16.98830000 -40.76270000 5.00000000
v -16.42580000 -42.28910000 5.00000000
v -16.18460000 -42.20900000 5.00000000
v -10.32130000 -29.91990000 5.00000000
v -21.24510000 -37.30960000 5.00000000
v -21.16500000 -37.22850000 5.00000000
v -23.09280000 -38.83500000 5.00000000
v -23.09280000 -38.59470000 5.00000000
v -10.64260000 -30.24120000 5.00000000
v -10.72270000 -30.56250000 5.00000000
v -17.14840000 -32.65040000 5.00000000
v -17.22850000 -32.57030000 5.00000000
v -17.71090000 -32.57030000 5.00000000
v -10.96390000 -32.08790000 5.00000000
v -11.12400000 -34.33690000 5.00000000
v -11.28520000 -32.57030000 5.00000000
v -11.44530000 -32.65040000 5.00000000
v -11.84770000 -34.25680000 5.00000000
v -12.16890000 -34.25680000 5.00000000
v -12.24900000 -34.17680000 5.00000000
v -11.36520000 -32.57030000 5.00000000
v -12.65040000 -33.69430000 5.00000000
v -12.65040000 -33.93550000 5.00000000
v -11.76660000 -32.65040000 5.00000000
v -11.84770000 -32.73050000 5.00000000
v -12.73050000 -33.37300000 5.00000000
v -12.16890000 -32.73050000 5.00000000
v -12.40920000 -32.81150000 5.00000000
v -12.40920000 -34.17680000 5.00000000
v -12.73050000 -33.61430000 5.00000000
v -19.23730000 -34.49800000 5.00000000
v -19.15620000 -34.41800000 5.00000000
v -15.94340000 -42.12890000 5.00000000
v -15.78320000 -42.04790000 5.00000000
v -16.66700000 -40.60250000 5.00000000
v -10.88380000 -36.98830000 5.00000000
v -15.06050000 -39.63870000 5.00000000
v -15.46190000 -39.63870000 5.00000000
v -15.54200000 -39.71880000 5.00000000
v -11.76660000 -34.33690000 5.00000000
v -14.25680000 -40.84380000 5.00000000
v -14.33690000 -41.00390000 5.00000000
v -14.25680000 -40.92380000 5.00000000
v -10.72270000 -39.47750000 5.00000000
v -10.80270000 -38.67480000 5.00000000
v -16.66700000 -42.36910000 5.00000000
v -16.50590000 -42.36910000 5.00000000
v -10.56250000 -40.52250000 5.00000000
v -20.84380000 -38.99610000 5.00000000
v -22.53030000 -40.04000000 5.00000000
v -20.76270000 -39.15620000 5.00000000
v -10.40140000 -41.00390000 5.00000000
v -16.02440000 -42.20900000 5.00000000
v -10.24120000 -41.24510000 5.00000000
v -9.67871000 -41.80760000 5.00000000
v -15.86330000 -42.12890000 5.00000000
v -15.54200000 -41.96780000 5.00000000
v -15.30080000 -41.80760000 5.00000000
v -16.42580000 -40.44140000 5.00000000
v -9.27734000 -42.04790000 5.00000000
v -9.19727000 -42.04790000 5.00000000
v -9.03613000 -42.12890000 5.00000000
v -15.46190000 -41.96780000 5.00000000
v -8.87598000 -42.20900000 5.00000000
v -9.11621000 -42.12890000 5.00000000
v -8.71484000 -42.28910000 5.00000000
v -8.95605000 -42.20900000 5.00000000
v -8.63477000 -42.36910000 5.00000000
v -8.79492000 -42.28910000 5.00000000
v -6.86719000 -42.61040000 5.00000000
v -8.15234000 -42.53030000 5.00000000
v -7.75098000 -42.61040000 5.00000000
v 45.42190000 -42.69040000 5.00000000
v 46.78710000 -42.69040000 5.00000000
v 46.38570000 -41.08400000 5.00000000
v 48.07230000 -42.28910000 5.00000000
v 47.91210000 -42.36910000 5.00000000
v 47.99220000 -42.36910000 5.00000000
v 47.67090000 -37.22850000 5.00000000
v 47.50980000 -37.14840000 5.00000000
v 46.78710000 -38.75490000 5.00000000
v 49.67870000 -40.84380000 5.00000000
v 47.91210000 -40.20120000 5.00000000
v 49.59860000 -41.00390000 5.00000000
v 47.91210000 -39.63870000 5.00000000
v 47.99220000 -39.87990000 5.00000000
v 45.42190000 -41.00390000 5.00000000
v 45.18070000 -40.92380000 5.00000000
v 44.85940000 -42.53030000 5.00000000
v 48.47360000 -42.12890000 5.00000000
v 48.63480000 -41.96780000 5.00000000
v 46.70700000 -38.75490000 5.00000000
v 44.29690000 -42.36910000 5.00000000
v 45.02050000 -40.84380000 5.00000000
v 44.85940000 -40.76270000 5.00000000
v 47.75100000 -39.39750000 5.00000000
v 47.75100000 -39.47750000 5.00000000
v 49.67870000 -40.92380000 5.00000000
v 43.89550000 -42.20900000 5.00000000
v 43.65430000 -42.12890000 5.00000000
v 43.73540000 -42.20900000 5.00000000
v 47.83110000 -37.30960000 5.00000000
v 49.75880000 -40.76270000 5.00000000
v 49.75880000 -40.68260000 5.00000000
v 49.83980000 -40.60250000 5.00000000
v 49.83980000 -40.44140000 5.00000000
v 49.91990000 -40.36130000 5.00000000
v 43.41410000 -41.96780000 5.00000000
v 44.37790000 -40.52250000 5.00000000
v 43.17290000 -41.80760000 5.00000000
v 46.46580000 -38.67480000 5.00000000
v 46.38570000 -38.59470000 5.00000000
v 50.00000000 -39.15620000 5.00000000
v 43.97560000 -40.20120000 5.00000000
v 46.30570000 -38.59470000 5.00000000
v 46.22460000 -38.51370000 5.00000000
v 42.77150000 -41.48630000 5.00000000
v 43.65430000 -39.96000000 5.00000000
v 44.85940000 -32.73050000 5.00000000
v 44.53810000 -32.81150000 5.00000000
v 39.15620000 -33.29300000 5.00000000
v 39.07620000 -33.21290000 5.00000000
v 46.86720000 -42.61040000 5.00000000
v 45.26070000 -32.65040000 5.00000000
v 39.55860000 -33.53420000 5.00000000
v 40.20120000 -34.97950000 5.00000000
v 46.94820000 -34.25680000 5.00000000
v 39.79880000 -35.30080000 5.00000000
v 39.55860000 -35.54200000 5.00000000
v 36.98830000 -34.41800000 5.00000000
v 37.22850000 -34.41800000 5.00000000
v 34.89940000 -34.65820000 5.00000000
v 34.81930000 -34.73930000 5.00000000
v 33.37300000 -36.58590000 5.00000000
v 31.44530000 -36.02440000 5.00000000
v 33.29300000 -36.82710000 5.00000000
v 39.23730000 -39.55860000 5.00000000
v 38.99610000 -39.55860000 5.00000000
v 22.77150000 -33.29300000 5.00000000
v 22.53030000 -33.13280000 5.00000000
v 21.40530000 -34.81930000 5.00000000
v 35.22070000 -34.49800000 5.00000000
v 35.38180000 -34.49800000 5.00000000
v 33.45410000 -36.50590000 5.00000000
v 33.45410000 -36.34570000 5.00000000
v 38.43360000 -39.87990000 5.00000000
v 33.53420000 -39.07620000 5.00000000
v 33.61430000 -39.23730000 5.00000000
v 33.61430000 -39.15620000 5.00000000
v 37.54980000 -40.60250000 5.00000000
v 37.63090000 -40.52250000 5.00000000
v 31.20510000 -36.66700000 5.00000000
v 37.46970000 -40.60250000 5.00000000
v 37.30960000 -40.68260000 5.00000000
v 37.06840000 -40.76270000 5.00000000
v 36.98830000 -40.84380000 5.00000000
v 36.74710000 -40.92380000 5.00000000
v 36.82710000 -40.84380000 5.00000000
v 37.38960000 -42.61040000 5.00000000
v 34.65820000 -40.44140000 5.00000000
v 35.22070000 -42.45020000 5.00000000
v 35.30080000 -42.53030000 5.00000000
v 35.78320000 -42.53030000 5.00000000
v 35.22070000 -40.76270000 5.00000000
v 35.38180000 -40.76270000 5.00000000
v 32.08790000 -40.52250000 5.00000000
v 32.08790000 -40.60250000 5.00000000
v 32.24900000 -40.76270000 5.00000000
v 35.06050000 -40.68260000 5.00000000
v 35.14060000 -40.68260000 5.00000000
v 31.92770000 -40.28120000 5.00000000
v 31.92770000 -40.36130000 5.00000000
v 34.89940000 -40.60250000 5.00000000
v 34.97950000 -40.60250000 5.00000000
v 31.60640000 -39.55860000 5.00000000
v 31.68650000 -39.79880000 5.00000000
v 33.45410000 -38.91600000 5.00000000
v 34.73930000 -40.44140000 5.00000000
v 31.52640000 -39.47750000 5.00000000
v 31.52640000 -39.39750000 5.00000000
v 34.33690000 -40.20120000 5.00000000
v 34.41800000 -40.20120000 5.00000000
v 33.37300000 -38.75490000 5.00000000
v 33.29300000 -38.43360000 5.00000000
v 31.44530000 -39.07620000 5.00000000
v 33.21290000 -38.11230000 5.00000000
v 31.36520000 -38.75490000 5.00000000
v 33.29300000 -38.19240000 5.00000000
v 34.09670000 -39.96000000 5.00000000
v 34.09670000 -39.87990000 5.00000000
v 33.77540000 -39.55860000 5.00000000
v 31.76660000 -35.22070000 5.00000000
v 33.61430000 -36.02440000 5.00000000
v 31.84770000 -35.06050000 5.00000000
v 33.77540000 -39.47750000 5.00000000
v 33.69430000 -39.39750000 5.00000000
v 33.69430000 -35.86330000 5.00000000
v 33.69430000 -39.31740000 5.00000000
v 31.92770000 -34.89940000 5.00000000
v 32.08790000 -34.65820000 5.00000000
v 31.92770000 -34.81930000 5.00000000
v 31.36520000 -36.18460000 5.00000000
v 33.53420000 -38.99610000 5.00000000
v 33.29300000 -37.14840000 5.00000000
v 31.52640000 -35.78320000 5.00000000
v 31.60640000 -35.54200000 5.00000000
v 33.45410000 -38.83500000 5.00000000
v 33.53420000 -36.18460000 5.00000000
v 31.68650000 -35.38180000 5.00000000
v 33.37300000 -38.51370000 5.00000000
v 33.37300000 -36.74710000 5.00000000
v 32.40920000 -34.25680000 5.00000000
v 32.73050000 -33.85550000 5.00000000
v 33.53420000 -36.26460000 5.00000000
v 33.61430000 -36.10450000 5.00000000
v 33.45410000 -33.29300000 5.00000000
v 33.53420000 -33.29300000 5.00000000
v 33.69430000 -33.13280000 5.00000000
v 33.69430000 -35.94340000 5.00000000
v 34.17680000 -32.89160000 5.00000000
v 34.09670000 -32.97170000 5.00000000
v 34.25680000 -32.89160000 5.00000000
v 33.77540000 -35.78320000 5.00000000
v 34.97950000 -34.65820000 5.00000000
v 35.06050000 -34.57810000 5.00000000
v 35.14060000 -34.57810000 5.00000000
v 34.49800000 -32.81150000 5.00000000
v 34.57810000 -32.73050000 5.00000000
v 37.87110000 -32.73050000 5.00000000
v 37.54980000 -32.65040000 5.00000000
v 34.81930000 -32.65040000 5.00000000
v 38.83500000 -33.05180000 5.00000000
v 34.49800000 -34.97950000 5.00000000
v 39.23730000 -33.29300000 5.00000000
v 40.60250000 -34.65820000 5.00000000
v 40.44140000 -34.49800000 5.00000000
v 40.28120000 -34.97950000 5.00000000
v 39.87990000 -35.30080000 5.00000000
v 37.30960000 -34.49800000 5.00000000
v 40.44140000 -34.41800000 5.00000000
v 43.65430000 -37.46970000 5.00000000
v 44.85940000 -36.10450000 5.00000000
v 44.69920000 -35.94340000 5.00000000
v 37.71090000 -34.65820000 5.00000000
v 37.95210000 -34.81930000 5.00000000
v 39.31740000 -35.62210000 5.00000000
v 38.27340000 -35.06050000 5.00000000
v 39.39750000 -35.62210000 5.00000000
v 38.75490000 -35.46190000 5.00000000
v 45.34180000 -32.57030000 5.00000000
v 46.06450000 -34.09670000 5.00000000
v 46.78710000 -32.57030000 5.00000000
v 49.03610000 -37.95210000 5.00000000
v 49.11620000 -37.95210000 5.00000000
v 48.15230000 -42.28910000 5.00000000
v 47.83110000 -42.45020000 5.00000000
v 47.26950000 -42.61040000 5.00000000
v 45.98440000 -38.43360000 5.00000000
v 45.82320000 -38.35350000 5.00000000
v 45.90330000 -38.43360000 5.00000000
v 48.95610000 -41.72660000 5.00000000
v 48.71480000 -41.96780000 5.00000000
v 49.35740000 -41.40530000 5.00000000
v 49.35740000 -41.32520000 5.00000000
v 49.59860000 -41.08400000 5.00000000
v 48.63480000 -37.71090000 5.00000000
v 47.67090000 -39.31740000 5.00000000
v 48.79490000 -37.79100000 5.00000000
v 44.13670000 -37.71090000 5.00000000
v 45.10060000 -36.26460000 5.00000000
v 45.34180000 -40.92380000 5.00000000
v 49.03610000 -41.72660000 5.00000000
v 48.55470000 -37.63090000 5.00000000
v 48.47360000 -37.63090000 5.00000000
v 43.01170000 -33.77540000 5.00000000
v 42.85160000 -34.01560000 5.00000000
v 38.03220000 -32.73050000 5.00000000
v 45.66310000 -34.17680000 5.00000000
v 37.79100000 -32.65040000 5.00000000
v 38.51370000 -32.89160000 5.00000000
v 37.46970000 -32.57030000 5.00000000
v 47.50980000 -32.81150000 5.00000000
v 35.54200000 -32.49020000 5.00000000
v 35.14060000 -32.57030000 5.00000000
v 34.33690000 -32.81150000 5.00000000
v 34.01560000 -32.97170000 5.00000000
v 33.85550000 -33.05180000 5.00000000
v 33.21290000 -33.45410000 5.00000000
v 32.40920000 -34.17680000 5.00000000
v 32.08790000 -34.57810000 5.00000000
v 31.84770000 -34.97950000 5.00000000
v 21.80760000 -35.30080000 5.00000000
v 21.88770000 -35.38180000 5.00000000
v 21.80760000 -35.22070000 5.00000000
v 31.76660000 -35.14060000 5.00000000
v 31.68650000 -35.30080000 5.00000000
v 31.60640000 -35.46190000 5.00000000
v 31.52640000 -35.62210000 5.00000000
v 31.44530000 -35.86330000 5.00000000
v 31.36520000 -36.10450000 5.00000000
v 31.28520000 -36.26460000 5.00000000
v 31.20510000 -38.35350000 5.00000000
v 31.28520000 -38.43360000 5.00000000
v 21.96780000 -35.62210000 5.00000000
v 21.88770000 -35.54200000 5.00000000
v 31.28520000 -38.67480000 5.00000000
v 28.87600000 -32.73050000 5.00000000
v 26.86720000 -32.73050000 5.00000000
v 26.78710000 -32.81150000 5.00000000
v 31.36520000 -38.99610000 5.00000000
v 31.44530000 -39.31740000 5.00000000
v 31.60640000 -39.71880000 5.00000000
v 23.89550000 -35.54200000 5.00000000
v 22.04790000 -36.02440000 5.00000000
v 23.97560000 -36.18460000 5.00000000
v 31.76660000 -39.96000000 5.00000000
v 31.84770000 -40.12010000 5.00000000
v 22.12890000 -36.58590000 5.00000000
v 24.05660000 -37.38960000 5.00000000
v 31.68650000 -39.87990000 5.00000000
v 24.05660000 -36.26460000 5.00000000
v 31.76660000 -40.04000000 5.00000000
v 31.84770000 -40.20120000 5.00000000
v 24.13670000 -42.61040000 5.00000000
v 24.13670000 -37.46970000 5.00000000
v 22.28910000 -38.99610000 5.00000000
v 27.42970000 -42.45020000 5.00000000
v 28.31350000 -42.53030000 5.00000000
v 26.94820000 -39.79880000 5.00000000
v 32.97170000 -41.48630000 5.00000000
v 32.24900000 -40.84380000 5.00000000
v 32.89160000 -41.48630000 5.00000000
v 27.50980000 -42.53030000 5.00000000
v 22.36910000 -41.32520000 5.00000000
v 22.28910000 -41.24510000 5.00000000
v 33.21290000 -41.72660000 5.00000000
v 22.45020000 -42.61040000 5.00000000
v 33.61430000 -41.96780000 5.00000000
v 34.01560000 -42.12890000 5.00000000
v 33.93550000 -42.12890000 5.00000000
v 34.25680000 -42.20900000 5.00000000
v 34.33690000 -42.28910000 5.00000000
v 34.49800000 -42.28910000 5.00000000
v 34.09670000 -42.20900000 5.00000000
v 34.81930000 -42.36910000 5.00000000
v 34.89940000 -42.45020000 5.00000000
v 34.57810000 -42.36910000 5.00000000
v 35.86330000 -42.61040000 5.00000000
v 21.32520000 -34.81930000 5.00000000
v 21.16500000 -34.65820000 5.00000000
v 21.24510000 -32.65040000 5.00000000
v 20.52250000 -34.41800000 5.00000000
v 20.76270000 -34.49800000 5.00000000
v 18.91600000 -34.49800000 5.00000000
v 19.15620000 -34.49800000 5.00000000
v 19.23730000 -34.41800000 5.00000000
v 16.42580000 -32.81150000 5.00000000
v 15.78320000 -32.81150000 5.00000000
v 15.14060000 -33.53420000 5.00000000
v 17.22850000 -36.18460000 5.00000000
v 17.22850000 -35.86330000 5.00000000
v 15.06050000 -33.61430000 5.00000000
v 17.30960000 -35.78320000 5.00000000
v 17.30960000 -35.70310000 5.00000000
v 17.38960000 -33.61430000 5.00000000
v 17.30960000 -33.61430000 5.00000000
v 17.38960000 -35.62210000 5.00000000
v 18.35350000 -32.89160000 5.00000000
v 18.19240000 -32.97170000 5.00000000
v 18.83500000 -32.73050000 5.00000000
v 18.59470000 -32.81150000 5.00000000
v 18.27340000 -34.81930000 5.00000000
v 19.07620000 -32.65040000 5.00000000
v 23.49410000 -34.17680000 5.00000000
v 23.49410000 -34.09670000 5.00000000
v 23.41410000 -34.01560000 5.00000000
v 18.91600000 -32.65040000 5.00000000
v 23.57420000 -34.33690000 5.00000000
v 18.67480000 -34.57810000 5.00000000
v 18.59470000 -34.65820000 5.00000000
v 20.60250000 -34.49800000 5.00000000
v 18.83500000 -34.57810000 5.00000000
v 23.65430000 -34.41800000 5.00000000
v 23.65430000 -34.49800000 5.00000000
v 20.76270000 -32.57030000 5.00000000
v 20.84380000 -34.57810000 5.00000000
v 21.00390000 -34.57810000 5.00000000
v 22.36910000 -33.05180000 5.00000000
v 22.45020000 -33.05180000 5.00000000
v 21.08400000 -34.65820000 5.00000000
v 23.81540000 -35.06050000 5.00000000
v 23.73540000 -34.73930000 5.00000000
v 23.81540000 -34.81930000 5.00000000
v 21.96780000 -35.94340000 5.00000000
v 22.04790000 -36.50590000 5.00000000
v 22.20900000 -37.46970000 5.00000000
v 22.12890000 -37.38960000 5.00000000
v 22.20900000 -38.91600000 5.00000000
v 22.36910000 -42.53030000 5.00000000
v 23.97560000 -35.62210000 5.00000000
v 23.89550000 -35.14060000 5.00000000
v 23.73540000 -34.57810000 5.00000000
v 23.57420000 -34.25680000 5.00000000
v 23.25290000 -33.77540000 5.00000000
v 23.41410000 -33.93550000 5.00000000
v 22.85160000 -33.29300000 5.00000000
v 23.25290000 -33.69430000 5.00000000
v 22.61040000 -33.13280000 5.00000000
v 22.28910000 -32.97170000 5.00000000
v 22.20900000 -32.97170000 5.00000000
v 22.04790000 -32.89160000 5.00000000
v 22.12890000 -32.89160000 5.00000000
v 21.80760000 -32.81150000 5.00000000
v 21.96780000 -32.81150000 5.00000000
v 21.56640000 -32.73050000 5.00000000
v 21.72660000 -32.73050000 5.00000000
v 21.48630000 -32.65040000 5.00000000
v 21.16500000 -32.57030000 5.00000000
v 16.82710000 -32.89160000 5.00000000
v 16.98830000 -33.05180000 5.00000000
v 16.90720000 -32.89160000 5.00000000
v 19.15620000 -32.57030000 5.00000000
v 18.67480000 -32.73050000 5.00000000
v 18.43360000 -32.81150000 5.00000000
v 18.27340000 -32.89160000 5.00000000
v 17.87110000 -33.21290000 5.00000000
v 18.11230000 -32.97170000 5.00000000
v 17.79100000 -33.21290000 5.00000000
v 15.54200000 -32.81150000 5.00000000
v 15.46190000 -32.89160000 5.00000000
v 17.06840000 -33.53420000 5.00000000
v 17.06840000 -33.13280000 5.00000000
v 16.98830000 -32.97170000 5.00000000
v 16.34570000 -32.73050000 5.00000000
v 16.74710000 -32.81150000 5.00000000
v 15.38180000 -32.89160000 5.00000000
v 15.86330000 -32.73050000 5.00000000
v 15.30080000 -32.97170000 5.00000000
v 15.14060000 -33.29300000 5.00000000
v 14.97950000 -34.17680000 5.00000000
v 12.73050000 -37.22850000 5.00000000
v 12.81150000 -37.87110000 5.00000000
v 12.81150000 -37.30960000 5.00000000
v 4.13672000 -33.85550000 5.00000000
v 3.73535000 -34.25680000 5.00000000
v 5.18066000 -35.54200000 5.00000000
v 3.09277000 -35.14060000 5.00000000
v 3.01172000 -35.22070000 5.00000000
v 3.01172000 -35.30080000 5.00000000
v 17.06840000 -42.53030000 5.00000000
v 15.54200000 -42.45020000 5.00000000
v 16.42580000 -42.53030000 5.00000000
v 3.33301000 -40.20120000 5.00000000
v 3.33301000 -40.28120000 5.00000000
v 3.41406000 -40.36130000 5.00000000
v 15.06050000 -42.45020000 5.00000000
v 16.98830000 -42.61040000 5.00000000
v 15.62210000 -42.53030000 5.00000000
v 16.50590000 -42.61040000 5.00000000
v 12.40920000 -39.39750000 5.00000000
v 10.56250000 -38.67480000 5.00000000
v 12.32910000 -39.55860000 5.00000000
v 8.79492000 -42.53030000 5.00000000
v 8.71484000 -42.61040000 5.00000000
v 9.03613000 -42.45020000 5.00000000
v 8.31348000 -40.84380000 5.00000000
v 9.83984000 -42.12890000 5.00000000
v 10.00000000 -42.04790000 5.00000000
v 9.11621000 -40.52250000 5.00000000
v 8.95605000 -42.53030000 5.00000000
v 10.72270000 -37.95210000 5.00000000
v 12.73050000 -37.95210000 5.00000000
v 9.27734000 -40.44140000 5.00000000
v 9.19727000 -40.44140000 5.00000000
v 9.19727000 -42.45020000 5.00000000
v 9.27734000 -42.36910000 5.00000000
v 9.51855000 -42.28910000 5.00000000
v 9.59863000 -42.28910000 5.00000000
v 9.67871000 -42.20900000 5.00000000
v 9.43750000 -42.36910000 5.00000000
v 9.75879000 -42.20900000 5.00000000
v 12.49020000 -36.02440000 5.00000000
v 10.56250000 -36.34570000 5.00000000
v 10.64260000 -36.66700000 5.00000000
v 9.91992000 -42.12890000 5.00000000
v 10.64260000 -41.64650000 5.00000000
v 9.59863000 -40.20120000 5.00000000
v 10.40140000 -41.80760000 5.00000000
v 10.08010000 -42.04790000 5.00000000
v 10.16020000 -41.96780000 5.00000000
v 10.96390000 -41.40530000 5.00000000
v 10.24120000 -41.96780000 5.00000000
v 9.43750000 -34.89940000 5.00000000
v 9.19727000 -34.73930000 5.00000000
v 9.35742000 -34.89940000 5.00000000
v 10.48140000 -41.80760000 5.00000000
v 12.16890000 -39.87990000 5.00000000
v 12.24900000 -39.71880000 5.00000000
v 10.48140000 -38.91600000 5.00000000
v 10.72270000 -41.64650000 5.00000000
v 11.52640000 -40.84380000 5.00000000
v 11.04390000 -41.40530000 5.00000000
v 11.52640000 -40.92380000 5.00000000
v 10.32130000 -39.15620000 5.00000000
v 10.32130000 -39.23730000 5.00000000
v 10.40140000 -39.07620000 5.00000000
v 11.76660000 -34.65820000 5.00000000
v 10.16020000 -35.62210000 5.00000000
v 10.32130000 -35.86330000 5.00000000
v 11.76660000 -40.60250000 5.00000000
v 11.76660000 -40.52250000 5.00000000
v 11.92770000 -40.28120000 5.00000000
v 11.92770000 -40.36130000 5.00000000
v 12.24900000 -35.46190000 5.00000000
v 12.32910000 -35.62210000 5.00000000
v 12.08790000 -40.04000000 5.00000000
v 12.08790000 -40.12010000 5.00000000
v 10.64260000 -38.35350000 5.00000000
v 10.56250000 -38.43360000 5.00000000
v 12.16890000 -39.96000000 5.00000000
v 10.48140000 -36.18460000 5.00000000
v 10.48140000 -36.26460000 5.00000000
v 12.24900000 -39.79880000 5.00000000
v 10.16020000 -35.70310000 5.00000000
v 12.32910000 -39.63870000 5.00000000
v 10.56250000 -36.58590000 5.00000000
v 12.40920000 -39.47750000 5.00000000
v 10.64260000 -38.03220000 5.00000000
v 12.49020000 -39.15620000 5.00000000
v 12.49020000 -39.31740000 5.00000000
v 10.72270000 -37.06840000 5.00000000
v 12.57030000 -36.34570000 5.00000000
v 12.57030000 -38.91600000 5.00000000
v 12.57030000 -39.07620000 5.00000000
v 9.91992000 -33.13280000 5.00000000
v 10.08010000 -33.21290000 5.00000000
v 12.65040000 -38.59470000 5.00000000
v 12.65040000 -38.83500000 5.00000000
v 9.75879000 -33.05180000 5.00000000
v 9.03613000 -34.65820000 5.00000000
v 12.73050000 -38.51370000 5.00000000
v 12.73050000 -36.74710000 5.00000000
v 12.65040000 -36.66700000 5.00000000
v 10.72270000 -33.61430000 5.00000000
v 12.65040000 -36.42580000 5.00000000
v 10.40140000 -36.02440000 5.00000000
v 12.16890000 -35.30080000 5.00000000
v 12.08790000 -35.14060000 5.00000000
v 12.57030000 -36.10450000 5.00000000
v 7.99219000 -34.25680000 5.00000000
v 8.31348000 -34.33690000 5.00000000
v 8.63477000 -32.65040000 5.00000000
v 12.40920000 -35.78320000 5.00000000
v 12.49020000 -35.86330000 5.00000000
v 10.48140000 -33.45410000 5.00000000
v 12.40920000 -35.70310000 5.00000000
v 6.94824000 -32.57030000 5.00000000
v 8.31348000 -32.57030000 5.00000000
v 12.32910000 -35.54200000 5.00000000
v 8.07227000 -34.33690000 5.00000000
v 10.80270000 -33.61430000 5.00000000
v 12.24900000 -35.38180000 5.00000000
v 7.26953000 -34.25680000 5.00000000
v 12.16890000 -35.22070000 5.00000000
v 6.54590000 -32.65040000 5.00000000
v 12.08790000 -35.06050000 5.00000000
v 11.92770000 -34.89940000 5.00000000
v 11.92770000 -34.81930000 5.00000000
v 11.76660000 -34.57810000 5.00000000
v 10.56250000 -33.45410000 5.00000000
v 9.43750000 -32.89160000 5.00000000
v 8.71484000 -34.49800000 5.00000000
v 10.24120000 -33.29300000 5.00000000
v 10.32130000 -33.29300000 5.00000000
v 4.93945000 -39.15620000 5.00000000
v 3.17285000 -39.96000000 5.00000000
v 10.16020000 -33.21290000 5.00000000
v 3.41406000 -34.65820000 5.00000000
v 5.02051000 -35.78320000 5.00000000
v 4.53809000 -33.53420000 5.00000000
v 5.74316000 -34.97950000 5.00000000
v 4.77930000 -33.37300000 5.00000000
v 10.00000000 -33.13280000 5.00000000
v 6.54590000 -34.49800000 5.00000000
v 6.70703000 -34.41800000 5.00000000
v 9.83984000 -33.05180000 5.00000000
v 6.62695000 -34.49800000 5.00000000
v 9.67871000 -32.97170000 5.00000000
v 9.59863000 -32.97170000 5.00000000
v 9.51855000 -32.89160000 5.00000000
v 9.35742000 -32.81150000 5.00000000
v 5.98438000 -34.81930000 5.00000000
v 5.10059000 -33.21290000 5.00000000
v 4.93945000 -33.29300000 5.00000000
v 8.87598000 -32.65040000 5.00000000
v 8.23340000 -32.49020000 5.00000000
v 8.55469000 -32.57030000 5.00000000
v 7.02832000 -32.49020000 5.00000000
v 6.62695000 -32.57030000 5.00000000
v 4.77930000 -38.83500000 5.00000000
v 4.85938000 -38.99610000 5.00000000
v 4.85938000 -38.91600000 5.00000000
v 5.10059000 -39.39750000 5.00000000
v 5.26074000 -39.63870000 5.00000000
v 5.26074000 -39.55860000 5.00000000
v 6.30566000 -32.65040000 5.00000000
v 6.22461000 -32.73050000 5.00000000
v 4.85938000 -33.29300000 5.00000000
v 6.22461000 -34.65820000 5.00000000
v 6.06445000 -32.73050000 5.00000000
v 4.69922000 -33.37300000 5.00000000
v 4.45801000 -33.53420000 5.00000000
v 5.66309000 -32.89160000 5.00000000
v 5.58203000 -32.97170000 5.00000000
v 4.05664000 -33.85550000 5.00000000
v 3.73535000 -34.17680000 5.00000000
v 5.42188000 -33.05180000 5.00000000
v 5.50195000 -32.97170000 5.00000000
v 2.85156000 -39.07620000 5.00000000
v 4.61816000 -38.43360000 5.00000000
v 2.77148000 -38.75490000 5.00000000
v 5.26074000 -33.05180000 5.00000000
v -0.68261700 -32.89160000 5.00000000
v -0.20117200 -34.65820000 5.00000000
v -0.44140600 -32.81150000 5.00000000
v -1.96777000 -37.63090000 5.00000000
v -1.96777000 -37.14840000 5.00000000
v -2.04785000 -37.71090000 5.00000000
v 5.02051000 -33.21290000 5.00000000
v -1.88770000 -36.82710000 5.00000000
v -1.88770000 -37.06840000 5.00000000
v 3.25293000 -34.89940000 5.00000000
v 4.85938000 -36.02440000 5.00000000
v -2.36914000 -42.61040000 5.00000000
v -2.28906000 -42.53030000 5.00000000
v 2.61035000 -37.54980000 5.00000000
v 4.53809000 -38.11230000 5.00000000
v 1.40527000 -34.17680000 5.00000000
v 1.16504000 -34.33690000 5.00000000
v 1.24512000 -34.33690000 5.00000000
v 1.32520000 -32.81150000 5.00000000
v 3.41406000 -34.57810000 5.00000000
v 3.25293000 -34.81930000 5.00000000
v 2.69043000 -38.35350000 5.00000000
v 3.09277000 -35.06050000 5.00000000
v 4.69922000 -36.42580000 5.00000000
v -4.05664000 -42.61040000 5.00000000
v 2.85156000 -35.78320000 5.00000000
v 2.93164000 -35.38180000 5.00000000
v 2.93164000 -35.54200000 5.00000000
v 6.86719000 -34.41800000 5.00000000
v 6.94824000 -34.33690000 5.00000000
v 2.85156000 -35.62210000 5.00000000
v 3.57422000 -40.60250000 5.00000000
v 2.77148000 -35.86330000 5.00000000
v 10.08010000 -39.55860000 5.00000000
v 10.08010000 -39.63870000 5.00000000
v 10.24120000 -39.39750000 5.00000000
v 2.69043000 -36.10450000 5.00000000
v 9.51855000 -40.20120000 5.00000000
v 2.61035000 -36.50590000 5.00000000
v 2.53027000 -37.38960000 5.00000000
v 2.53027000 -37.46970000 5.00000000
v 2.61035000 -38.27340000 5.00000000
v 2.69043000 -38.67480000 5.00000000
v 8.95605000 -40.60250000 5.00000000
v 8.79492000 -40.68260000 5.00000000
v 2.77148000 -38.99610000 5.00000000
v 8.55469000 -40.76270000 5.00000000
v 2.93164000 -39.31740000 5.00000000
v 2.85156000 -39.23730000 5.00000000
v 3.01172000 -39.55860000 5.00000000
v 2.93164000 -39.47750000 5.00000000
v 3.09277000 -39.71880000 5.00000000
v 3.01172000 -39.63870000 5.00000000
v 3.09277000 -39.87990000 5.00000000
v 3.17285000 -40.04000000 5.00000000
v 5.42188000 -42.20900000 5.00000000
v 5.58203000 -42.28910000 5.00000000
v 6.30566000 -40.60250000 5.00000000
v 5.10059000 -42.04790000 5.00000000
v 6.06445000 -40.44140000 5.00000000
v 4.85938000 -41.88770000 5.00000000
v 3.41406000 -40.44140000 5.00000000
v 6.46582000 -40.68260000 5.00000000
v 3.57422000 -40.68260000 5.00000000
v 3.81543000 -40.92380000 5.00000000
v 5.74316000 -42.36910000 5.00000000
v 3.81543000 -41.00390000 5.00000000
v 4.37793000 -41.56640000 5.00000000
v 4.45801000 -41.56640000 5.00000000
v 5.98438000 -42.45020000 5.00000000
v 4.77930000 -41.88770000 5.00000000
v 6.62695000 -40.68260000 5.00000000
v 6.70703000 -40.76270000 5.00000000
v 5.02051000 -42.04790000 5.00000000
v 6.22461000 -42.53030000 5.00000000
v 5.18066000 -42.12890000 5.00000000
v 5.26074000 -42.12890000 5.00000000
v 6.54590000 -42.61040000 5.00000000
v 5.34180000 -42.20900000 5.00000000
v 6.94824000 -40.76270000 5.00000000
v 7.02832000 -40.84380000 5.00000000
v 5.50195000 -42.28910000 5.00000000
v 5.66309000 -42.36910000 5.00000000
v 7.18848000 -42.69040000 5.00000000
v 5.82324000 -42.45020000 5.00000000
v 6.06445000 -42.53030000 5.00000000
v 6.62695000 -42.69040000 5.00000000
v 6.30566000 -42.61040000 5.00000000
v 6.38574000 -40.60250000 5.00000000
v 5.10059000 -39.31740000 5.00000000
v 6.14453000 -40.44140000 5.00000000
v 4.93945000 -39.07620000 5.00000000
v 4.69922000 -38.67480000 5.00000000
v 4.77930000 -36.26460000 5.00000000
v 4.85938000 -36.18460000 5.00000000
v 4.77930000 -38.75490000 5.00000000
v 4.61816000 -36.90720000 5.00000000
v 4.69922000 -36.58590000 5.00000000
v 4.69922000 -38.51370000 5.00000000
v 4.61816000 -38.19240000 5.00000000
v 4.77930000 -36.34570000 5.00000000
v 6.46582000 -34.57810000 5.00000000
v 6.38574000 -34.57810000 5.00000000
v 5.82324000 -34.97950000 5.00000000
v 5.02051000 -35.86330000 5.00000000
v 5.18066000 -35.62210000 5.00000000
v 6.06445000 -34.81930000 5.00000000
v 6.30566000 -34.65820000 5.00000000
v 8.55469000 -34.41800000 5.00000000
v 8.39355000 -34.41800000 5.00000000
v 7.18848000 -34.33690000 5.00000000
v 8.63477000 -34.49800000 5.00000000
v 8.87598000 -34.57810000 5.00000000
v 8.79492000 -34.57810000 5.00000000
v 8.95605000 -34.65820000 5.00000000
v 10.32130000 -35.94340000 5.00000000
v 9.11621000 -34.73930000 5.00000000
v 10.40140000 -36.10450000 5.00000000
v 10.64260000 -36.98830000 5.00000000
v 10.48140000 -38.75490000 5.00000000
v 10.40140000 -38.99610000 5.00000000
v 10.24120000 -39.31740000 5.00000000
v 9.83984000 -39.96000000 5.00000000
v 9.83984000 -39.87990000 5.00000000
v 9.03613000 -40.52250000 5.00000000
v 8.87598000 -40.60250000 5.00000000
v 8.63477000 -40.68260000 5.00000000
v 8.39355000 -40.76270000 5.00000000
v -16.98830000 -42.45020000 5.00000000
v -17.38960000 -42.53030000 5.00000000
v -17.06840000 -42.53030000 5.00000000
v -14.97950000 -39.71880000 5.00000000
v -16.74710000 -42.45020000 5.00000000
v -14.81930000 -39.79880000 5.00000000
v -14.81930000 -41.48630000 5.00000000
v -14.65820000 -39.87990000 5.00000000
v -14.73930000 -39.79880000 5.00000000
v -14.73930000 -41.48630000 5.00000000
v -14.33690000 -41.08400000 5.00000000
v -14.17680000 -40.28120000 5.00000000
v -16.26460000 -42.28910000 5.00000000
v -15.78320000 -39.87990000 5.00000000
v -15.06050000 -41.64650000 5.00000000
v -15.62210000 -42.04790000 5.00000000
v -14.57810000 -39.87990000 5.00000000
v -15.22070000 -41.80760000 5.00000000
v -14.97950000 -41.64650000 5.00000000
v -14.17680000 -40.76270000 5.00000000
v -15.14060000 -33.61430000 5.00000000
v -15.46190000 -33.37300000 5.00000000
v -16.26460000 -35.06050000 5.00000000
v -15.78320000 -35.46190000 5.00000000
v -15.70310000 -35.46190000 5.00000000
v -15.86330000 -35.38180000 5.00000000
v -14.89940000 -39.71880000 5.00000000
v -15.62210000 -39.71880000 5.00000000
v -15.86330000 -39.87990000 5.00000000
v -16.50590000 -40.44140000 5.00000000
v -16.82710000 -40.68260000 5.00000000
v -16.74710000 -40.60250000 5.00000000
v -17.14840000 -40.76270000 5.00000000
v -17.22850000 -40.84380000 5.00000000
v -16.90720000 -40.68260000 5.00000000
v -17.38960000 -40.84380000 5.00000000
v -17.46970000 -40.92380000 5.00000000
v -18.59470000 -40.92380000 5.00000000
v -17.46970000 -42.61040000 5.00000000
v -18.67480000 -40.84380000 5.00000000
v -18.83500000 -40.84380000 5.00000000
v -20.44140000 -42.12890000 5.00000000
v -20.36130000 -42.12890000 5.00000000
v -20.52250000 -42.04790000 5.00000000
v -19.63870000 -40.44140000 5.00000000
v -20.76270000 -41.88770000 5.00000000
v -18.91600000 -40.76270000 5.00000000
v -19.07620000 -40.76270000 5.00000000
v -19.23730000 -40.68260000 5.00000000
v -19.15620000 -40.68260000 5.00000000
v -21.00390000 -41.72660000 5.00000000
v -21.40530000 -41.40530000 5.00000000
v -21.08400000 -41.72660000 5.00000000
v -19.39750000 -40.60250000 5.00000000
v -19.31740000 -40.60250000 5.00000000
v -21.80760000 -41.00390000 5.00000000
v -21.80760000 -41.08400000 5.00000000
v -21.48630000 -41.40530000 5.00000000
v -19.55860000 -40.44140000 5.00000000
v -22.69040000 -39.79880000 5.00000000
v -22.61040000 -39.87990000 5.00000000
v -22.69040000 -39.71880000 5.00000000
v -19.87990000 -40.28120000 5.00000000
v -19.79880000 -40.28120000 5.00000000
v -20.92380000 -38.83500000 5.00000000
v -21.08400000 -38.43360000 5.00000000
v -21.00390000 -38.67480000 5.00000000
v -22.77150000 -39.55860000 5.00000000
v -20.52250000 -39.55860000 5.00000000
v -20.20120000 -39.96000000 5.00000000
v -20.20120000 -39.87990000 5.00000000
v -20.68260000 -39.31740000 5.00000000
v -20.68260000 -39.23730000 5.00000000
v -20.52250000 -39.47750000 5.00000000
v -20.76270000 -39.07620000 5.00000000
v -21.16500000 -38.19240000 5.00000000
v -21.24510000 -37.54980000 5.00000000
v -23.17290000 -38.19240000 5.00000000
v -20.84380000 -38.91600000 5.00000000
v -23.17290000 -36.90720000 5.00000000
v -20.92380000 -38.75490000 5.00000000
v -23.25290000 -36.98830000 5.00000000
v -23.25290000 -38.11230000 5.00000000
v -21.00390000 -38.51370000 5.00000000
v -21.08400000 -38.27340000 5.00000000
v -22.93160000 -36.02440000 5.00000000
v -23.01170000 -36.10450000 5.00000000
v -23.01170000 -36.26460000 5.00000000
v -21.16500000 -37.63090000 5.00000000
v -22.93160000 -35.86330000 5.00000000
v -22.85160000 -35.78320000 5.00000000
v -20.84380000 -35.94340000 5.00000000
v -22.45020000 -34.97950000 5.00000000
v -22.53030000 -35.14060000 5.00000000
v -22.61040000 -35.22070000 5.00000000
v -22.61040000 -35.30080000 5.00000000
v -22.53030000 -35.06050000 5.00000000
v -22.28910000 -34.73930000 5.00000000
v -21.24510000 -33.53420000 5.00000000
v -22.12890000 -34.49800000 5.00000000
v -21.16500000 -33.53420000 5.00000000
v -21.00390000 -36.42580000 5.00000000
v -22.12890000 -34.41800000 5.00000000
v -20.84380000 -36.02440000 5.00000000
v -19.47750000 -34.57810000 5.00000000
v -20.68260000 -35.78320000 5.00000000
v -20.68260000 -35.70310000 5.00000000
v -20.44140000 -35.38180000 5.00000000
v -20.44140000 -35.46190000 5.00000000
v -19.79880000 -32.81150000 5.00000000
v -18.99610000 -34.33690000 5.00000000
v -19.55860000 -32.73050000 5.00000000
v -19.23730000 -32.65040000 5.00000000
v -19.47750000 -32.65040000 5.00000000
v -18.67480000 -34.25680000 5.00000000
v -18.67480000 -32.57030000 5.00000000
v -17.79100000 -32.49020000 5.00000000
v -18.59470000 -32.49020000 5.00000000
v -17.79100000 -34.25680000 5.00000000
v -15.78320000 -33.13280000 5.00000000
v -15.86330000 -33.13280000 5.00000000
v -15.70310000 -33.21290000 5.00000000
v -19.63870000 -34.73930000 5.00000000
v -16.82710000 -34.65820000 5.00000000
v -16.58590000 -34.81930000 5.00000000
v -19.39750000 -34.57810000 5.00000000
v -16.58590000 -32.81150000 5.00000000
v -17.30960000 -34.41800000 5.00000000
v -17.14840000 -34.49800000 5.00000000
v -19.07620000 -34.41800000 5.00000000
v -17.46970000 -34.33690000 5.00000000
v -17.71090000 -34.33690000 5.00000000
v -18.75490000 -34.33690000 5.00000000
v -17.38960000 -34.41800000 5.00000000
v -17.22850000 -34.49800000 5.00000000
v -15.38180000 -33.37300000 5.00000000
v -16.98830000 -34.57810000 5.00000000
v -17.06840000 -34.57810000 5.00000000
v -16.90720000 -34.65820000 5.00000000
v -15.06050000 -33.61430000 5.00000000
v -14.25680000 -34.49800000 5.00000000
v -14.25680000 -34.41800000 5.00000000
v -16.66700000 -34.81930000 5.00000000
v -16.34570000 -35.06050000 5.00000000
v -14.73930000 -35.38180000 5.00000000
v -14.49800000 -35.22070000 5.00000000
v -14.97950000 -35.46190000 5.00000000
v -15.94340000 -35.38180000 5.00000000
v -15.06050000 -35.54200000 5.00000000
v -14.25680000 -34.97950000 5.00000000
v -14.41800000 -35.22070000 5.00000000
v -14.65820000 -35.38180000 5.00000000
v -15.62210000 -35.54200000 5.00000000
v -14.81930000 -35.46190000 5.00000000
v -14.25680000 -35.06050000 5.00000000
v -14.17680000 -34.89940000 5.00000000
v -14.17680000 -34.57810000 5.00000000
v -15.62210000 -33.21290000 5.00000000
v -16.10450000 -32.97170000 5.00000000
v -16.02440000 -32.97170000 5.00000000
v -16.34570000 -32.89160000 5.00000000
v -16.18460000 -32.89160000 5.00000000
v -16.42580000 -32.81150000 5.00000000
v -16.82710000 -32.73050000 5.00000000
v -16.66700000 -32.73050000 5.00000000
v -16.90720000 -32.65040000 5.00000000
v -19.15620000 -32.57030000 5.00000000
v -19.71880000 -32.73050000 5.00000000
v -19.96000000 -32.81150000 5.00000000
v -20.12010000 -32.89160000 5.00000000
v -20.44140000 -33.05180000 5.00000000
v -20.36130000 -32.97170000 5.00000000
v -20.52250000 -33.05180000 5.00000000
v -20.76270000 -33.21290000 5.00000000
v -21.00390000 -33.37300000 5.00000000
v -22.28910000 -34.65820000 5.00000000
v -22.45020000 -34.89940000 5.00000000
v -28.15230000 -40.68260000 5.00000000
v -27.67090000 -42.28910000 5.00000000
v -27.50980000 -42.20900000 5.00000000
v -22.69040000 -35.46190000 5.00000000
v -22.69040000 -35.38180000 5.00000000
v -22.77150000 -35.62210000 5.00000000
v -22.77150000 -35.54200000 5.00000000
v -22.85160000 -35.70310000 5.00000000
v -23.09280000 -36.50590000 5.00000000
v -23.09280000 -36.34570000 5.00000000
v -23.17290000 -36.58590000 5.00000000
v -23.17290000 -38.51370000 5.00000000
v -27.02830000 -39.87990000 5.00000000
v -27.59080000 -40.36130000 5.00000000
v -26.14450000 -41.24510000 5.00000000
v -22.85160000 -39.39750000 5.00000000
v -28.55470000 -42.61040000 5.00000000
v -28.95610000 -42.69040000 5.00000000
v -28.63480000 -42.69040000 5.00000000
v -22.93160000 -39.31740000 5.00000000
v -26.78710000 -39.71880000 5.00000000
v -26.54590000 -39.71880000 5.00000000
v -26.62700000 -39.63870000 5.00000000
v -22.85160000 -39.47750000 5.00000000
v -26.38570000 -39.79880000 5.00000000
v -26.46580000 -39.71880000 5.00000000
v -22.77150000 -39.63870000 5.00000000
v -27.83110000 -42.36910000 5.00000000
v -28.07230000 -42.45020000 5.00000000
v -27.91210000 -42.45020000 5.00000000
v -22.61040000 -39.96000000 5.00000000
v -22.36910000 -40.28120000 5.00000000
v -26.06450000 -40.04000000 5.00000000
v -22.53030000 -40.12010000 5.00000000
v -22.20900000 -40.52250000 5.00000000
v -22.36910000 -40.36130000 5.00000000
v -27.34960000 -42.12890000 5.00000000
v -27.42970000 -42.20900000 5.00000000
v -25.98440000 -40.04000000 5.00000000
v -25.66310000 -40.36130000 5.00000000
v -22.20900000 -40.60250000 5.00000000
v -27.18850000 -42.04790000 5.00000000
v -27.10840000 -42.04790000 5.00000000
v -26.86720000 -41.80760000 5.00000000
v -25.58200000 -40.84380000 5.00000000
v -25.42190000 -40.52250000 5.00000000
v -25.66310000 -40.84380000 5.00000000
v -26.06450000 -41.24510000 5.00000000
v -20.84380000 -41.88770000 5.00000000
v -20.04000000 -42.28910000 5.00000000
v -20.60250000 -42.04790000 5.00000000
v -19.96000000 -42.36910000 5.00000000
v -19.87990000 -42.36910000 5.00000000
v -20.20120000 -42.28910000 5.00000000
v -19.55860000 -42.45020000 5.00000000
v -19.47750000 -42.53030000 5.00000000
v -19.23730000 -42.53030000 5.00000000
v -19.79880000 -42.45020000 5.00000000
v -19.15620000 -42.61040000 5.00000000
v -30.24120000 -42.77150000 5.00000000
v -29.03610000 -42.77150000 5.00000000
v -30.32130000 -42.69040000 5.00000000
v -25.58200000 -40.36130000 5.00000000
v -28.31350000 -42.61040000 5.00000000
v -28.23340000 -42.53030000 5.00000000
v -28.39360000 -40.76270000 5.00000000
v -27.99220000 -40.60250000 5.00000000
v -28.15230000 -42.53030000 5.00000000
v -26.30570000 -39.79880000 5.00000000
v -27.75100000 -42.36910000 5.00000000
v -27.59080000 -42.28910000 5.00000000
v -27.26950000 -42.12890000 5.00000000
v -26.54590000 -41.56640000 5.00000000
v -26.78710000 -41.80760000 5.00000000
v -26.46580000 -41.56640000 5.00000000
v -25.34180000 -40.60250000 5.00000000
v -25.34180000 -40.52250000 5.00000000
v -26.70700000 -39.63870000 5.00000000
v -26.86720000 -39.71880000 5.00000000
v -27.10840000 -39.87990000 5.00000000
v -27.83110000 -40.52250000 5.00000000
v -27.67090000 -40.36130000 5.00000000
v -28.07230000 -40.60250000 5.00000000
v -27.91210000 -40.52250000 5.00000000
v -28.63480000 -40.84380000 5.00000000
v -28.55470000 -40.76270000 5.00000000
v -28.31350000 -40.68260000 5.00000000
v -29.11620000 -40.84380000 5.00000000
v -29.19730000 -40.92380000 5.00000000
v -29.83980000 -40.92380000 5.00000000
v -29.91990000 -40.84380000 5.00000000
v -30.40140000 -40.84380000 5.00000000
v -30.96390000 -40.68260000 5.00000000
v -31.44530000 -42.36910000 5.00000000
v -30.72270000 -40.76270000 5.00000000
v -31.92770000 -42.12890000 5.00000000
v -31.28520000 -40.52250000 5.00000000
v -32.08790000 -42.04790000 5.00000000
v -30.48140000 -40.76270000 5.00000000
v -31.44530000 -40.44140000 5.00000000
v -32.40920000 -41.80760000 5.00000000
v -30.80270000 -40.68260000 5.00000000
v -32.73050000 -41.56640000 5.00000000
v -31.60640000 -40.36130000 5.00000000
v -32.24900000 -39.71880000 5.00000000
v -31.04390000 -40.60250000 5.00000000
v -31.12400000 -40.60250000 5.00000000
v -33.69430000 -40.60250000 5.00000000
v -31.20510000 -40.52250000 5.00000000
v -33.69430000 -40.68260000 5.00000000
v -31.36520000 -40.44140000 5.00000000
v -32.81150000 -41.56640000 5.00000000
v -31.52640000 -40.36130000 5.00000000
v -33.93550000 -40.36130000 5.00000000
v -33.93550000 -40.28120000 5.00000000
v -34.41800000 -39.31740000 5.00000000
v -34.33690000 -39.55860000 5.00000000
v -32.40920000 -39.31740000 5.00000000
v -32.24900000 -39.63870000 5.00000000
v -32.32910000 -39.55860000 5.00000000
v -25.02050000 -38.03220000 5.00000000
v -25.02050000 -36.82710000 5.00000000
v -25.10060000 -36.74710000 5.00000000
v -34.49800000 -39.23730000 5.00000000
v -34.49800000 -38.99610000 5.00000000
v -32.32910000 -39.39750000 5.00000000
v -32.40920000 -38.19240000 5.00000000
v -32.73050000 -36.50590000 5.00000000
v -32.73050000 -36.34570000 5.00000000
v -34.49800000 -36.42580000 5.00000000
v -25.10060000 -38.11230000 5.00000000
v -27.18850000 -36.18460000 5.00000000
v -27.34960000 -36.34570000 5.00000000
v -25.10060000 -36.18460000 5.00000000
v -25.18070000 -36.10450000 5.00000000
v -27.18850000 -35.78320000 5.00000000
v -25.26070000 -35.78320000 5.00000000
v -25.34180000 -35.54200000 5.00000000
v -25.18070000 -35.86330000 5.00000000
v -25.50200000 -35.14060000 5.00000000
v -25.42190000 -35.30080000 5.00000000
v -25.26070000 -35.62210000 5.00000000
v -28.15230000 -36.58590000 5.00000000
v -32.32910000 -38.11230000 5.00000000
v -25.34180000 -35.38180000 5.00000000
v -25.58200000 -34.97950000 5.00000000
v -25.74320000 -34.73930000 5.00000000
v -25.42190000 -35.22070000 5.00000000
v -25.50200000 -35.06050000 5.00000000
v -27.26950000 -35.62210000 5.00000000
v -25.58200000 -34.89940000 5.00000000
v -26.62700000 -33.69430000 5.00000000
v -28.15230000 -34.73930000 5.00000000
v -25.74320000 -34.65820000 5.00000000
v -25.90330000 -34.49800000 5.00000000
v -27.50980000 -33.05180000 5.00000000
v -28.31350000 -34.65820000 5.00000000
v -27.26950000 -33.21290000 5.00000000
v -26.22460000 -34.09670000 5.00000000
v -26.22460000 -34.01560000 5.00000000
v -26.54590000 -33.69430000 5.00000000
v -25.90330000 -34.41800000 5.00000000
v -26.94820000 -33.37300000 5.00000000
v -27.02830000 -33.37300000 5.00000000
v -27.18850000 -33.21290000 5.00000000
v -27.42970000 -33.05180000 5.00000000
v -28.87600000 -34.41800000 5.00000000
v -27.59080000 -32.97170000 5.00000000
v -27.67090000 -32.97170000 5.00000000
v -28.31350000 -32.73050000 5.00000000
v -27.75100000 -32.89160000 5.00000000
v -29.03610000 -34.41800000 5.00000000
v -29.11620000 -34.33690000 5.00000000
v -28.71480000 -32.65040000 5.00000000
v -28.15230000 -32.73050000 5.00000000
v -28.39360000 -32.65040000 5.00000000
v -29.51860000 -34.25680000 5.00000000
v -29.43750000 -34.33690000 5.00000000
v -28.79490000 -32.57030000 5.00000000
v -29.19730000 -32.57030000 5.00000000
v -29.27730000 -32.49020000 5.00000000
v -30.16020000 -32.49020000 5.00000000
v -31.60640000 -32.89160000 5.00000000
v -31.04390000 -34.33690000 5.00000000
v -31.36520000 -32.81150000 5.00000000
v -30.24120000 -32.57030000 5.00000000
v -32.32910000 -33.21290000 5.00000000
v -31.44530000 -34.49800000 5.00000000
v -32.16890000 -33.13280000 5.00000000
v -30.72270000 -32.57030000 5.00000000
v -30.80270000 -32.65040000 5.00000000
v -32.89160000 -33.61430000 5.00000000
v -32.00780000 -35.14060000 5.00000000
v -31.84770000 -34.89940000 5.00000000
v -31.04390000 -32.65040000 5.00000000
v -31.12400000 -32.73050000 5.00000000
v -31.28520000 -32.73050000 5.00000000
v -33.69430000 -34.41800000 5.00000000
v -33.85550000 -34.65820000 5.00000000
v -32.16890000 -35.38180000 5.00000000
v -31.52640000 -32.81150000 5.00000000
v -31.84770000 -32.97170000 5.00000000
v -31.76660000 -32.89160000 5.00000000
v -32.57030000 -33.37300000 5.00000000
v -32.00780000 -33.05180000 5.00000000
v -31.92770000 -32.97170000 5.00000000
v -32.24900000 -35.62210000 5.00000000
v -32.24900000 -35.54200000 5.00000000
v -32.40920000 -35.78320000 5.00000000
v -32.08790000 -33.05180000 5.00000000
v -27.75100000 -36.50590000 5.00000000
v -32.24900000 -33.13280000 5.00000000
v -34.01560000 -34.89940000 5.00000000
v -32.40920000 -33.21290000 5.00000000
v -32.65040000 -33.37300000 5.00000000
v -32.97170000 -33.61430000 5.00000000
v -33.69430000 -34.33690000 5.00000000
v -32.65040000 -36.58590000 5.00000000
v -34.17680000 -35.22070000 5.00000000
v -34.25680000 -35.46190000 5.00000000
v -32.65040000 -36.18460000 5.00000000
v -33.85550000 -34.57810000 5.00000000
v -34.33690000 -35.70310000 5.00000000
v -34.01560000 -34.81930000 5.00000000
v -34.09670000 -34.97950000 5.00000000
v -34.09670000 -35.06050000 5.00000000
v -34.41800000 -35.94340000 5.00000000
v -34.17680000 -35.14060000 5.00000000
v -34.25680000 -35.30080000 5.00000000
v -34.41800000 -35.78320000 5.00000000
v -34.33690000 -35.54200000 5.00000000
v -34.49800000 -36.02440000 5.00000000
v -34.57810000 -36.50590000 5.00000000
v -34.57810000 -38.91600000 5.00000000
v -34.41800000 -39.47750000 5.00000000
v -34.25680000 -39.79880000 5.00000000
v -34.33690000 -39.71880000 5.00000000
v -34.09670000 -40.04000000 5.00000000
v -34.25680000 -39.87990000 5.00000000
v -34.09670000 -40.12010000 5.00000000
v -32.49020000 -41.80760000 5.00000000
v -32.16890000 -42.04790000 5.00000000
v -32.00780000 -42.12890000 5.00000000
v -31.76660000 -42.28910000 5.00000000
v -31.68650000 -42.28910000 5.00000000
v -31.28520000 -42.45020000 5.00000000
v -31.60640000 -42.36910000 5.00000000
v -31.04390000 -42.53030000 5.00000000
v -31.36520000 -42.45020000 5.00000000
v -31.20510000 -42.53030000 5.00000000
v -30.72270000 -42.61040000 5.00000000
v -30.96390000 -42.61040000 5.00000000
v -30.64260000 -42.69040000 5.00000000
v -27.26950000 -35.70310000 5.00000000
v -32.49020000 -35.94340000 5.00000000
v -32.49020000 -36.02440000 5.00000000
v -32.65040000 -36.26460000 5.00000000
v -32.40920000 -35.86330000 5.00000000
v -31.28520000 -34.41800000 5.00000000
v -32.16890000 -35.46190000 5.00000000
v -32.00780000 -35.22070000 5.00000000
v -31.36520000 -34.49800000 5.00000000
v -31.84770000 -34.97950000 5.00000000
v -31.12400000 -34.41800000 5.00000000
v -30.80270000 -34.25680000 5.00000000
v -30.88380000 -34.33690000 5.00000000
v -28.79490000 -34.49800000 5.00000000
v -28.39360000 -34.65820000 5.00000000
v -28.23340000 -34.73930000 5.00000000
v -28.07230000 -36.50590000 5.00000000
v -27.50980000 -36.42580000 5.00000000
v -27.42970000 -36.34570000 5.00000000
v -27.67090000 -36.42580000 5.00000000
v 49.35740000 -35.06050000 5.00000000
v -2.12891000 -39.47750000 5.00000000
v -2.12891000 -38.35350000 5.00000000
v -2.04785000 -38.27340000 5.00000000
v -1.80762000 -36.50590000 5.00000000
v -1.80762000 -36.74710000 5.00000000
v 48.07230000 -32.97170000 5.00000000
v 48.15230000 -33.05180000 5.00000000
v 43.09280000 -41.80760000 5.00000000
v -1.72656000 -36.42580000 5.00000000
v -1.96777000 -33.69430000 5.00000000
v -2.20898000 -33.45410000 5.00000000
v -1.48633000 -35.78320000 5.00000000
v -1.56641000 -35.94340000 5.00000000
v -1.56641000 -36.02440000 5.00000000
v 0.20117200 -32.57030000 5.00000000
v -1.48633000 -35.86330000 5.00000000
v -1.64648000 -33.61430000 5.00000000
v -1.56641000 -33.61430000 5.00000000
v -1.40527000 -35.70310000 5.00000000
v -1.32520000 -33.45410000 5.00000000
v -0.76269500 -32.89160000 5.00000000
v -0.92382800 -33.05180000 5.00000000
v 0.12011700 -34.57810000 5.00000000
v -0.20117200 -32.73050000 5.00000000
v -0.52246100 -34.81930000 5.00000000
v -0.44140600 -34.81930000 5.00000000
v -0.36132800 -34.73930000 5.00000000
v -0.60253900 -34.89940000 5.00000000
v 0.52246100 -34.57810000 5.00000000
v 1.40527000 -32.89160000 5.00000000
v 1.40527000 -34.01560000 5.00000000
v 1.00391000 -34.41800000 5.00000000
v -0.28125000 -34.73930000 5.00000000
v 0.04003910 -34.65820000 5.00000000
v 0.92382800 -34.49800000 5.00000000
v 1.08398000 -34.41800000 5.00000000
v 1.16504000 -32.57030000 5.00000000
v 1.48633000 -33.13280000 5.00000000
v 1.48633000 -33.93550000 5.00000000
v 1.32520000 -32.73050000 5.00000000
v -0.12011700 -32.65040000 5.00000000
v -0.36132800 -32.73050000 5.00000000
v -0.60253900 -32.81150000 5.00000000
v -1.00391000 -33.05180000 5.00000000
v -1.08398000 -33.13280000 5.00000000
v -2.93164000 -32.73050000 5.00000000
v -3.97559000 -32.73050000 5.00000000
v -2.85156000 -32.81150000 5.00000000
v -1.08398000 -33.21290000 5.00000000
v -2.20898000 -33.13280000 5.00000000
v -2.45020000 -32.89160000 5.00000000
v -2.53027000 -32.81150000 5.00000000
v -1.40527000 -33.45410000 5.00000000
v -4.05664000 -32.81150000 5.00000000
v 49.11620000 -35.14060000 5.00000000
v 48.95610000 -35.22070000 5.00000000
v 49.03610000 -35.22070000 5.00000000
v 47.10840000 -34.33690000 5.00000000
v 47.18850000 -34.41800000 5.00000000
v 48.55470000 -35.38180000 5.00000000
v 48.63480000 -35.30080000 5.00000000
v 48.23340000 -35.30080000 5.00000000
v 48.47360000 -33.21290000 5.00000000
v 49.43750000 -34.17680000 5.00000000
v 48.15230000 -35.30080000 5.00000000
v 49.75880000 -38.59470000 5.00000000
v 48.87600000 -37.79100000 5.00000000
v 46.38570000 -34.17680000 5.00000000
v 46.78710000 -36.90720000 5.00000000
v 46.94820000 -38.83500000 5.00000000
v 48.87600000 -35.30080000 5.00000000
v 47.99220000 -39.96000000 5.00000000
v 46.78710000 -34.25680000 5.00000000
v 48.31350000 -37.46970000 5.00000000
v 48.23340000 -37.46970000 5.00000000
v 48.71480000 -37.71090000 5.00000000
v 48.15230000 -37.38960000 5.00000000
v 47.91210000 -37.30960000 5.00000000
v 47.02830000 -38.91600000 5.00000000
v 47.75100000 -37.22850000 5.00000000
v 47.83110000 -40.36130000 5.00000000
v 47.59080000 -37.14840000 5.00000000
v 45.42190000 -38.27340000 5.00000000
v 45.58200000 -38.27340000 5.00000000
v 45.34180000 -38.19240000 5.00000000
v 47.18850000 -36.98830000 5.00000000
v 45.10060000 -38.11230000 5.00000000
v 45.18070000 -38.19240000 5.00000000
v 45.42190000 -36.42580000 5.00000000
v 45.26070000 -36.34570000 5.00000000
v 44.53810000 -37.87110000 5.00000000
v 47.42970000 -37.06840000 5.00000000
v 46.54590000 -36.82710000 5.00000000
v 44.29690000 -37.79100000 5.00000000
v 45.82320000 -36.58590000 5.00000000
v 45.58200000 -36.50590000 5.00000000
v 44.93950000 -38.03220000 5.00000000
v 45.10060000 -34.41800000 5.00000000
v 45.18070000 -34.41800000 5.00000000
v 46.94820000 -36.90720000 5.00000000
v 46.30570000 -36.74710000 5.00000000
v 46.22460000 -36.66700000 5.00000000
v 46.06450000 -36.66700000 5.00000000
v 46.46580000 -36.74710000 5.00000000
v 46.70700000 -36.82710000 5.00000000
v 45.74320000 -36.50590000 5.00000000
v 43.89550000 -37.63090000 5.00000000
v 43.97560000 -37.63090000 5.00000000
v 43.81540000 -37.54980000 5.00000000
v 45.98440000 -36.58590000 5.00000000
v 43.17290000 -37.14840000 5.00000000
v 43.41410000 -37.30960000 5.00000000
v 45.34180000 -36.34570000 5.00000000
v 44.53810000 -35.70310000 5.00000000
v 43.01170000 -36.98830000 5.00000000
v 42.69040000 -36.18460000 5.00000000
v 42.77150000 -36.50590000 5.00000000
v 42.85160000 -36.82710000 5.00000000
v 42.85160000 -36.74710000 5.00000000
v 45.50200000 -36.42580000 5.00000000
v 42.45020000 -41.16500000 5.00000000
v 42.77150000 -36.66700000 5.00000000
v 42.53030000 -35.06050000 5.00000000
v 42.53030000 -35.62210000 5.00000000
v 42.61040000 -35.70310000 5.00000000
v 45.18070000 -36.26460000 5.00000000
v 42.61040000 -34.97950000 5.00000000
v 44.93950000 -36.10450000 5.00000000
v 44.69920000 -35.86330000 5.00000000
v 44.45800000 -35.54200000 5.00000000
v 44.53810000 -35.62210000 5.00000000
v 42.69040000 -34.49800000 5.00000000
v 44.13670000 -32.97170000 5.00000000
v 44.29690000 -32.89160000 5.00000000
v 44.21680000 -32.89160000 5.00000000
v 44.05660000 -32.97170000 5.00000000
v 43.97560000 -33.05180000 5.00000000
v 45.58200000 -34.25680000 5.00000000
v 45.98440000 -34.17680000 5.00000000
v 48.39360000 -33.21290000 5.00000000
v 49.27730000 -35.14060000 5.00000000
v 49.59860000 -34.49800000 5.00000000
v 49.43750000 -35.06050000 5.00000000
v 47.02830000 -34.33690000 5.00000000
v 48.31350000 -35.38180000 5.00000000
v 48.23340000 -33.05180000 5.00000000
v 47.91210000 -32.89160000 5.00000000
v 47.67090000 -32.81150000 5.00000000
v 47.42970000 -32.73050000 5.00000000
v 44.93950000 -32.65040000 5.00000000
v 44.61820000 -32.73050000 5.00000000
v 43.57420000 -33.29300000 5.00000000
v 43.81540000 -33.13280000 5.00000000
v 44.37790000 -32.81150000 5.00000000
v 43.89550000 -33.05180000 5.00000000
v 43.73540000 -33.13280000 5.00000000
v 43.25290000 -33.53420000 5.00000000
v 43.17290000 -33.53420000 5.00000000
v 43.49410000 -33.29300000 5.00000000
v 43.01170000 -33.69430000 5.00000000
v 42.85160000 -33.93550000 5.00000000
v 42.77150000 -34.25680000 5.00000000
v 42.77150000 -34.09670000 5.00000000
v 42.69040000 -34.33690000 5.00000000
v 42.61040000 -34.57810000 5.00000000
v 42.61040000 -36.10450000 5.00000000
v 42.69040000 -36.42580000 5.00000000
v 43.41410000 -39.79880000 5.00000000
v 43.01170000 -39.71880000 5.00000000
v 42.85160000 -39.87990000 5.00000000
v 43.09280000 -37.14840000 5.00000000
v 43.01170000 -37.06840000 5.00000000
v 43.33300000 -37.30960000 5.00000000
v 43.73540000 -37.54980000 5.00000000
v 43.57420000 -37.46970000 5.00000000
v 47.34960000 -40.76270000 5.00000000
v 47.26950000 -40.76270000 5.00000000
v 47.18850000 -40.84380000 5.00000000
v 44.05660000 -37.71090000 5.00000000
v 44.21680000 -37.79100000 5.00000000
v 44.37790000 -37.87110000 5.00000000
v 44.69920000 -37.95210000 5.00000000
v 44.61820000 -37.95210000 5.00000000
v 44.77930000 -38.03220000 5.00000000
v 45.02050000 -38.11230000 5.00000000
v 47.50980000 -40.68260000 5.00000000
v 45.66310000 -38.35350000 5.00000000
v 47.91210000 -40.04000000 5.00000000
v 47.02830000 -40.92380000 5.00000000
v 46.06450000 -38.51370000 5.00000000
v 46.86720000 -38.83500000 5.00000000
v 47.42970000 -40.68260000 5.00000000
v 47.26950000 -39.07620000 5.00000000
v 47.59080000 -39.31740000 5.00000000
v 47.91210000 -39.79880000 5.00000000
v 47.83110000 -40.28120000 5.00000000
v 47.10840000 -40.84380000 5.00000000
v 46.78710000 -41.00390000 5.00000000
v 46.86720000 -40.92380000 5.00000000
v 46.46580000 -41.00390000 5.00000000
v 45.82320000 -41.08400000 5.00000000
v 45.74320000 -41.00390000 5.00000000
v 44.93950000 -40.76270000 5.00000000
v 44.05660000 -42.28910000 5.00000000
v 44.13670000 -42.36910000 5.00000000
v 44.69920000 -40.68260000 5.00000000
v 44.77930000 -40.68260000 5.00000000
v 42.45020000 -41.24510000 5.00000000
v 45.10060000 -40.84380000 5.00000000
v 42.69040000 -41.48630000 5.00000000
v 44.53810000 -40.60250000 5.00000000
v 44.61820000 -40.60250000 5.00000000
v 42.20900000 -40.84380000 5.00000000
v 42.20900000 -40.92380000 5.00000000
v 42.77150000 -39.87990000 5.00000000
v 44.45800000 -40.52250000 5.00000000
v 44.05660000 -40.20120000 5.00000000
v 43.73540000 -39.96000000 5.00000000
v 42.12890000 -40.52250000 5.00000000
v 43.49410000 -39.79880000 5.00000000
v 43.33300000 -39.71880000 5.00000000
v 42.12890000 -40.76270000 5.00000000
v 43.33300000 -41.96780000 5.00000000
v 43.57420000 -42.12890000 5.00000000
v 43.97560000 -42.28910000 5.00000000
v 44.37790000 -42.45020000 5.00000000
v 44.53810000 -42.45020000 5.00000000
v 44.93950000 -42.61040000 5.00000000
v 45.34180000 -42.61040000 5.00000000
v 44.61820000 -42.53030000 5.00000000
v 28.95610000 -32.81150000 5.00000000
v 26.78710000 -35.78320000 5.00000000
v 26.86720000 -35.86330000 5.00000000
v 28.95610000 -42.53030000 5.00000000
v 26.86720000 -39.71880000 5.00000000
v 28.87600000 -42.61040000 5.00000000
v 26.94820000 -42.45020000 5.00000000
v 28.39360000 -42.61040000 5.00000000
f 1 2 3
f 3 4 5
f 6 7 8
f 9 10 11
f 12 13 14
f 15 3 5
f 4 16 17
f 18 19 20
f 21 5 17
f 22 23 24
f 25 26 27
f 28 17 16
f 29 30 31
f 32 33 34
f 35 16 31
f 29 31 16
f 36 37 38
f 39 31 30
f 30 22 40
f 41 30 40
f 42 43 44
f 45 46 47
f 48 40 22
f 49 50 51
f 52 22 24
f 24 53 54
f 55 56 57
f 58 24 54
f 49 59 60
f 61 26 62
f 63 54 53
f 64 65 66
f 67 53 68
f 69 70 71
f 72 68 71
f 68 69 71
f 26 73 62
f 74 71 70
f 75 64 76
f 77 78 45
f 79 70 69
f 80 81 82
f 83 69 84
f 85 86 87
f 88 84 89
f 89 90 91
f 92 93 94
f 95 89 91
f 96 97 98
f 99 100 101
f 102 91 90
f 90 103 104
f 105 90 104
f 90 106 103
f 107 108 109
f 110 104 103
f 111 112 113
f 114 103 106
f 106 115 116
f 117 106 116
f 106 118 115
f 119 116 115
f 120 112 121
f 122 123 124
f 125 115 118
f 112 126 127
f 94 128 57
f 129 118 130
f 131 132 126
f 133 134 135
f 130 136 137
f 138 139 140
f 141 142 143
f 144 136 145
f 132 131 146
f 147 148 122
f 149 145 86
f 86 85 150
f 151 86 150
f 150 85 152
f 153 147 154
f 150 152 155
f 156 157 138
f 158 159 160
f 161 152 85
f 85 96 162
f 163 159 164
f 165 85 162
f 156 76 157
f 166 162 96
f 64 66 76
f 167 163 168
f 169 96 170
f 171 172 173
f 174 170 120
f 175 66 171
f 148 176 123
f 177 120 121
f 120 81 112
f 167 154 163
f 178 121 127
f 44 87 42
f 179 127 126
f 53 180 68
f 181 126 132
f 5 4 17
f 182 132 146
f 183 184 185
f 186 146 139
f 187 188 189
f 190 139 157
f 191 187 189
f 192 157 66
f 193 191 189
f 194 66 175
f 195 196 197
f 198 175 199
f 200 201 202
f 203 199 204
f 205 206 207
f 208 209 210
f 211 204 212
f 213 214 215
f 216 212 217
f 218 214 219
f 220 217 188
f 221 214 222
f 223 224 225
f 226 188 187
f 221 219 214
f 227 187 191
f 228 229 230
f 231 232 233
f 234 191 193
f 219 221 229
f 193 235 236
f 228 219 229
f 209 237 210
f 238 235 218
f 215 214 218
f 239 240 241
f 242 243 200
f 244 245 246
f 247 248 249
f 188 217 189
f 250 251 195
f 252 212 185
f 252 217 212
f 253 254 255
f 254 256 255
f 185 212 204
f 257 258 259
f 260 11 261
f 183 185 204
f 262 261 263
f 252 185 264
f 265 263 266
f 267 268 269
f 270 266 271
f 272 271 273
f 274 275 276
f 277 273 207
f 278 279 280
f 281 207 282
f 283 284 285
f 286 282 287
f 195 251 288
f 289 287 290
f 276 291 292
f 293 290 294
f 295 294 202
f 296 249 297
f 298 202 299
f 300 301 299
f 302 288 303
f 302 304 300
f 305 306 307
f 308 309 302
f 303 308 302
f 303 310 308
f 311 312 313
f 288 314 303
f 249 315 316
f 317 318 288
f 319 317 288
f 319 320 317
f 321 319 288
f 321 322 319
f 323 307 324
f 323 325 321
f 324 307 326
f 324 327 323
f 328 249 316
f 326 329 324
f 330 331 332
f 307 333 326
f 334 335 336
f 337 338 307
f 247 339 340
f 341 342 337
f 343 341 337
f 344 345 341
f 343 344 341
f 343 346 344
f 347 348 349
f 340 350 343
f 351 334 352
f 353 354 340
f 339 353 340
f 355 356 353
f 339 355 353
f 339 357 355
f 358 339 359
f 360 361 339
f 358 360 339
f 358 362 360
f 363 284 364
f 359 365 358
f 276 275 366
f 296 367 359
f 368 369 348
f 370 371 296
f 297 370 296
f 297 372 370
f 373 284 363
f 374 375 297
f 376 377 279
f 328 378 374
f 379 347 380
f 316 381 328
f 382 383 384
f 315 385 316
f 386 387 388
f 384 389 315
f 390 391 387
f 383 392 384
f 393 394 382
f 391 395 396
f 253 397 393
f 398 399 391
f 255 400 253
f 401 402 403
f 404 405 255
f 406 407 388
f 408 409 404
f 410 411 412
f 410 413 408
f 283 414 411
f 412 415 410
f 395 391 416
f 411 417 412
f 418 419 279
f 414 420 411
f 283 285 421
f 283 422 414
f 423 373 363
f 421 424 283
f 425 279 419
f 285 426 421
f 416 399 427
f 373 428 285
f 429 430 431
f 423 432 373
f 433 434 403
f 363 435 423
f 436 366 437
f 436 438 363
f 439 440 441
f 437 442 436
f 330 443 331
f 366 444 437
f 445 446 447
f 448 449 366
f 445 448 366
f 445 450 448
f 451 452 445
f 447 451 445
f 447 453 451
f 454 455 456
f 446 457 447
f 458 459 460
f 461 462 446
f 463 431 458
f 464 465 461
f 466 467 468
f 469 470 464
f 434 471 469
f 351 335 334
f 433 472 434
f 473 474 475
f 473 476 433
f 475 474 477
f 475 478 473
f 479 460 459
f 477 480 475
f 331 336 332
f 474 481 477
f 396 387 391
f 482 483 474
f 278 482 474
f 278 484 482
f 485 486 487
f 488 489 278
f 280 488 278
f 280 490 488
f 491 492 493
f 425 494 280
f 495 496 497
f 498 499 425
f 347 349 380
f 500 501 498
f 502 467 503
f 504 505 500
f 459 497 479
f 506 507 504
f 259 283 411
f 332 508 506
f 336 335 509
f 336 510 332
f 511 512 496
f 509 513 336
f 441 514 416
f 515 492 491
f 379 516 335
f 517 518 519
f 380 520 379
f 521 511 518
f 349 522 380
f 515 523 492
f 348 524 349
f 468 467 525
f 369 526 348
f 407 527 369
f 528 519 518
f 406 529 407
f 530 406 396
f 530 531 406
f 528 532 519
f 396 533 530
f 534 396 395
f 534 535 396
f 536 537 538
f 395 539 534
f 540 395 416
f 541 542 395
f 540 541 395
f 540 543 541
f 416 544 540
f 545 416 514
f 546 547 416
f 545 546 416
f 545 548 546
f 549 466 468
f 514 550 545
f 551 430 456
f 440 552 514
f 553 554 555
f 553 556 440
f 555 557 553
f 558 555 554
f 558 559 555
f 560 561 537
f 554 562 558
f 563 554 487
f 563 564 554
f 565 563 487
f 565 566 563
f 487 567 565
f 257 259 411
f 568 569 487
f 486 568 487
f 486 570 568
f 515 491 571
f 572 573 486
f 574 572 486
f 574 575 572
f 576 497 577
f 578 579 574
f 580 578 574
f 580 581 578
f 582 583 584
f 466 585 580
f 549 571 586
f 549 587 466
f 588 589 590
f 586 591 549
f 592 593 584
f 571 594 586
f 584 595 592
f 491 596 571
f 597 598 599
f 600 601 491
f 493 600 491
f 493 602 600
f 518 517 521
f 603 604 493
f 605 606 592
f 607 608 603
f 609 610 597
f 455 611 607
f 454 612 455
f 429 613 454
f 614 597 615
f 431 616 429
f 463 460 617
f 463 618 431
f 619 615 620
f 621 617 460
f 622 619 623
f 479 624 460
f 576 625 479
f 626 627 628
f 629 630 631
f 577 632 576
f 633 634 635
f 512 636 577
f 511 637 512
f 638 639 640
f 521 641 511
f 633 642 643
f 517 644 521
f 536 560 537
f 519 645 517
f 646 647 609
f 648 649 519
f 532 648 519
f 532 650 648
f 639 651 532
f 638 652 639
f 256 257 410
f 653 630 629
f 640 654 638
f 655 656 657
f 561 658 640
f 659 660 661
f 560 662 561
f 663 664 659
f 665 666 560
f 595 605 592
f 667 668 665
f 669 667 665
f 669 670 667
f 628 671 672
f 673 674 675
f 676 677 669
f 678 676 669
f 678 679 676
f 680 681 678
f 682 680 678
f 682 683 680
f 684 682 678
f 684 685 682
f 686 687 660
f 595 688 684
f 689 690 686
f 691 692 595
f 693 691 595
f 693 694 691
f 695 693 595
f 695 696 693
f 697 695 698
f 697 699 695
f 698 695 595
f 698 700 697
f 173 199 175
f 634 701 698
f 702 590 589
f 703 704 634
f 633 703 634
f 705 706 703
f 633 705 703
f 633 707 705
f 708 709 710
f 711 712 633
f 643 711 633
f 643 713 711
f 714 715 716
f 717 718 643
f 672 717 643
f 719 720 721
f 672 722 717
f 708 723 724
f 671 725 672
f 689 660 659
f 726 727 728
f 729 730 671
f 731 732 733
f 734 735 729
f 736 734 729
f 736 737 734
f 738 736 729
f 738 739 736
f 740 714 741
f 702 742 738
f 743 744 664
f 745 657 656
f 589 746 702
f 664 744 659
f 747 748 589
f 749 743 664
f 750 751 747
f 752 715 664
f 750 753 754
f 715 714 664
f 647 753 750
f 749 664 755
f 646 756 647
f 757 758 732
f 599 759 646
f 760 761 762
f 714 755 664
f 598 763 599
f 764 765 598
f 765 766 598
f 719 767 720
f 714 740 755
f 764 768 765
f 755 740 769
f 614 770 764
f 771 772 773
f 772 774 614
f 775 733 740
f 771 776 772
f 777 769 740
f 773 778 771
f 622 779 773
f 779 780 773
f 781 622 623
f 622 782 779
f 781 783 622
f 783 784 622
f 659 744 689
f 781 785 783
f 786 758 787
f 623 788 781
f 789 790 623
f 790 791 623
f 27 26 38
f 792 789 623
f 789 793 790
f 794 758 795
f 792 796 789
f 797 268 794
f 709 798 792
f 733 799 740
f 800 801 709
f 802 733 732
f 803 804 800
f 805 806 807
f 808 809 803
f 786 802 732
f 810 811 808
f 812 807 268
f 690 813 810
f 689 814 690
f 814 815 690
f 689 816 814
f 816 817 814
f 802 799 733
f 689 818 816
f 744 819 689
f 819 820 689
f 758 268 787
f 744 821 819
f 758 794 268
f 743 822 744
f 749 823 743
f 823 824 743
f 758 786 732
f 749 825 823
f 826 806 827
f 755 828 749
f 38 26 61
f 268 829 787
f 769 830 755
f 777 740 799
f 777 831 769
f 799 832 777
f 832 833 777
f 268 267 829
f 799 834 832
f 802 835 799
f 835 836 799
f 802 837 835
f 231 838 232
f 268 807 839
f 786 840 802
f 841 806 826
f 787 842 786
f 843 839 807
f 829 844 787
f 845 841 826
f 267 846 829
f 806 841 843
f 269 847 267
f 843 807 806
f 839 848 269
f 204 199 183
f 843 849 839
f 2 850 845
f 2 4 3
f 841 851 843
f 845 850 852
f 2 826 4
f 845 853 841
f 854 855 856
f 857 858 859
f 268 839 269
f 2 845 826
f 752 860 715
f 660 689 686
f 861 605 862
f 686 690 724
f 738 590 702
f 810 724 690
f 752 664 863
f 810 808 708
f 810 708 724
f 738 729 864
f 808 803 708
f 800 708 803
f 627 729 671
f 800 709 708
f 643 628 672
f 709 792 710
f 724 865 686
f 588 590 866
f 867 708 868
f 708 710 868
f 643 642 628
f 710 623 619
f 792 623 710
f 590 864 869
f 868 710 870
f 633 635 642
f 773 619 622
f 619 871 710
f 642 635 872
f 773 772 615
f 773 615 619
f 873 864 627
f 772 614 615
f 634 698 635
f 597 874 615
f 597 614 764
f 698 583 635
f 764 598 597
f 698 584 583
f 609 597 599
f 875 628 642
f 646 609 599
f 698 595 584
f 647 750 876
f 647 876 609
f 877 642 872
f 588 750 747
f 876 750 588
f 684 605 595
f 747 589 588
f 878 872 635
f 738 864 590
f 684 678 605
f 864 729 627
f 876 588 879
f 605 678 536
f 628 627 671
f 583 880 635
f 605 536 862
f 515 571 881
f 678 669 536
f 881 571 549
f 536 665 560
f 669 665 536
f 537 561 882
f 881 549 468
f 882 640 528
f 561 640 882
f 883 884 439
f 885 456 492
f 528 640 639
f 886 862 536
f 466 580 467
f 528 639 532
f 580 574 467
f 882 887 537
f 467 574 486
f 888 882 528
f 485 467 486
f 889 528 518
f 881 890 515
f 511 496 518
f 485 503 467
f 891 518 496
f 512 497 496
f 468 892 881
f 497 512 577
f 440 439 553
f 497 576 479
f 514 441 440
f 497 459 893
f 554 485 487
f 463 458 460
f 430 458 431
f 554 894 485
f 454 456 429
f 456 430 429
f 439 884 553
f 895 894 554
f 456 607 492
f 455 607 456
f 884 554 553
f 493 492 603
f 492 607 603
f 485 896 503
f 430 897 458
f 895 554 884
f 894 898 485
f 504 330 506
f 895 899 894
f 504 500 330
f 884 900 895
f 419 500 498
f 416 427 441
f 279 474 376
f 416 391 399
f 441 901 439
f 473 403 474
f 427 902 441
f 403 434 469
f 396 406 387
f 399 903 427
f 401 311 904
f 330 419 905
f 388 387 406
f 401 403 469
f 407 368 388
f 401 469 464
f 369 368 407
f 401 464 461
f 347 368 348
f 279 377 906
f 368 907 388
f 446 401 461
f 347 908 368
f 446 445 401
f 351 909 347
f 351 347 379
f 401 445 311
f 379 335 351
f 376 910 377
f 331 334 336
f 311 445 312
f 506 330 332
f 312 445 366
f 330 500 419
f 376 403 911
f 425 419 498
f 275 312 366
f 279 425 280
f 403 402 912
f 278 474 279
f 276 366 436
f 403 376 474
f 402 401 913
f 473 433 403
f 363 276 436
f 254 253 393
f 363 291 276
f 914 254 393
f 363 364 291
f 382 914 393
f 275 915 312
f 284 373 285
f 259 916 284
f 339 247 249
f 364 917 291
f 259 284 283
f 340 306 247
f 918 364 284
f 340 343 306
f 410 257 411
f 919 284 916
f 323 305 307
f 920 916 259
f 256 410 408
f 323 251 305
f 408 404 256
f 321 251 323
f 256 404 255
f 321 288 251
f 257 256 921
f 247 306 922
f 254 923 256
f 288 302 195
f 914 924 254
f 195 302 300
f 914 384 249
f 382 384 914
f 925 306 305
f 249 296 359
f 249 384 315
f 196 195 300
f 328 374 249
f 299 196 300
f 374 297 249
f 299 201 196
f 339 249 359
f 305 251 926
f 307 306 337
f 306 343 337
f 299 202 201
f 242 294 290
f 202 294 200
f 927 156 138
f 200 294 242
f 235 189 218
f 928 196 201
f 235 193 189
f 242 290 287
f 201 200 929
f 282 242 287
f 200 243 930
f 931 243 242
f 282 932 242
f 933 242 932
f 282 934 932
f 934 207 935
f 282 207 934
f 935 207 936
f 934 937 932
f 936 207 206
f 935 938 934
f 939 936 206
f 936 940 935
f 205 273 941
f 207 273 205
f 941 273 942
f 205 943 206
f 942 273 944
f 941 945 205
f 944 273 271
f 942 946 941
f 942 944 947
f 266 944 271
f 948 949 950
f 266 950 944
f 266 948 950
f 951 944 950
f 266 263 948
f 952 950 949
f 948 263 261
f 953 949 948
f 954 948 261
f 954 955 948
f 956 954 261
f 956 957 954
f 11 956 261
f 958 959 956
f 11 958 956
f 960 961 958
f 11 960 958
f 10 962 960
f 11 10 960
f 9 963 10
f 964 9 11
f 189 965 218
f 964 966 9
f 967 964 11
f 968 969 964
f 967 968 964
f 970 971 968
f 967 970 968
f 972 973 970
f 967 972 970
f 974 975 972
f 967 974 972
f 976 977 974
f 967 976 974
f 978 979 976
f 967 978 976
f 980 981 978
f 967 980 978
f 967 965 980
f 967 215 965
f 965 215 218
f 252 189 217
f 173 183 199
f 175 171 173
f 982 183 173
f 66 65 171
f 66 157 76
f 171 65 983
f 64 984 65
f 139 138 157
f 146 140 139
f 131 140 146
f 131 985 140
f 156 986 76
f 126 112 131
f 131 112 111
f 127 121 112
f 140 987 138
f 988 985 131
f 985 989 140
f 120 170 82
f 120 82 81
f 131 111 990
f 82 170 98
f 111 113 991
f 98 170 96
f 992 97 85
f 97 96 85
f 87 992 85
f 993 113 112
f 87 86 145
f 994 112 81
f 82 98 995
f 136 87 145
f 98 97 996
f 997 42 87
f 130 997 136
f 136 997 87
f 130 118 997
f 998 97 992
f 997 118 106
f 999 992 87
f 44 1000 87
f 51 997 49
f 49 106 90
f 49 997 106
f 997 1001 42
f 59 49 90
f 51 1002 997
f 89 59 90
f 84 1003 59
f 89 84 59
f 69 1004 1003
f 84 69 1003
f 16 4 29
f 69 180 1004
f 69 68 180
f 1003 1005 59
f 180 53 1006
f 1004 1007 1003
f 1006 53 24
f 180 1008 1004
f 23 1006 24
f 1006 1009 180
f 30 23 22
f 23 1010 1006
f 30 29 23
f 29 1011 23
f 1012 29 4
f 1013 1014 1015
f 1016 1017 1018
f 1019 1020 233
f 1021 1022 241
f 1023 1024 1019
f 1025 1026 1027
f 1028 1029 1030
f 1031 1032 1033
f 1034 1035 1036
f 1037 1038 1039
f 1040 1041 1042
f 1038 1043 1044
f 1045 1046 1047
f 1043 1048 1049
f 1050 1051 1052
f 1048 1053 1054
f 1055 1056 1057
f 1053 1058 1059
f 1060 241 1061
f 1058 1062 1063
f 1022 1061 241
f 1062 1064 1065
f 1015 1066 1021
f 1064 1067 1068
f 239 241 1069
f 1067 1070 1071
f 237 209 240
f 1070 210 1072
f 1073 1074 1075
f 210 237 1076
f 1057 1077 1078
f 237 239 1079
f 1073 1080 1081
f 239 1069 1082
f 1083 1066 1075
f 1069 241 1084
f 1073 1081 1085
f 241 1060 1086
f 1087 1083 1075
f 1060 1061 1088
f 1074 1073 1085
f 1061 1022 1089
f 1090 1091 1092
f 1022 1066 1093
f 1090 1080 1091
f 1066 1083 1094
f 1075 1074 1095
f 1083 1087 1096
f 1095 1074 1097
f 1087 1075 1098
f 1080 1073 1091
f 1075 1095 1099
f 1057 1092 1091
f 1095 1097 1100
f 1015 1073 1075
f 1097 1074 1101
f 1102 1090 1092
f 1074 1085 1103
f 1057 1056 1092
f 1085 1081 1104
f 1057 1078 1055
f 1081 1080 1105
f 1055 1078 1106
f 1080 1090 1107
f 1092 1056 1108
f 1090 1102 1109
f 1106 1078 1110
f 1102 1092 1111
f 1110 1078 1112
f 1092 1108 1113
f 1112 1078 1051
f 1108 1056 1114
f 1051 1078 1115
f 1056 1055 1116
f 1052 1051 1115
f 1055 1106 1117
f 1075 1066 1015
f 1106 1110 1118
f 1119 1120 1121
f 1122 1123 1124
f 1110 1112 1125
f 1123 1042 1126
f 1127 1128 1129
f 1112 1051 1130
f 1131 1132 1129
f 1052 1047 1133
f 1051 1050 1134
f 1135 1136 1137
f 1138 1139 1123
f 1127 1119 1140
f 1047 1046 1141
f 1042 1142 1040
f 1143 1144 1129
f 1145 1139 1146
f 1147 1046 1148
f 1149 1150 1131
f 1021 1013 1015
f 1151 1152 1040
f 1153 1131 1154
f 1155 1156 1148
f 1157 1158 1159
f 1150 1149 1160
f 1161 1162 1155
f 1163 1159 1164
f 1165 1131 1150
f 1166 1167 1161
f 1126 1168 1138
f 1149 1131 1169
f 1170 1171 1166
f 1172 1173 1174
f 1175 1160 1149
f 1138 1176 1170
f 1057 1091 1177
f 1169 1178 1149
f 1168 1179 1138
f 1180 1181 1182
f 1169 1129 1144
f 1126 1183 1168
f 1152 1184 1185
f 1186 1129 1187
f 225 1188 223
f 1126 1042 1189
f 223 1188 1172
f 1042 1041 1190
f 1191 223 1192
f 1041 1040 1193
f 1194 1195 1196
f 1192 1182 1197
f 1040 1152 1198
f 1164 1199 1200
f 1152 1185 1201
f 1202 1164 1158
f 1185 1184 1203
f 1202 1204 1164
f 1184 1200 1205
f 1192 1206 1182
f 1200 1199 1207
f 1191 224 223
f 1199 1164 1208
f 1209 1210 1211
f 1164 1204 1212
f 225 1213 1157
f 1204 1202 1214
f 1157 1213 1215
f 1202 1158 1216
f 224 1191 1217
f 1158 1157 1218
f 1217 1191 1219
f 1157 1215 1220
f 1209 1221 1210
f 1215 1213 1222
f 1223 1224 1225
f 1213 225 1226
f 1181 1209 1211
f 225 224 1227
f 1192 1228 1191
f 224 1217 1229
f 1192 1230 1228
f 1217 1219 1231
f 1232 1233 1234
f 1219 1191 1235
f 1197 1236 1192
f 1191 1228 1237
f 1238 1239 1240
f 1228 1230 1241
f 1242 1243 1197
f 1230 1192 1244
f 1245 1246 1239
f 1192 1236 1247
f 1248 1249 1250
f 1251 1252 1253
f 1236 1197 1254
f 1255 1256 1224
f 1197 1243 1257
f 1258 1017 1259
f 1260 1261 1262
f 1243 1242 1263
f 1261 246 1264
f 1242 1265 1266
f 1238 1267 1239
f 1265 1211 1268
f 1269 1270 1271
f 1211 1210 1272
f 1273 1274 1275
f 1276 1277 1278
f 1210 1221 1279
f 1280 1281 1282
f 1269 1283 1284
f 1221 1285 1286
f 1255 1287 1256
f 1285 1288 1289
f 1290 1276 1291
f 1288 1292 1293
f 1294 1295 1296
f 1223 1297 1255
f 1292 1256 1298
f 1299 1300 1301
f 1271 1270 1302
f 1255 1303 1287
f 1304 1305 1306
f 1307 1308 1223
f 1309 1305 1310
f 1283 1311 1284
f 1021 1066 1022
f 1312 1194 1299
f 1313 1314 1315
f 1316 1307 1232
f 1317 1318 1319
f 1320 1321 1278
f 1322 1232 1234
f 1323 1300 1324
f 1269 1271 1283
f 1325 1234 1326
f 1310 1295 1327
f 1313 1328 1329
f 1330 1326 1331
f 1309 1332 1324
f 1333 1291 1283
f 1334 1331 1238
f 1335 1336 1296
f 1337 1238 1240
f 1309 1310 1338
f 1278 1291 1276
f 1339 1240 1340
f 1252 1341 1253
f 1342 1315 1343
f 1344 1345 1346
f 1253 1347 1340
f 246 245 1252
f 1259 1348 1349
f 1341 1350 1253
f 1351 1352 1353
f 1296 1346 1335
f 1252 1354 1341
f 1355 1278 1321
f 1356 1357 1358
f 245 1359 1252
f 1360 1315 1361
f 1262 1362 1260
f 1363 246 1260
f 1364 1365 1366
f 1260 1362 1367
f 1368 1260 1367
f 1369 1370 1371
f 1372 1367 1362
f 1373 1374 1375
f 1376 1362 1262
f 1369 1360 1377
f 1378 1262 1270
f 1379 1270 1269
f 1380 1311 1381
f 1382 1269 1284
f 1383 1384 1385
f 1386 1380 1381
f 1387 1284 1311
f 1388 1389 1390
f 1381 1355 1391
f 1392 1311 1380
f 1393 1352 1394
f 1395 1380 1386
f 1248 1396 1397
f 1391 1398 1381
f 1399 1386 1381
f 1400 1401 1402
f 1391 1403 1398
f 1404 1381 1398
f 1405 1406 1407
f 1408 1409 1410
f 1411 1398 1403
f 1412 1328 1313
f 1413 1403 1391
f 1414 1415 1416
f 1417 1391 1355
f 1355 1321 1418
f 1419 1408 1352
f 1405 1420 1406
f 1418 1421 1355
f 1422 1418 1321
f 1353 1352 1423
f 1424 1414 1425
f 1320 1426 1321
f 1427 1428 1429
f 1430 1400 1431
f 1328 1432 1320
f 1433 1434 1435
f 1405 1436 1437
f 1412 1438 1328
f 1373 1375 1439
f 1440 1441 1442
f 1428 1443 1412
f 1427 1444 1428
f 1434 1445 1446
f 1447 1448 1449
f 1429 1450 1427
f 1451 1352 1351
f 1452 1453 1448
f 1342 1454 1429
f 1455 1456 1457
f 1343 1458 1342
f 1459 1460 1461
f 1462 1384 1463
f 1464 1465 1343
f 1466 1352 1408
f 1467 1468 1462
f 1456 1469 1464
f 1470 1471 1472
f 1473 1474 1475
f 1455 1476 1456
f 1461 1477 1478
f 1457 1479 1455
f 1480 1370 1034
f 1481 1482 1483
f 1484 1485 1457
f 1486 1487 1026
f 1488 1489 1490
f 1371 1491 1484
f 1492 1493 1494
f 1370 1495 1371
f 1496 1493 1497
f 1498 1499 1500
f 1501 1480 1034
f 1502 1503 1035
f 1504 1505 1506
f 1507 1508 1446
f 1509 1510 1502
f 1511 1512 1513
f 1509 1514 1515
f 1511 1516 1517
f 1514 1518 1519
f 1518 1374 1520
f 1521 1373 1439
f 1374 1373 1522
f 1508 1410 1523
f 1373 1521 1524
f 1492 1511 1513
f 1521 1439 1525
f 1526 1527 1439
f 1439 1527 1528
f 1529 1530 1531
f 1527 1526 1532
f 1533 1534 1466
f 1526 1535 1536
f 1537 1472 1538
f 1535 1424 1539
f 1540 1425 1416
f 1424 1425 1541
f 1425 1540 1542
f 1543 1538 1544
f 1540 1416 1545
f 1546 1471 1547
f 1416 1548 1549
f 1351 1550 1548
f 1548 1550 1551
f 1552 1351 1353
f 1550 1351 1553
f 1552 1554 1351
f 1351 1554 1555
f 1546 1556 1471
f 1554 1552 1557
f 1466 1534 1558
f 1552 1353 1559
f 1560 1561 1512
f 1353 1423 1562
f 1423 1558 1563
f 1564 1493 1026
f 1558 1534 1565
f 1534 1533 1566
f 1567 1466 1507
f 1533 1466 1568
f 1466 1567 1569
f 1570 1571 1529
f 1567 1507 1572
f 1573 1574 1507
f 1507 1574 1575
f 1576 1577 1512
f 1574 1573 1578
f 1576 1579 1577
f 1580 1581 1445
f 1582 1573 1445
f 1478 1477 1583
f 1584 1445 1581
f 1543 1585 1580
f 1586 1581 1580
f 1587 1588 1589
f 1590 1580 1585
f 1591 1592 1593
f 1594 1585 1543
f 1595 1543 1544
f 1596 1544 1597
f 1598 1599 1600
f 1601 1597 1556
f 1602 1091 1073
f 1603 1556 1604
f 1605 1604 1606
f 1583 1607 1478
f 1608 1606 1478
f 1609 1478 1607
f 1610 1611 1583
f 1025 1612 1610
f 1613 1614 1615
f 1027 1616 1025
f 1617 1614 1613
f 1496 1497 1618
f 1025 1616 1619
f 1529 1032 1620
f 1616 1027 1621
f 1027 1496 1622
f 1623 1624 1615
f 1496 1618 1625
f 1626 1627 1628
f 1618 1497 1629
f 1626 1630 1627
f 1497 1627 1631
f 1632 1613 1615
f 1627 1630 1633
f 1634 1635 1636
f 1630 1626 1637
f 1626 1628 1638
f 1639 1600 1599
f 1628 1640 1641
f 1642 1643 1513
f 1640 1513 1644
f 1561 1642 1513
f 1513 1643 1645
f 1646 1615 1624
f 1643 1642 1647
f 1634 1646 1624
f 1642 1561 1648
f 1649 1577 1579
f 1561 1560 1650
f 1651 1652 1653
f 1560 1577 1654
f 1579 1655 1649
f 1577 1649 1656
f 1649 1655 1657
f 1658 1659 1579
f 1655 1579 1660
f 1658 1661 1659
f 1579 1659 1662
f 1663 1664 1665
f 1659 1661 1666
f 1667 1668 1658
f 1669 1667 1658
f 1661 1658 1670
f 1669 1671 1672
f 1672 1667 1669
f 1672 1673 1667
f 1669 1658 1613
f 1613 1632 1674
f 241 240 1021
f 1675 1676 1677
f 1678 1669 1613
f 1679 1680 1681
f 1682 1613 1674
f 1632 1646 1683
f 1684 1674 1632
f 1685 1632 1683
f 1646 1636 1686
f 1687 1683 1646
f 1646 1686 1688
f 1646 1688 1689
f 1688 1686 1690
f 1688 1690 1691
f 1636 1692 1686
f 1693 1694 1592
f 1690 1686 1695
f 1635 1696 1697
f 1635 1698 1636
f 1599 1699 1639
f 1697 1700 1635
f 1701 1702 1588
f 1696 1703 1697
f 1704 1705 1706
f 1707 1708 1696
f 1709 1710 1704
f 1711 1712 1707
f 1713 1681 1680
f 1714 1715 1711
f 1716 1717 1718
f 1719 1679 1720
f 1714 1721 1722
f 1723 1724 1725
f 1721 1724 1726
f 1727 1719 1720
f 1725 1728 1723
f 1729 1725 1730
f 1665 1706 1731
f 1732 1730 1733
f 1734 1735 1592
f 1736 1733 1620
f 1737 1704 1706
f 1738 1620 1032
f 1571 1570 1739
f 1740 1032 1031
f 1717 1741 1742
f 1743 1031 1033
f 1720 1679 1681
f 1744 1033 1571
f 1727 1720 1745
f 1746 1571 1739
f 1747 1727 1745
f 1748 1739 1570
f 1749 1665 1750
f 1751 1570 1587
f 1752 1753 1589
f 1754 1587 1589
f 1741 1747 1745
f 1755 1589 1753
f 1593 1756 1752
f 1757 1753 1752
f 1752 1756 1758
f 1759 1752 1758
f 1760 1761 1762
f 1763 1758 1756
f 1747 1741 1717
f 1764 1756 1593
f 1593 1735 1765
f 1766 1593 1765
f 1767 1768 1762
f 1769 1765 1735
f 1735 1734 1770
f 1771 1735 1770
f 1716 1772 1773
f 1774 1770 1734
f 1734 1775 1776
f 1777 1734 1776
f 1734 1778 1775
f 1779 1776 1775
f 1749 1681 1665
f 1780 1775 1778
f 1716 1760 1772
f 1781 1778 1782
f 1717 1773 1747
f 1783 1782 1784
f 1785 1768 1786
f 1787 1784 1600
f 1788 1768 1785
f 1789 1600 1675
f 1788 1762 1768
f 1790 1675 1677
f 1716 1773 1717
f 1791 1677 1709
f 1709 1737 1792
f 1793 1709 1792
f 1792 1737 1794
f 1795 1792 1794
f 1796 1797 1786
f 1798 1794 1737
f 1737 1664 1799
f 1800 1737 1799
f 1762 1788 1760
f 1801 1799 1664
f 1760 1788 1772
f 1802 1664 1663
f 1803 1804 1805
f 1806 1663 1713
f 1785 1797 1804
f 1805 1807 1803
f 1680 1808 1713
f 1786 1768 1809
f 1679 1810 1680
f 1797 1805 1804
f 1719 1811 1679
f 1785 1786 1797
f 1727 1812 1719
f 1813 1814 1803
f 1747 1815 1727
f 1803 1816 1804
f 1773 1817 1747
f 1803 1814 1816
f 1772 1818 1773
f 1816 1814 1819
f 1015 1820 1073
f 1772 1788 1821
f 1819 1822 1816
f 1788 1785 1823
f 1785 1804 1824
f 1209 1181 1825
f 1804 1816 1826
f 239 237 240
f 1816 1822 1827
f 208 210 1828
f 1822 1829 1830
f 231 1831 838
f 1832 1833 1834
f 1023 232 1829
f 1019 232 1023
f 233 232 1019
f 1021 1835 1013
f 1828 210 1070
f 1819 1829 1822
f 209 1836 240
f 1837 1021 240
f 208 1838 209
f 1067 1828 1070
f 1828 1839 208
f 1067 1840 1828
f 1840 1064 1062
f 1828 1840 1841
f 1842 1840 1062
f 1067 1064 1840
f 1843 1842 1844
f 1828 1841 1845
f 1846 1840 1842
f 1841 1840 1847
f 1848 1842 1843
f 1844 1842 1062
f 1849 1843 1850
f 1844 1850 1843
f 1851 1850 1844
f 1058 1844 1062
f 1852 1053 1853
f 1058 1053 1844
f 1853 1053 1048
f 1844 1053 1852
f 1852 1853 1854
f 1852 1855 1844
f 1853 1856 1857
f 1856 1853 1858
f 1023 1829 1859
f 1858 1853 1860
f 1859 1829 1819
f 1860 1853 1048
f 1856 1858 1861
f 1862 1860 1048
f 1858 1860 1863
f 1043 1862 1048
f 1043 1038 1862
f 1864 1860 1862
f 1862 1038 1865
f 1866 1862 1865
f 1865 1038 1867
f 1868 1865 1867
f 1867 1038 1037
f 1869 1867 1870
f 1870 1867 1037
f 1871 1870 1872
f 1872 1870 1037
f 1873 1872 1833
f 1833 1872 1037
f 1833 1037 1834
f 1834 1037 1874
f 1875 1834 1874
f 1874 1037 1876
f 1877 1874 1876
f 1876 1037 1878
f 1879 1876 1880
f 1880 1876 1878
f 1881 1880 1882
f 1882 1880 1878
f 1883 1882 1884
f 1884 1882 1878
f 1885 1884 1886
f 1886 1884 1878
f 1887 1886 1888
f 1888 1886 1878
f 1889 1888 1890
f 1890 1888 1878
f 1891 1890 1892
f 1892 1890 1878
f 1023 1892 1878
f 1023 1859 1892
f 1893 1805 1797
f 1716 1894 1760
f 1784 1782 1598
f 1665 1681 1713
f 1598 1782 1778
f 1663 1665 1713
f 1599 1598 1895
f 1664 1737 1665
f 1896 1741 1745
f 1720 1897 1745
f 1665 1737 1706
f 1898 1899 1591
f 1709 1677 1710
f 1737 1709 1704
f 1710 1677 1676
f 1720 1681 1900
f 1033 1529 1571
f 1676 1675 1639
f 1681 1749 1901
f 1701 1529 1902
f 1639 1675 1600
f 1733 1730 1530
f 1704 1710 1903
f 1530 1725 1651
f 1598 1600 1784
f 1652 1651 1724
f 1904 1710 1676
f 1721 1714 1652
f 1734 1598 1778
f 1905 1714 1711
f 1598 1734 1592
f 1676 1639 1906
f 1707 1905 1711
f 1598 1592 1694
f 1707 1696 1905
f 1592 1735 1593
f 1634 1696 1635
f 1591 1593 1898
f 1598 1694 1907
f 1634 1636 1646
f 1752 1898 1593
f 1652 1905 1908
f 1909 1592 1591
f 1588 1898 1752
f 1634 1910 1905
f 1752 1589 1588
f 1646 1632 1615
f 1587 1701 1588
f 1624 1911 1634
f 1529 1701 1570
f 1701 1587 1570
f 1617 1613 1658
f 1588 1912 1898
f 1913 1617 1658
f 1033 1032 1529
f 1914 1615 1614
f 1620 1733 1529
f 1579 1913 1658
f 1733 1530 1529
f 1576 1915 1913
f 1730 1725 1530
f 1617 1916 1614
f 1651 1725 1724
f 1579 1576 1913
f 1721 1652 1724
f 1913 1917 1617
f 1652 1714 1905
f 1918 1913 1915
f 1905 1696 1634
f 1512 1919 1576
f 1920 1486 1477
f 1577 1560 1512
f 1576 1921 1915
f 1546 1459 1606
f 1919 1922 1576
f 1604 1546 1606
f 1511 1517 1512
f 1513 1512 1561
f 1604 1556 1546
f 1923 1919 1512
f 1471 1597 1472
f 1492 1924 1511
f 1538 1543 1580
f 1513 1640 1492
f 1512 1517 1925
f 1546 1926 1459
f 1492 1628 1627
f 1640 1628 1492
f 1434 1433 1538
f 1497 1492 1627
f 1511 1924 1927
f 1445 1434 1580
f 1928 1924 1492
f 1497 1493 1492
f 1446 1445 1573
f 1496 1027 1493
f 1507 1446 1573
f 1026 1493 1027
f 1508 1507 1410
f 1486 1026 1025
f 1410 1507 1408
f 1583 1486 1610
f 1486 1025 1610
f 1507 1466 1408
f 1477 1486 1583
f 1538 1433 1929
f 1606 1461 1478
f 1558 1352 1466
f 1459 1461 1606
f 1558 1423 1352
f 1556 1597 1471
f 1446 1930 1434
f 1472 1597 1544
f 1931 1446 1508
f 1472 1544 1538
f 1451 1351 1548
f 1434 1538 1580
f 1451 1394 1352
f 1526 1932 1414
f 1451 1548 1416
f 1415 1451 1416
f 1933 1932 1375
f 1416 1425 1414
f 1374 1518 1934
f 1414 1424 1535
f 1934 1935 1375
f 1394 1451 1936
f 1937 1938 1514
f 1526 1414 1535
f 1502 1937 1509
f 1439 1932 1526
f 1939 1451 1415
f 1502 1035 1937
f 1439 1375 1932
f 1940 1415 1414
f 1941 1937 1942
f 1943 1414 1932
f 1370 1942 1034
f 1375 1374 1934
f 1370 1369 1942
f 1934 1518 1938
f 1360 1369 1456
f 1938 1518 1514
f 1464 1343 1360
f 1509 1937 1514
f 1934 1938 1944
f 1315 1342 1429
f 1938 1937 1945
f 1428 1313 1429
f 1937 1035 1942
f 1278 1329 1328
f 1942 1035 1034
f 1320 1278 1328
f 1484 1369 1371
f 1291 1278 1355
f 1456 1369 1457
f 1369 1484 1457
f 1355 1381 1291
f 1464 1360 1456
f 1381 1283 1291
f 1360 1343 1315
f 1329 1946 1313
f 1313 1315 1429
f 1381 1311 1283
f 1428 1412 1313
f 1278 1947 1329
f 1291 1333 1948
f 1270 1262 1302
f 1333 1283 1949
f 1302 1262 1261
f 1261 1260 246
f 1950 1283 1271
f 1271 1302 1951
f 1264 246 1251
f 1251 246 1252
f 1952 1302 1261
f 1261 1264 1953
f 1246 1251 1253
f 1340 1246 1253
f 1954 1264 1251
f 1239 1246 1340
f 1240 1239 1340
f 1246 1955 1251
f 1956 1246 1245
f 1331 1267 1238
f 1957 1245 1239
f 1331 1326 1267
f 1267 1326 1958
f 1267 1959 1239
f 1958 1326 1234
f 1958 1960 1267
f 1233 1958 1234
f 1233 1961 1958
f 1307 1233 1232
f 1307 1225 1233
f 1233 1225 1962
f 1307 1223 1225
f 1225 1224 1963
f 1223 1255 1224
f 1224 1256 1964
f 1964 1256 1292
f 1288 1964 1292
f 1288 1209 1964
f 1288 1285 1209
f 1209 1285 1221
f 1181 1211 1265
f 1242 1181 1265
f 1242 1182 1181
f 1242 1197 1182
f 1964 1209 1965
f 1192 223 1206
f 1188 1173 1172
f 1966 1115 1967
f 1188 1157 1159
f 225 1157 1188
f 1159 1158 1164
f 1182 1206 1968
f 1172 1969 223
f 1206 223 1970
f 1164 1200 1971
f 1163 1164 1971
f 1188 1972 1173
f 1971 1200 1151
f 1152 1151 1184
f 1151 1200 1184
f 1040 1142 1151
f 1188 1159 1973
f 1151 1142 1974
f 1159 1163 1975
f 1123 1122 1142
f 1163 1971 1976
f 1042 1123 1142
f 1971 1151 1977
f 1126 1138 1123
f 1151 1974 1978
f 1122 1979 1142
f 1974 1142 1980
f 1139 1170 1166
f 1138 1170 1139
f 1139 1166 1981
f 1146 1139 1981
f 1982 1123 1139
f 1981 1166 1161
f 1983 1981 1155
f 1155 1981 1161
f 1984 1146 1981
f 1148 1983 1155
f 1985 1981 1983
f 1148 1046 1983
f 1986 1983 1045
f 1983 1046 1045
f 1987 1045 1966
f 1045 1047 1966
f 1115 1966 1052
f 1966 1047 1052
f 1988 1989 1990
f 1327 1991 1310
f 1346 1345 1335
f 1992 1993 1194
f 1994 1995 1346
f 1295 1994 1346
f 1310 1305 1996
f 1997 1998 1999
f 1996 2000 2001
f 1249 2002 2003
f 1131 1129 1169
f 2004 1994 2005
f 2006 1389 1250
f 2007 1259 1016
f 1317 2008 2005
f 1295 1346 1296
f 2009 1119 1127
f 1336 1335 2010
f 1120 1119 2009
f 2009 1127 1186
f 1259 2011 1348
f 1127 1129 1186
f 1187 1132 2012
f 2013 2009 1186
f 2014 1186 1187
f 2015 2016 1187
f 1135 2012 2017
f 2018 2019 2015
f 2015 2019 2020
f 2021 2018 1137
f 2022 2021 1137
f 1137 2018 1135
f 1135 2018 2015
f 2023 2024 2025
f 1135 2015 2012
f 2026 2017 2012
f 2012 2015 1187
f 1132 2027 2012
f 2028 2029 2030
f 1153 1132 1131
f 1132 1187 1129
f 2031 2032 2033
f 2034 2035 1132
f 2036 2037 2038
f 1153 2034 1132
f 2039 2040 2034
f 1988 2039 2034
f 2041 2042 2039
f 2043 2044 2045
f 2046 2047 2023
f 2048 2049 2050
f 2034 1153 1988
f 1988 2051 2039
f 2051 2041 2039
f 2052 2053 20
f 1988 1153 1989
f 2051 1988 2054
f 2055 2056 2057
f 2058 2059 2060
f 61 2061 2062
f 2063 2064 2065
f 2066 2067 2068
f 2069 719 721
f 2070 630 653
f 2071 2072 2073
f 2072 2069 721
f 2074 2073 721
f 2073 2072 721
f 2074 2075 2076
f 2076 2077 2073
f 2077 2078 2073
f 2076 2075 2079
f 2074 2076 2073
f 2076 2080 2077
f 631 630 2081
f 2082 631 2081
f 656 2083 2084
f 2085 2086 2084
f 2087 675 674
f 657 745 2088
f 2089 2088 2090
f 657 2088 2091
f 2090 2088 674
f 2090 674 2092
f 2087 674 2088
f 745 2087 2088
f 745 656 2084
f 2085 2093 2086
f 728 2093 2094
f 2086 2093 728
f 2095 2096 726
f 2097 2098 2099
f 2100 2101 2098
f 2098 2097 2100
f 2102 2098 761
f 761 2098 2103
f 761 2103 762
f 2104 2101 2105
f 2104 2103 2101
f 2101 2103 2098
f 2106 2096 2101
f 2101 2096 2095
f 2106 2101 2100
f 2096 727 726
f 726 728 2094
f 2083 2085 2084
f 2083 2081 2085
f 2083 2082 2081
f 2107 2108 2109
f 2110 2062 2061
f 2111 2112 2113
f 2114 2115 2116
f 153 2117 2118
f 2119 2120 2107
f 2121 2122 107
f 2123 2124 2125
f 147 2126 148
f 124 123 2127
f 2062 38 61
f 2128 2129 2130
f 2131 2132 2133
f 37 2134 38
f 2135 2136 2137
f 2138 2139 2140
f 2141 2142 37
f 2143 2144 2145
f 47 2146 2147
f 2148 2149 2141
f 2067 2066 2150
f 32 34 77
f 47 32 45
f 2151 2152 2147
f 1028 2153 2131
f 2154 2155 34
f 2156 133 1030
f 2157 92 2127
f 2158 57 56
f 2159 77 2155
f 2160 2161 2162
f 2133 2163 2164
f 163 164 2165
f 160 159 154
f 2166 2167 2168
f 2169 2170 2171
f 163 154 159
f 167 2172 2117
f 2118 2117 2173
f 167 2117 153
f 2174 147 153
f 2175 153 2118
f 2176 2118 2173
f 2177 2178 2179
f 2180 2181 2182
f 2063 2183 2184
f 2185 2186 8
f 154 167 153
f 154 122 2187
f 2188 2189 2190
f 154 147 122
f 2191 2192 2193
f 2194 2195 2196
f 148 123 122
f 2197 122 124
f 20 2053 18
f 2163 2198 2164
f 2163 2133 2199
f 2200 1030 1029
f 1028 133 135
f 2201 1028 135
f 2052 1029 2053
f 133 2202 134
f 133 1028 1030
f 18 2203 19
f 2204 2205 2052
f 2205 1029 2052
f 2206 2207 2208
f 2209 2052 20
f 2196 2210 2211
f 2212 13 2213
f 2214 18 2053
f 1029 1028 2053
f 109 2215 2053
f 109 2053 1028
f 2216 2217 2218
f 2131 109 1028
f 2131 107 109
f 2133 107 2131
f 2121 107 2133
f 2164 2121 2133
f 2164 2219 2121
f 2220 2164 2221
f 2221 2164 2198
f 2222 2223 2221
f 2224 2222 2225
f 2226 2220 2223
f 2227 2228 2224
f 2229 2230 2223
f 2228 2231 99
f 101 2232 2229
f 101 2228 99
f 100 2233 101
f 2228 101 2224
f 2227 2224 2234
f 2228 2235 2231
f 2236 2237 141
f 101 2222 2224
f 2238 2239 2240
f 2198 124 2127
f 2158 2241 57
f 2242 2243 2244
f 2154 56 2155
f 92 2198 2127
f 2229 2223 2222
f 2229 2222 101
f 92 94 2198
f 2223 2220 2221
f 2222 2221 2245
f 2163 124 2198
f 2241 2198 57
f 2198 94 57
f 2246 2247 2248
f 2249 2154 34
f 2158 56 2154
f 2158 2154 2250
f 34 2155 77
f 77 45 32
f 2207 2251 2252
f 32 2066 2253
f 32 47 2066
f 2254 2255 2256
f 2066 47 2150
f 2147 2150 47
f 2067 2150 2257
f 2240 2258 2206
f 2147 2152 2150
f 2150 2259 2260
f 2261 2240 2239
f 2150 2145 2259
f 2150 2152 2145
f 2262 2263 2264
f 2145 2152 2143
f 2143 2265 2266
f 2265 2148 2267
f 2152 2148 2143
f 2263 2268 2264
f 2267 2148 2269
f 2143 2148 2265
f 2269 2148 2141
f 2270 2265 2267
f 2271 2269 2141
f 2272 2267 2269
f 2138 2273 2271
f 2274 2269 2271
f 2138 2271 2141
f 36 2139 37
f 37 2138 2141
f 2062 2275 36
f 2276 2139 36
f 2139 2138 37
f 36 2275 2277
f 2062 36 38
f 2278 2279 2280
f 2281 2282 2283
f 2284 2285 2286
f 2287 2288 2289
f 2290 2291 1462
f 2292 2293 2294
f 2295 2296 1364
f 2297 1475 2284
f 2298 2299 2300
f 2301 2302 2291
f 2287 2289 2303
f 2304 2305 2306
f 1442 2307 1440
f 2289 2308 2309
f 2310 2311 2308
f 2312 2310 1468
f 2313 2314 2315
f 2316 1475 2317
f 1467 1462 2318
f 2319 2314 2313
f 2320 2316 2321
f 2322 2319 2323
f 2314 2306 2305
f 2324 2325 1500
f 2326 2327 2006
f 2328 2279 2278
f 2325 2329 1498
f 2330 1390 2331
f 2001 1318 1996
f 1402 2332 1431
f 2333 1407 2334
f 1349 2335 2336
f 2337 1274 2338
f 1295 2005 1994
f 2339 2340 2341
f 2330 2334 1390
f 1317 1295 1310
f 1317 2005 1295
f 1318 2001 2342
f 1317 1996 1318
f 2343 2342 2001
f 2344 2345 2346
f 2347 2348 1017
f 1310 1996 1317
f 2349 2350 2341
f 1996 1305 2351
f 1309 1306 1305
f 1309 1324 1306
f 2352 2353 2354
f 1324 2355 1306
f 1324 1300 2355
f 2355 1300 1299
f 2355 2356 1306
f 1993 2355 1299
f 1194 1993 1299
f 2113 2112 2357
f 2355 1993 2358
f 1992 2359 1993
f 1196 1992 1194
f 2360 2361 1992
f 1196 2360 1992
f 2362 2360 2363
f 2363 2360 1196
f 2364 2363 1196
f 2115 2049 2365
f 2366 2367 2368
f 2369 2055 2370
f 2371 2372 2373
f 2374 2370 2375
f 2373 2376 2377
f 2378 2375 2379
f 2380 2381 2382
f 2383 2379 2365
f 2384 2382 2385
f 2386 2365 2387
f 2384 2388 2382
f 2388 2389 2390
f 2390 2391 2392
f 2393 2390 2392
f 2058 2060 2112
f 2394 2395 2396
f 2397 2398 2399
f 2394 2400 2401
f 2397 2402 2398
f 2339 2111 2113
f 2353 2403 2400
f 2404 2405 2406
f 2339 2113 2407
f 2402 2405 1282
f 2354 2380 2408
f 2409 2111 2339
f 2410 2349 2411
f 2388 2412 2380
f 2413 2414 2349
f 2390 2415 2388
f 2416 2339 2341
f 1280 1282 2417
f 1999 2417 2418
f 2419 2349 2414
f 2414 2398 2420
f 2421 1997 2422
f 1275 2421 2423
f 2402 2424 2398
f 1259 1017 1016
f 2425 2426 2427
f 1282 2428 2402
f 2429 2430 2338
f 2429 2348 2431
f 2432 1018 2433
f 2335 2434 2435
f 2436 1016 1018
f 2437 2006 1357
f 1274 2438 1998
f 1389 2327 1390
f 2327 2439 1390
f 2440 2441 2442
f 2334 1388 1390
f 2330 2441 2440
f 2330 2443 2334
f 2334 1406 1388
f 1397 2444 2335
f 2330 2445 2441
f 2446 2447 2448
f 1406 2334 1407
f 2331 2445 2330
f 1248 1250 2449
f 1389 2450 1250
f 2451 1405 1407
f 1388 2452 1389
f 2451 1436 1405
f 2453 2451 1407
f 1388 1406 2454
f 2455 2456 2457
f 2458 1385 2459
f 2460 2283 1366
f 2282 2461 1482
f 2328 1481 2462
f 2463 2464 2465
f 2466 2295 2467
f 2467 2468 2469
f 2470 2468 2287
f 2471 2472 2473
f 2447 2474 2475
f 2476 2294 2293
f 2469 2477 2467
f 2473 2478 2479
f 2006 2327 1389
f 1449 2480 2481
f 1357 2006 1250
f 2002 2435 2482
f 1357 1250 1358
f 2483 2329 2456
f 2435 2434 2484
f 1358 1249 2485
f 1250 1249 1358
f 2434 1348 2486
f 1248 2002 1249
f 1397 2002 1248
f 2487 2332 1402
f 1397 2335 2002
f 2002 2335 2435
f 2335 1349 2434
f 2434 1349 1348
f 1259 2007 2488
f 1259 2488 2011
f 1016 2489 2007
f 1018 1017 2348
f 1018 2348 2433
f 2348 2429 2433
f 2433 2429 2425
f 2490 2433 2425
f 2425 2429 2426
f 2426 2429 2338
f 2426 2338 1273
f 2491 2426 1273
f 1273 2338 1274
f 2492 1273 1275
f 1275 1274 2421
f 1274 1998 2421
f 1998 1997 2421
f 1999 2493 1997
f 1280 1999 1998
f 2417 2494 2418
f 1280 2417 1999
f 2405 2495 2417
f 1282 2405 2417
f 2406 2405 2402
f 2397 2406 2402
f 2397 2496 2406
f 2497 2498 2499
f 2398 2414 2399
f 2500 2397 2399
f 2399 2414 2413
f 2501 2399 2413
f 2413 2349 2410
f 2502 2413 2410
f 2410 2411 2503
f 2349 2341 2411
f 2411 2341 2340
f 2504 2411 2340
f 2339 2407 2340
f 2340 2407 2505
f 2113 2506 2407
f 2111 2058 2112
f 2392 2058 2111
f 2507 2508 2058
f 2392 2507 2058
f 2509 2498 2510
f 2392 2391 2507
f 2507 2391 2511
f 2512 2513 2514
f 2390 2389 2391
f 2391 2389 2515
f 2384 2516 2389
f 2388 2384 2389
f 2388 2380 2382
f 2380 2354 2381
f 2517 2382 2381
f 2518 2519 2520
f 2381 2354 2521
f 2521 2354 2522
f 2518 2523 2524
f 2521 2525 2381
f 2522 2354 2353
f 2526 2523 2518
f 2400 2522 2353
f 2521 2522 2527
f 2400 2377 2522
f 2522 2377 2528
f 2400 2373 2377
f 2394 2373 2400
f 2529 2530 2531
f 2394 2371 2373
f 2396 2371 2394
f 2532 2533 2534
f 2535 2536 2537
f 2537 2536 2371
f 2533 2538 2534
f 2396 2537 2371
f 2396 2387 2537
f 2539 2529 2540
f 2537 2048 2541
f 2537 2387 2048
f 2048 2387 2049
f 2542 2540 2531
f 2049 2115 2543
f 2387 2365 2049
f 2544 2116 2545
f 2115 2365 2116
f 2546 2545 2379
f 2116 2365 2379
f 2375 2546 2379
f 2545 2116 2379
f 2546 2547 2548
f 2546 2549 2545
f 2547 2370 2550
f 2375 2547 2546
f 2550 2370 2055
f 2375 2370 2547
f 2368 2551 2550
f 2552 2547 2550
f 2366 2368 2057
f 2368 2550 2055
f 2363 2553 2366
f 2057 2368 2055
f 2363 2364 2553
f 2363 2366 2057
f 2554 2344 2555
f 2556 2557 2558
f 2559 2560 2561
f 2562 2563 2564
f 2565 2566 2024
f 2125 2567 2562
f 2568 2569 2565
f 2570 2571 2123
f 2124 2572 2568
f 2029 2571 2030
f 2573 2574 2561
f 2575 2576 2559
f 2038 2577 2030
f 2576 2578 2559
f 2579 2580 2581
f 2576 2582 2578
f 2497 2581 2583
f 2584 2036 2585
f 2559 2578 2045
f 2557 2556 2586
f 2585 2561 2587
f 2588 2583 2589
f 2590 2557 2045
f 2556 2591 2592
f 2593 2345 2594
f 2591 2554 2595
f 2588 2498 2497
f 2596 2597 2498
f 2598 2597 2596
f 2520 2510 2597
f 2519 2599 2510
f 2524 2600 2519
f 2601 2524 2523
f 2601 2602 2524
f 2529 2601 2523
f 2601 2529 2603
f 2531 2540 2529
f 2540 2542 2604
f 2530 2529 2523
f 2524 2519 2518
f 2518 2520 2605
f 2519 2510 2520
f 2520 2597 2606
f 2510 2498 2597
f 2588 2596 2498
f 2588 2607 2596
f 2588 2497 2583
f 2583 2581 2608
f 2497 2579 2581
f 2609 2579 2497
f 2609 2610 2579
f 2344 2609 2497
f 2611 2346 2612
f 2611 2609 2346
f 2346 2609 2344
f 2613 2346 2345
f 2345 2344 2594
f 2594 2614 2615
f 2344 2554 2594
f 2614 2554 2616
f 2594 2554 2614
f 2614 2616 2617
f 2554 2618 2616
f 2616 2618 2619
f 2554 2591 2618
f 2618 2591 2620
f 2621 2618 2620
f 2620 2591 2556
f 2558 2620 2556
f 2558 2622 2620
f 2623 2558 2590
f 2590 2558 2557
f 2044 2590 2045
f 2624 2625 2626
f 2045 2557 2559
f 2045 2578 2627
f 2576 2575 2628
f 2559 2561 2575
f 2575 2561 2574
f 2629 2575 2574
f 2574 2573 2630
f 2561 2585 2573
f 2573 2585 2631
f 2632 2573 2631
f 2631 2585 2036
f 2571 2631 2036
f 2038 2571 2036
f 2631 2571 2633
f 2038 2030 2571
f 2029 2123 2571
f 2029 2124 2123
f 2563 2634 2635
f 2564 2625 2636
f 2625 2564 2626
f 2636 2625 2637
f 2624 2638 2625
f 2563 2639 2564
f 2626 2564 2640
f 2032 2641 2634
f 2563 2642 2639
f 2563 2032 2634
f 2033 2032 2563
f 2643 2641 2032
f 2562 2033 2563
f 2562 2644 2033
f 2636 2562 2564
f 2125 2562 2636
f 2123 2125 2636
f 2124 2568 2125
f 2125 2568 2645
f 2645 2568 2565
f 2646 2647 2648
f 2024 2645 2565
f 2024 2023 2645
f 2649 2650 2651
f 2645 2023 2047
f 2652 2653 2654
f 2023 2655 2046
f 2046 2656 2657
f 2658 2659 2660
f 2046 2655 2656
f 2046 2657 2661
f 2656 2655 2662
f 2657 2656 2663
f 2664 2656 2662
f 2665 2666 2667
f 2668 2119 2669
f 2670 2671 2669
f 2672 2673 2674
f 2675 2669 2671
f 2676 2677 2648
f 2672 2678 2679
f 2671 2680 2681
f 2682 2683 2684
f 2680 2684 2685
f 2674 2686 2682
f 2687 2688 2689
f 2673 2690 2674
f 2691 2692 2693
f 2694 2695 2673
f 2693 2692 2696
f 2691 2697 2694
f 2698 2699 2700
f 2693 2701 2691
f 2702 2703 2704
f 2696 2705 2693
f 2702 2665 2703
f 2706 2707 2708
f 2696 2708 2707
f 2709 2710 2711
f 2712 2713 2714
f 2708 2715 2716
f 2717 2715 2718
f 2719 2688 2720
f 2721 2718 2722
f 2723 2724 2666
f 2725 2722 2704
f 2726 2727 2688
f 2728 2704 2703
f 2712 2729 2713
f 2730 2703 2665
f 2688 2687 2731
f 2732 2665 2667
f 2677 2724 2733
f 2734 2667 2735
f 2687 2736 2737
f 2738 2735 2739
f 2740 2699 2741
f 2742 2739 2743
f 2741 2744 2745
f 2746 2743 2676
f 2747 2748 2648
f 2676 2648 2647
f 2749 2713 2700
f 2750 2747 2736
f 2751 2752 2753
f 2754 2736 2689
f 2755 2756 2757
f 2758 2689 2759
f 2700 2760 2749
f 2761 2759 2719
f 2762 2757 2763
f 2764 2719 2720
f 2757 2756 2765
f 2714 2749 2766
f 2752 2767 2720
f 2768 2763 2757
f 2751 2769 2752
f 2768 2770 2763
f 2771 2772 2751
f 2735 2724 2739
f 2714 2773 2771
f 2766 2774 2714
f 2775 2749 2760
f 2776 2180 2777
f 2778 2760 2779
f 2660 2780 2781
f 2782 2779 2740
f 2649 2783 2784
f 2785 2786 2787
f 2740 2741 2788
f 2130 2789 2790
f 2741 2745 2791
f 2790 2789 2792
f 2745 2793 2794
f 2181 2756 2755
f 2793 2777 2795
f 2651 2787 2786
f 2777 2180 2796
f 2797 2798 2799
f 2800 2181 2755
f 2762 2763 2801
f 2802 2755 2762
f 2801 2763 2803
f 2650 2649 2784
f 2804 2763 2770
f 2805 2806 2807
f 2808 2809 2810
f 2770 2811 2812
f 2785 2813 2797
f 2799 2798 2814
f 2811 2130 2815
f 2787 2816 2785
f 2651 2817 2787
f 2128 2818 2819
f 2820 2821 2650
f 2822 2818 2823
f 2824 2825 2826
f 2827 2823 2798
f 2828 2829 2830
f 2831 2832 2833
f 2834 2798 2797
f 2835 2832 2836
f 2783 2837 2838
f 2839 2840 2136
f 2183 2063 2065
f 2841 2842 2183
f 2843 2844 2845
f 2650 2821 2651
f 2190 2189 2846
f 2784 2847 2650
f 2838 2848 2784
f 2841 2849 2842
f 2654 2850 2838
f 2064 2851 2065
f 2852 2137 2136
f 2064 2853 2851
f 2854 2855 2652
f 2789 2856 2857
f 2853 2858 2854
f 2810 2859 2658
f 2064 2860 2853
f 2861 2862 2863
f 2063 2864 2064
f 2692 2679 2865
f 2184 2866 2063
f 2867 2868 2842
f 2842 2868 2184
f 2849 2869 2842
f 2870 2849 2824
f 2682 2871 2872
f 2873 2824 2826
f 2874 2871 2680
f 2875 2826 2876
f 2660 2810 2658
f 2877 2876 2878
f 2879 2878 2880
f 2669 2119 2670
f 2881 2880 2780
f 2781 2810 2660
f 2882 2780 2660
f 2883 2884 2885
f 2886 2887 2888
f 2859 2889 2658
f 2884 2883 2890
f 2891 2892 2859
f 2893 2884 2890
f 2894 2895 2891
f 2107 2670 2119
f 2896 2894 2891
f 2893 2890 2897
f 2886 2898 2896
f 2899 2890 2900
f 2888 2901 2886
f 2899 2902 2897
f 2897 2890 2899
f 2903 2904 2888
f 2902 2899 2905
f 2903 2885 2906
f 2907 2899 2908
f 2885 2884 2909
f 2905 2899 2907
f 2884 2893 2910
f 2911 2905 2907
f 2893 2897 2912
f 2107 2911 2907
f 2897 2902 2913
f 2905 2911 2914
f 2902 2905 2915
f 2670 2107 2907
f 2911 2107 2109
f 2856 2770 2768
f 2810 2809 2859
f 2883 2916 2890
f 2810 2781 2917
f 2883 2903 2887
f 2885 2903 2883
f 2780 2880 2781
f 2887 2903 2888
f 2918 2883 2887
f 2781 2880 2806
f 2896 2809 2887
f 2896 2887 2886
f 2806 2880 2807
f 2809 2891 2859
f 2896 2891 2809
f 2807 2880 2878
f 2806 2919 2781
f 2652 2837 2854
f 2807 2878 2920
f 2921 2922 2837
f 2807 2920 2923
f 2876 2920 2878
f 2065 2924 2183
f 2920 2826 2825
f 2876 2826 2920
f 2925 2065 2851
f 2825 2926 2920
f 2851 2853 2854
f 2841 2927 2825
f 2841 2825 2824
f 2922 2851 2854
f 2824 2849 2841
f 2183 2842 2184
f 2851 2922 2928
f 2837 2922 2854
f 2929 2790 2930
f 2786 2799 2931
f 2652 2654 2837
f 2823 2814 2798
f 2837 2654 2838
f 2929 2818 2128
f 2783 2838 2784
f 2932 2837 2783
f 2790 2929 2128
f 2649 2933 2783
f 2799 2814 2934
f 2651 2786 2649
f 2823 2818 2814
f 2786 2797 2799
f 2785 2797 2786
f 2814 2818 2929
f 2929 2935 2814
f 2130 2790 2128
f 2181 2936 2756
f 2130 2811 2789
f 2756 2936 2937
f 2811 2856 2789
f 2181 2180 2936
f 2811 2770 2856
f 2936 2180 2776
f 2938 2856 2768
f 2939 2936 2776
f 2762 2755 2757
f 2940 2776 2793
f 2776 2777 2793
f 2771 2712 2714
f 2745 2940 2793
f 2940 2941 2776
f 2753 2712 2771
f 2940 2744 2942
f 2745 2744 2940
f 2751 2753 2771
f 2741 2699 2744
f 2712 2753 2943
f 2699 2944 2744
f 2752 2727 2753
f 2779 2700 2699
f 2779 2699 2740
f 2752 2720 2727
f 2779 2760 2700
f 2727 2945 2753
f 2749 2714 2713
f 2688 2727 2720
f 2736 2747 2737
f 2719 2759 2688
f 2737 2747 2648
f 2688 2759 2689
f 2743 2677 2676
f 2689 2736 2687
f 2743 2739 2724
f 2946 2687 2737
f 2735 2666 2724
f 2677 2737 2648
f 2735 2667 2666
f 2743 2724 2677
f 2666 2702 2947
f 2665 2702 2666
f 2704 2722 2709
f 2704 2709 2702
f 2948 2702 2709
f 2709 2722 2710
f 2722 2718 2710
f 2710 2718 2861
f 2949 2710 2861
f 2861 2718 2715
f 2862 2861 2715
f 2862 2715 2708
f 2950 2862 2951
f 2951 2862 2708
f 2696 2951 2708
f 2696 2692 2951
f 2691 2679 2692
f 2694 2673 2679
f 2691 2694 2679
f 2674 2872 2672
f 2679 2673 2672
f 2952 2672 2872
f 2674 2682 2872
f 2953 2872 2871
f 2682 2684 2871
f 2874 2680 2671
f 2871 2684 2680
f 2670 2874 2671
f 2874 2954 2871
f 2670 2955 2874
f 2956 2957 2958
f 2244 2959 2242
f 2958 2252 2960
f 2961 2962 2247
f 2963 2964 2962
f 2965 2966 2961
f 2248 2964 2967
f 2207 2206 2968
f 2959 2962 2969
f 2969 2970 2262
f 2964 2247 2962
f 2247 2964 2248
f 2239 2264 2971
f 2247 2965 2961
f 2967 2964 2972
f 2263 2970 2973
f 2970 2961 2974
f 2967 2975 2248
f 2976 2977 2978
f 2242 2959 2969
f 2979 2980 2981
f 2959 2982 2962
f 2969 2962 2961
f 2969 2983 2242
f 2961 2970 2969
f 2969 2262 2984
f 2262 2264 2239
f 2970 2263 2262
f 2262 2239 2238
f 2985 2262 2238
f 2238 2240 2206
f 2986 2238 2206
f 2986 2987 2238
f 2208 2986 2206
f 2252 2208 2207
f 2208 2988 2989
f 2208 2990 2986
f 2988 2991 2992
f 2252 2988 2208
f 2991 2958 2957
f 2252 2958 2988
f 2993 2994 2957
f 2988 2958 2991
f 2995 2996 2994
f 2994 2991 2957
f 2997 2998 2999
f 2997 3000 3001
f 2995 3002 3003
f 3004 3002 3005
f 3006 3007 3008
f 3009 3005 3010
f 3011 3012 3013
f 3014 3010 3001
f 3015 3016 3017
f 3018 3001 3019
f 2256 3015 3020
f 3021 14 3022
f 3015 3023 3021
f 3024 3025 3026
f 2254 3027 3028
f 3029 3026 3028
f 2256 3030 2254
f 3031 3032 3033
f 3020 3034 2256
f 3031 3035 3032
f 3021 3036 3020
f 3037 3038 3031
f 3022 3039 3021
f 2211 3032 3035
f 3033 3040 3022
f 3041 3042 3043
f 3032 3044 3033
f 3045 3043 3046
f 3047 3048 3049
f 3050 3051 3047
f 3052 3048 3047
f 3049 3048 3053
f 3054 3055 3056
f 3057 2194 2162
f 3056 3055 3058
f 3049 3059 2160
f 8 7 3060
f 3061 3062 3049
f 3063 3061 3064
f 3065 2236 141
f 3066 3067 3065
f 3068 3069 3066
f 3067 3069 3070
f 3071 3070 3069
f 3072 3073 3071
f 3074 2216 2218
f 3075 3076 3077
f 8 3060 3078
f 3079 3080 3076
f 3060 141 3081
f 3082 3083 3084
f 3079 3076 3075
f 2236 3067 3085
f 3086 3074 3087
f 3088 3067 3070
f 3089 3087 3083
f 3075 2977 3079
f 3090 3083 3082
f 2977 3091 2978
f 3092 3082 3093
f 2978 2980 2979
f 3094 3093 3080
f 3095 3096 3097
f 3098 3080 3079
f 3097 3096 2978
f 3099 3079 2976
f 3100 3101 3096
f 3096 3101 3102
f 2979 3103 2976
f 3104 2980 3102
f 3096 3102 2978
f 3105 3100 3106
f 3107 3101 3100
f 2980 3104 3108
f 3106 3100 3096
f 3102 3101 3109
f 3105 3106 3110
f 3111 3106 3096
f 3111 3096 3112
f 3102 2980 2978
f 2978 2979 2976
f 2976 3079 2977
f 3113 2977 3075
f 3080 3114 3076
f 3076 3114 3115
f 3093 3114 3080
f 3093 3116 3114
f 3093 3082 3116
f 3117 3114 3116
f 3116 3082 3084
f 3084 3118 3116
f 3119 3084 3083
f 3120 3084 3119
f 3119 3083 3087
f 2218 3119 3087
f 2218 3121 3119
f 3074 2218 3087
f 2216 3071 3073
f 3074 3071 2216
f 3071 3074 3070
f 3122 3071 3069
f 3066 3069 3067
f 3123 3066 3065
f 3065 3067 2236
f 143 3065 141
f 143 3124 3065
f 3125 143 142
f 142 141 3060
f 3126 142 3060
f 3126 3127 142
f 7 3126 3060
f 7 3128 3126
f 3129 7 6
f 6 8 2186
f 3130 6 3054
f 3054 6 2186
f 3064 3054 2186
f 3054 3064 3055
f 3055 3064 3061
f 3131 3055 3053
f 3053 3055 3061
f 3049 3053 3061
f 3048 3132 3053
f 3133 3134 3135
f 3047 3049 2160
f 3050 3047 2160
f 3050 2160 2162
f 3136 3050 3137
f 3137 3050 2162
f 3138 3137 2162
f 3138 3139 3137
f 2194 3138 2162
f 2194 3045 3138
f 3138 3045 3140
f 2194 3043 3045
f 2196 3043 2194
f 3041 3043 2196
f 3141 3041 2196
f 3141 3142 3041
f 2211 3141 2196
f 3035 3143 3141
f 2211 3035 3141
f 3038 3035 3031
f 3031 2212 3144
f 3031 3033 2212
f 2212 3033 13
f 3145 3146 3147
f 3033 3022 13
f 13 3022 14
f 3021 3148 14
f 3149 3150 3151
f 14 3148 3152
f 3021 3023 3148
f 3153 3154 3155
f 3148 3023 3156
f 3020 3015 3021
f 3157 3158 3154
f 3023 3015 3159
f 2256 3016 3015
f 2256 2255 3016
f 3160 3161 3162
f 3016 2255 3163
f 2254 3164 2255
f 3147 3158 3165
f 2254 3028 3164
f 3166 2255 3164
f 3164 3028 3167
f 3168 3164 3167
f 3169 3133 3170
f 3167 3028 3026
f 3013 3167 3026
f 3171 3165 3172
f 3013 3173 3167
f 3025 3013 3026
f 3174 3175 3176
f 3007 3011 3013
f 3007 3013 3025
f 3019 3007 3025
f 3008 3007 3019
f 3177 3178 3179
f 3000 3008 3019
f 3001 3000 3019
f 3177 3180 3145
f 2998 2997 3001
f 3000 3181 3008
f 3182 2998 3010
f 2997 3183 3000
f 3005 3182 3010
f 2998 3001 3010
f 3182 3184 3185
f 3182 3186 2998
f 3184 3002 3187
f 3005 3184 3182
f 3187 3002 2995
f 3005 3002 3184
f 3188 3189 3187
f 3190 3184 3187
f 2994 3191 3188
f 3188 3187 2995
f 2994 3188 2995
f 2993 3191 2994
f 3192 3193 3194
f 3147 3165 3145
f 3178 3171 3195
f 3151 3196 3197
f 3135 3134 3198
f 3170 3199 3176
f 3161 3200 3196
f 3165 3158 3201
f 3162 3134 3202
f 3165 3177 3145
f 3133 3203 3134
f 3171 3177 3165
f 3170 3176 3204
f 3205 3174 3206
f 3171 3178 3177
f 3206 3145 3207
f 3179 3178 3208
f 3178 3209 3208
f 3158 3155 3154
f 3147 3155 3158
f 3155 3210 3153
f 3211 3155 3147
f 3147 3146 3212
f 3145 3206 3146
f 3146 3206 3174
f 3213 3146 3174
f 3213 3214 3146
f 3176 3199 3213
f 3170 3135 3199
f 3176 3213 3174
f 3215 3199 3135
f 3213 3199 3216
f 3134 3162 3198
f 3170 3133 3135
f 3217 3198 3218
f 3135 3198 3219
f 3196 3218 3161
f 3198 3162 3161
f 3218 3220 3221
f 3218 3198 3161
f 3220 3151 3150
f 3196 3151 3218
f 3192 3222 3150
f 3218 3151 3220
f 3223 3224 3222
f 3222 3220 3150
f 3225 3226 3227
f 3228 3229 3230
f 3223 3225 3231
f 3232 3233 3229
f 3225 3227 3234
f 3235 3236 3237
f 3227 3238 3239
f 3240 3235 3237
f 3238 3229 3241
f 3242 3240 3237
f 3229 3233 3243
f 3244 3242 3237
f 3233 3236 3245
f 3246 3240 3247
f 3248 3249 3250
f 3235 3251 3252
f 3253 3254 3255
f 3256 3250 3257
f 3251 3248 3258
f 3256 3259 3248
f 3260 3261 3262
f 3263 3253 3255
f 3264 3265 3253
f 3253 3266 3267
f 3268 3269 3270
f 3266 3269 3271
f 3272 3270 3273
f 3269 3268 3274
f 3263 3275 3276
f 3268 3272 3277
f 3278 3273 3270
f 3279 3278 3270
f 3272 3273 3280
f 3278 3281 3273
f 3279 3270 3282
f 3279 3283 3278
f 3284 3285 3282
f 3286 3287 3279
f 3288 3289 3290
f 3291 3292 3293
f 3286 3293 3294
f 3295 3296 3285
f 3285 3291 3293
f 3288 3297 3295
f 859 854 856
f 3290 3298 3288
f 859 3299 854
f 3300 3301 3290
f 854 3299 3302
f 856 3303 3300
f 3304 3299 3305
f 3306 3302 3299
f 3302 3307 854
f 3304 3306 3299
f 3306 3308 3302
f 3309 3310 3304
f 3311 3312 3306
f 3304 3310 3311
f 3313 3314 3311
f 3315 3316 3317
f 3318 3313 3311
f 3319 3320 3321
f 3322 3323 3318
f 3324 3325 3326
f 3327 3328 3322
f 3329 3327 3315
f 3330 3331 3332
f 3333 3315 3317
f 3334 3317 3335
f 3324 3326 3336
f 3337 3335 3338
f 3339 3340 3341
f 3342 3338 3319
f 3263 3276 3343
f 3344 3319 3321
f 3339 3345 3331
f 3346 3321 3336
f 3336 3326 3347
f 3326 3348 3349
f 3326 3332 3348
f 3276 3275 3350
f 3351 3352 3353
f 3332 3331 3354
f 3351 3355 3352
f 3331 3345 3356
f 3351 3261 3355
f 3345 3357 3358
f 3355 3261 3359
f 3357 3353 3360
f 3359 3261 3260
f 3353 3352 3361
f 3359 3362 3355
f 3352 3355 3363
f 3260 3364 3359
f 3260 3262 3365
f 3275 3259 3350
f 3365 3262 3350
f 3365 3259 3366
f 3350 3259 3365
f 3366 3259 3256
f 3248 3250 3256
f 3249 3367 3250
f 3368 3249 3369
f 3369 3249 3248
f 3370 3369 3248
f 3370 3371 3369
f 3246 3370 3248
f 3251 3246 3248
f 3370 3246 3372
f 3251 3240 3246
f 3235 3240 3251
f 3232 3373 3237
f 3236 3232 3237
f 3236 3233 3232
f 3232 3228 3374
f 3232 3229 3228
f 3230 3375 3228
f 3230 3229 3238
f 3376 3377 3230
f 3227 3230 3238
f 3227 3226 3376
f 3227 3376 3230
f 3225 3378 3226
f 3376 3226 3379
f 3225 3380 3378
f 3226 3378 3381
f 3225 3223 3380
f 3378 3380 3382
f 3380 3223 3383
f 3380 3383 3384
f 3385 3383 3192
f 3383 3223 3192
f 3193 3192 3150
f 3192 3223 3222
f 3272 3268 3270
f 3282 3270 3386
f 3387 3351 3388
f 3351 3353 3388
f 3351 3389 3261
f 3388 3357 3339
f 3353 3357 3388
f 3325 3332 3326
f 3339 3390 3388
f 3339 3357 3345
f 3320 3336 3321
f 3331 3340 3339
f 3338 3391 3320
f 3330 3392 3340
f 3330 3340 3331
f 3338 3335 3391
f 3325 3330 3332
f 3393 3330 3325
f 3394 3320 3391
f 3395 3325 3324
f 3391 3335 3317
f 3320 3324 3336
f 3316 3391 3317
f 3319 3338 3320
f 3316 3396 3391
f 3397 3315 3327
f 3397 3398 3316
f 3397 3316 3315
f 3322 3318 3397
f 3322 3397 3327
f 3310 3318 3311
f 3397 3318 3310
f 3311 3306 3304
f 3399 3299 859
f 859 856 857
f 857 856 3300
f 857 3300 3289
f 3289 3300 3290
f 3289 3400 857
f 3284 3289 3288
f 3284 3401 3289
f 3295 3284 3288
f 3295 3285 3284
f 3282 3293 3286
f 3285 3293 3282
f 3279 3282 3286
f 3343 3276 3402
f 3270 3269 3265
f 3265 3269 3266
f 3253 3265 3266
f 3263 3264 3253
f 3263 3403 3264
f 3403 3404 3264
f 3263 3343 3403
f 3343 3405 3403
f 1504 3406 1505
f 2137 3407 3408
f 2831 3409 3407
f 3410 2836 3411
f 3412 1489 3413
f 2323 2313 3414
f 2178 3415 3411
f 2179 3416 3417
f 2168 3418 3417
f 3419 2179 3420
f 3421 2846 2189
f 2166 2168 3417
f 3422 3420 3418
f 3423 2166 3424
f 3425 3418 2168
f 3423 3426 2167
f 2830 3427 3428
f 2188 3429 2189
f 3430 3429 2828
f 3431 3432 3433
f 2167 3433 3434
f 2188 3435 3429
f 3436 2190 2846
f 2844 3437 3438
f 3439 3431 2829
f 2845 2844 3438
f 3438 2188 2190
f 2829 3429 3440
f 3437 2188 3438
f 2188 3437 3441
f 3437 2844 3442
f 2846 3421 3443
f 3444 3438 3445
f 3438 2190 3445
f 2846 3443 3446
f 2189 3430 3447
f 2189 3429 3430
f 3430 2828 3448
f 2828 2830 3449
f 3427 3450 3451
f 3452 3453 3454
f 3429 2829 2828
f 2829 3426 3455
f 2829 3427 2830
f 3455 3450 3427
f 3456 3416 2193
f 3455 3427 2829
f 2193 3416 3457
f 2829 3431 3426
f 3452 3458 3457
f 2193 3457 2191
f 3426 3433 2167
f 3431 3433 3426
f 3459 3426 3423
f 3416 2179 2178
f 3423 2167 2166
f 3452 3416 3460
f 3417 3420 2179
f 3418 3420 3417
f 3453 3452 3460
f 3452 3457 3416
f 2178 3460 3416
f 2840 2852 2136
f 2178 3411 3460
f 3411 2836 3460
f 2836 2832 3460
f 2832 2831 3460
f 2831 3407 3460
f 3407 2852 3460
f 2137 2852 3407
f 3461 3462 3463
f 2171 2170 3463
f 1490 3464 3465
f 3466 3467 3468
f 3469 2171 3470
f 1490 3466 3471
f 1385 2458 3472
f 2459 2471 3473
f 3474 1430 1431
f 3475 1473 2320
f 2286 2307 3476
f 3477 3467 3462
f 2289 3478 2308
f 3479 1431 2332
f 2478 3480 3481
f 2171 3463 3462
f 2473 3482 2471
f 3480 1440 3483
f 2288 2287 2468
f 1440 2307 3484
f 1442 3485 3476
f 2307 2286 3486
f 3487 2288 2468
f 2286 2285 3488
f 3489 3490 3491
f 1474 1473 3492
f 3493 3494 3489
f 3495 3496 3497
f 1474 3498 2285
f 3499 2465 2464
f 3500 2474 3495
f 3494 3501 3502
f 3503 3497 3501
f 1500 3504 3505
f 3506 1473 3475
f 3507 3508 3509
f 3509 3510 3499
f 3475 3499 3511
f 3502 3501 3512
f 3513 3514 3515
f 3516 3507 3502
f 3517 3518 2446
f 3496 3519 3497
f 3518 3520 3521
f 3518 3521 2446
f 3521 3522 3523
f 3524 3520 3525
f 3501 3497 3526
f 2323 3527 2322
f 3522 3524 3528
f 3529 3530 3531
f 3532 3496 2474
f 3533 1453 3529
f 3534 2474 2447
f 3521 3535 2446
f 1453 3536 3529
f 3536 3523 3529
f 3536 3537 3521
f 3538 1448 1453
f 1488 3465 2487
f 3539 3540 3541
f 3465 2332 2487
f 3542 3543 3541
f 3544 1498 2483
f 2456 3545 2483
f 1490 3546 3466
f 3546 3470 2171
f 2171 3462 3467
f 3406 3547 3463
f 3463 2170 3406
f 2170 3548 1505
f 3406 1504 3549
f 3465 3550 2332
f 1505 3406 2170
f 3468 3551 3466
f 2171 3467 3466
f 3466 3546 2171
f 3546 1490 3412
f 3546 3412 3552
f 1489 3412 1490
f 1489 1488 3553
f 3465 1488 1490
f 1488 2487 3554
f 2456 2455 1430
f 1400 1402 1431
f 1402 3555 2487
f 2455 1400 1430
f 2457 2456 2329
f 2329 2483 1498
f 3556 2329 2325
f 2324 3557 2325
f 1500 2325 1498
f 3505 2324 1500
f 3558 3505 3559
f 2324 3505 3540
f 2324 3540 3560
f 3505 3542 3541
f 3505 3541 3540
f 3558 3561 3542
f 3558 3542 3505
f 3562 3558 3559
f 1449 3563 3559
f 1449 3559 3505
f 2481 3564 3563
f 3559 3563 3565
f 3564 2481 3566
f 1449 2481 3563
f 2481 2480 3567
f 1449 3568 2480
f 1449 1448 3568
f 3569 2480 3568
f 3568 1448 3538
f 3570 3568 3538
f 3538 3533 3571
f 3538 1453 3533
f 3572 3529 3523
f 3529 3531 3533
f 3523 3536 3521
f 3573 3523 3522
f 3574 3575 3576
f 3521 3524 3522
f 3520 3524 3521
f 3520 3518 3577
f 3578 3520 3577
f 3579 3518 3517
f 2448 3513 3580
f 2448 3581 3517
f 2448 3517 2446
f 3582 3583 3584
f 2448 2447 3513
f 3513 2447 3514
f 2447 2475 3514
f 3514 2475 3585
f 2474 3500 2475
f 2475 3500 3586
f 3496 3495 2474
f 3500 3495 3587
f 3497 3588 3495
f 3495 3588 3589
f 3497 3503 3588
f 3588 3503 3590
f 3501 3494 3503
f 3503 3494 3591
f 3502 3489 3494
f 3507 3489 3502
f 3489 3507 3490
f 3507 3509 3490
f 3592 1364 1366
f 3490 3509 2464
f 2464 3593 3490
f 2464 3509 3499
f 3594 3478 2288
f 3499 2320 2465
f 2320 3499 3475
f 3595 1482 1481
f 2320 3596 2465
f 2320 1473 2316
f 1475 2316 1473
f 2282 1482 3582
f 2284 1474 2285
f 1475 1474 2284
f 2284 2286 3476
f 2459 2472 2471
f 2284 3476 3597
f 3478 2290 1468
f 3476 2307 1442
f 3598 3592 3584
f 2310 2308 3478
f 1442 1441 3599
f 3480 1441 1440
f 2459 2291 2302
f 1441 2478 2472
f 3480 2478 1441
f 2291 1385 1384
f 2472 2478 2473
f 3600 1441 2472
f 2291 1384 1462
f 2459 2302 2472
f 3601 2291 2290
f 2459 1385 2291
f 2290 1462 1468
f 2295 1364 3592
f 2310 3478 1468
f 2288 3487 3602
f 2289 2288 3478
f 3487 2467 3592
f 2468 2467 3487
f 3584 2283 3582
f 2295 3592 2467
f 2283 2282 3582
f 1366 2283 3584
f 1366 3584 3592
f 3582 1482 3595
f 3595 3603 3582
f 3604 3595 1481
f 3604 3605 3595
f 3604 1481 2328
f 3606 3604 2278
f 2278 3604 2328
f 2278 2280 3607
f 3607 2294 3608
f 3609 2299 2298
f 2300 3610 3611
f 3612 2298 3613
f 2323 3614 3527
f 2293 2299 3615
f 2323 3616 3614
f 3617 3613 3618
f 3527 3619 3620
f 3621 3574 3620
f 3622 3618 2314
f 2322 3527 3574
f 2322 3574 3576
f 3623 2314 2319
f 2322 3624 2319
f 3625 3621 3620
f 3576 3626 2322
f 3575 3627 3576
f 3625 3620 3628
f 3574 3527 3620
f 2319 2313 2323
f 2313 2315 3629
f 3630 2315 2305
f 2315 2314 2305
f 3611 2306 3613
f 2314 3618 2306
f 2306 3611 3631
f 2306 3618 3613
f 2298 3611 3613
f 2300 3632 3633
f 2298 2300 3611
f 3632 2293 2292
f 2299 3632 2300
f 2299 2293 3632
f 3634 3635 2292
f 3636 3632 2292
f 3607 2280 3634
f 3634 2292 2294
f 3607 3634 2294
f 2514 3637 2512
f 2512 3637 3638
f 3638 3637 3639
f 3639 3637 3640
f 3641 3639 2532
f 2532 3639 3640
f 3640 3642 2533
f 2532 2534 3643
f 2533 3642 3644
f 3640 2533 2532
f 3645 3646 3647
f 3648 3649 3645
f 3650 3651 3652
f 3653 3654 3655
f 3656 3657 3658
f 3648 3645 3659
f 3660 3661 3649
f 3662 3663 3664
f 3660 3648 3665
f 3666 3667 3668
f 3669 3670 3671
f 3661 3660 3672
f 3673 3674 3675
f 3676 3677 3678
f 3673 3661 3679
f 3661 3673 3675
f 3680 3681 3682
f 3674 3673 3683
f 3684 3668 3674
f 3684 3674 3685
f 3686 3687 3688
f 3689 3690 3691
f 3668 3684 3692
f 3693 3694 3695
f 3666 3668 3696
f 3697 3698 3666
f 3699 3700 3701
f 3697 3666 3702
f 3703 3704 3695
f 3705 3670 3706
f 3698 3697 3707
f 3708 3709 3710
f 3711 3698 3712
f 3713 3714 3715
f 3713 3711 3716
f 3713 3715 3711
f 3705 3717 3670
f 3714 3713 3718
f 3719 3710 3720
f 3691 3721 3722
f 3715 3714 3723
f 3724 3725 3726
f 3727 3715 3728
f 3729 3730 3731
f 3732 3727 3733
f 3734 3735 3732
f 3736 3737 3738
f 3734 3732 3739
f 3740 3741 3742
f 3743 3744 3745
f 3735 3734 3746
f 3747 3748 3735
f 3747 3735 3749
f 3748 3750 3735
f 3751 3752 3753
f 3748 3747 3754
f 3755 3756 3757
f 3750 3748 3758
f 3759 3760 3750
f 3759 3750 3761
f 3760 3762 3750
f 3760 3759 3763
f 3764 3756 3765
f 3766 3767 3768
f 3762 3760 3769
f 3770 3771 3756
f 3699 3772 3736
f 3773 3762 3774
f 3771 3775 3776
f 3777 3778 3779
f 3780 3781 3773
f 3782 3783 3784
f 3785 3786 3787
f 3788 3781 3789
f 3790 3776 3775
f 3768 3791 3792
f 3730 3788 3793
f 3794 3731 3730
f 3794 3730 3795
f 3796 3731 3794
f 3797 3792 3798
f 3799 3796 3794
f 3784 3800 3801
f 3802 3803 3804
f 3731 3796 3805
f 3806 3742 3731
f 3807 3803 3808
f 3806 3731 3809
f 3800 3719 3801
f 3742 3806 3810
f 3719 3708 3710
f 3811 3808 3812
f 3813 3742 3814
f 3815 3816 3817
f 3765 3813 3818
f 3817 3708 3819
f 3767 3820 3791
f 3764 3765 3821
f 3756 3725 3765
f 3808 3797 3812
f 3770 3764 3822
f 3688 3729 3686
f 3771 3770 3823
f 3711 3824 3698
f 3775 3771 3825
f 3660 3649 3648
f 3790 3775 3826
f 3827 3828 3829
f 3783 3790 3830
f 3831 3832 3833
f 3800 3783 3834
f 3831 3833 3835
f 3708 3800 3836
f 3831 3835 3837
f 3819 3708 3838
f 3839 3840 3841
f 3842 3819 3843
f 3844 3845 3846
f 3847 3842 3848
f 3849 3850 3851
f 3852 3853 3854
f 3855 3847 3856
f 3857 3858 3859
f 3860 3855 3861
f 3862 3858 3863
f 3832 3860 3864
f 3865 3858 3866
f 3867 3868 3869
f 3833 3832 3870
f 3858 3862 3866
f 3835 3833 3871
f 3872 3873 3874
f 3875 3876 3877
f 3837 3835 3878
f 3873 3866 3862
f 3879 3880 3837
f 3873 3862 3874
f 3852 3881 3853
f 3863 3880 3882
f 3863 3858 3857
f 3883 3884 3885
f 3846 3886 3887
f 3888 3889 3890
f 3891 3892 3893
f 3831 3860 3832
f 3841 3894 3895
f 3827 3855 3896
f 3855 3860 3896
f 3897 3898 3899
f 3897 3900 3898
f 3847 3855 3827
f 3901 3902 3903
f 3904 3653 3905
f 3847 3827 3829
f 3906 3904 3907
f 3908 3827 3896
f 3909 3906 3910
f 3911 3912 3913
f 3914 3909 3915
f 3916 3914 3917
f 3918 3919 3920
f 3849 3916 3921
f 3922 3923 3924
f 3925 3849 3926
f 3927 3928 3929
f 3930 3925 3931
f 3932 3894 3841
f 3933 3930 3934
f 3935 3936 3918
f 3937 3933 3938
f 3844 3937 3939
f 3940 3891 3941
f 3942 3844 3943
f 3942 3944 3945
f 3946 3932 3947
f 3945 3948 3947
f 3949 3950 3951
f 3947 3952 3953
f 3947 3953 3946
f 3953 3954 3946
f 3955 3956 3957
f 3946 3958 3932
f 3959 3960 3891
f 3932 3961 3962
f 3932 3962 3963
f 3962 3964 3963
f 3932 3963 3965
f 3963 3966 3965
f 3967 3949 3968
f 3965 3969 3968
f 3970 3949 3967
f 3968 3971 3967
f 3959 3891 3972
f 3967 3973 3970
f 3974 3975 3976
f 3970 3977 3949
f 3978 3979 3980
f 3949 3981 3982
f 3983 3984 3893
f 3982 3985 3986
f 3982 3986 3987
f 3986 3988 3989
f 3986 3989 3987
f 3989 3990 3987
f 3991 3992 3993
f 3987 3994 3983
f 3995 3980 3996
f 3983 3997 3998
f 3983 3998 3984
f 3998 3999 4000
f 3998 4000 3984
f 4000 4001 3984
f 4002 3984 4003
f 3984 4004 4005
f 3984 4005 4003
f 4005 4006 4003
f 4007 3928 4008
f 4003 4009 4002
f 4010 3919 3918
f 4002 4011 3941
f 3992 4012 4013
f 3941 4014 4015
f 3941 4015 3940
f 4015 4016 3940
f 4008 3928 4017
f 3940 4018 4019
f 3923 4020 4021
f 4019 4022 3972
f 4023 3993 4024
f 3972 4025 3959
f 4026 4027 4028
f 3959 4029 3960
f 4030 4031 4032
f 3960 4033 4026
f 4031 4034 4035
f 4026 4036 4027
f 4028 4037 4038
f 4039 4040 4034
f 4038 4041 3899
f 4034 4042 4043
f 3899 4044 3897
f 4045 4046 4047
f 3897 4048 4049
f 4030 4050 4051
f 4049 4052 4053
f 4054 4055 4056
f 4053 4057 4056
f 4055 4058 3929
f 4056 4059 4054
f 4060 4034 4040
f 4054 4061 4055
f 3923 4062 4063
f 4055 4064 4058
f 4065 3927 3929
f 4058 4066 3929
f 4008 4017 4067
f 3929 4068 4065
f 4062 3923 4069
f 4065 4070 3927
f 4071 4042 4060
f 3927 4072 4017
f 4073 4074 4075
f 4017 4076 4067
f 4045 4077 4078
f 4067 4079 4008
f 4080 4010 4081
f 4008 4082 4081
f 4083 4084 4085
f 4081 4086 4080
f 3975 4087 3976
f 4080 4088 4010
f 4089 4090 4091
f 4010 4092 4093
f 4010 4093 4091
f 4093 4094 4091
f 4091 4095 4096
f 4091 4096 4089
f 4096 4097 4089
f 4098 4099 4100
f 4089 4101 4090
f 4102 4103 4104
f 4090 4105 4106
f 4104 4073 4107
f 4106 4108 4109
f 4110 4111 4112
f 4109 4113 4114
f 4114 4115 4077
f 3980 3979 3996
f 4077 4116 4078
f 4117 4118 4119
f 4078 4120 4119
f 4121 4118 4117
f 4119 4122 4117
f 4103 4102 4123
f 4117 4124 4121
f 3974 3978 3975
f 4121 4125 4118
f 4034 4031 4039
f 4118 4126 4127
f 4118 4127 3924
f 4127 4128 3924
f 4129 4130 4131
f 3924 4132 4133
f 3924 4133 3922
f 4133 4134 3922
f 4135 4136 4137
f 3922 4138 4069
f 4139 4140 4141
f 4069 4142 4143
f 4023 3991 3993
f 4143 4144 4145
f 4146 4111 4147
f 4145 4148 4149
f 4123 4139 4103
f 4149 4150 4151
f 4055 3929 3901
f 4151 4152 3974
f 4153 3979 3978
f 3974 4154 3978
f 4140 4155 4156
f 3978 4157 4153
f 4060 4158 4083
f 4137 4136 4159
f 3979 4160 4024
f 4161 4162 4163
f 4024 4164 4023
f 4162 4156 4165
f 4023 4166 3991
f 4136 4167 4159
f 3991 4168 3992
f 4169 4111 4110
f 3992 4170 4012
f 4012 4171 4050
f 4162 4161 4172
f 4050 4173 4051
f 4039 4051 4174
f 4051 4175 4174
f 4161 4176 4172
f 4174 4177 4039
f 4040 4039 4178
f 4039 4179 4178
f 4180 4181 4182
f 4178 4183 4040
f 4060 4040 4184
f 4040 4185 4186
f 4040 4186 4184
f 4186 4187 4184
f 4184 4188 4060
f 4158 4060 4189
f 4060 4190 4191
f 4060 4191 4189
f 4191 4192 4189
f 4110 4112 4193
f 4189 4194 4158
f 4098 4074 4195
f 4158 4196 4084
f 4197 4198 4199
f 4084 4200 4199
f 4199 4201 4197
f 4198 4197 4202
f 4197 4203 4202
f 4181 4204 4205
f 4202 4206 4198
f 4129 4198 4207
f 4198 4208 4207
f 4129 4207 4209
f 4207 4210 4209
f 4209 4211 4129
f 4055 3901 3903
f 4129 4212 4213
f 4129 4213 4130
f 4213 4214 4130
f 4215 4137 4159
f 4130 4216 4217
f 4130 4217 4218
f 4217 4219 4218
f 4220 4139 4221
f 4218 4222 4223
f 4218 4223 4224
f 4223 4225 4224
f 4226 4227 4228
f 4224 4229 4112
f 4230 4215 4193
f 4112 4231 4193
f 4232 4233 4234
f 4193 4235 4230
f 4226 4236 4237
f 4230 4238 4215
f 4237 4239 4226
f 4215 4240 4137
f 4241 4242 4243
f 4137 4244 4245
f 4137 4245 4135
f 4245 4246 4135
f 4165 4163 4162
f 4135 4247 4248
f 4237 4249 4250
f 4248 4251 4252
f 4243 4253 4254
f 4252 4255 4099
f 4099 4256 4100
f 4100 4257 4075
f 4258 4243 4259
f 4075 4260 4073
f 4261 4102 4107
f 4073 4262 4107
f 4263 4258 4264
f 4102 4261 4265
f 4266 4264 4267
f 4102 4268 4123
f 4123 4269 4221
f 4270 4271 4272
f 4273 4274 4275
f 4221 4276 4220
f 4277 4278 4279
f 4220 4280 4155
f 4155 4281 4156
f 4282 4283 4284
f 4156 4285 4165
f 4286 4287 4279
f 4165 4288 4163
f 4181 4205 4182
f 4163 4289 4161
f 4254 4290 4291
f 4161 4292 4293
f 4161 4293 4176
f 4293 4294 4176
f 4176 4295 4283
f 4283 4296 4284
f 4056 3903 3900
f 4275 4274 4297
f 4284 4298 4282
f 4299 4300 4301
f 4282 4302 4204
f 4303 4304 4305
f 4204 4306 4205
f 4305 4307 4308
f 4205 4309 4310
f 4237 4250 4239
f 4310 4311 4312
f 4310 4312 4313
f 4312 4314 4313
f 4315 4316 4270
f 4317 4318 4319
f 4313 4320 4321
f 4313 4321 4322
f 4321 4323 4322
f 4322 4324 4325
f 4322 4325 4326
f 4325 4327 4326
f 4322 4326 4328
f 4326 4329 4328
f 4304 4330 4331
f 4328 4332 4239
f 4331 4333 4334
f 4239 4335 4336
f 4239 4336 4337
f 4336 4338 4337
f 4239 4337 4339
f 4337 4340 4339
f 4341 4339 4342
f 4339 4343 4342
f 4239 4339 4341
f 4342 4344 4341
f 3819 3842 3815
f 4341 4345 4278
f 4233 4232 4346
f 4278 4347 4348
f 4278 4348 4279
f 4348 4349 4350
f 4348 4350 4279
f 4350 4351 4279
f 4352 4353 4354
f 4279 4355 4356
f 4279 4356 4286
f 4356 4357 4286
f 4358 4359 4360
f 4286 4361 4362
f 4286 4362 4315
f 4363 4364 4365
f 4362 4366 4315
f 4367 4368 4354
f 4315 4369 4316
f 4305 4304 4334
f 4370 4371 4372
f 4316 4373 4374
f 4375 4376 4377
f 4374 4378 4379
f 4374 4379 4380
f 4379 4381 4380
f 4374 4380 4382
f 4380 4383 4382
f 4384 4360 4385
f 4382 4386 4346
f 4307 4387 4388
f 4300 4299 4389
f 4346 4390 4233
f 4305 4387 4307
f 4233 4391 4392
f 4307 4388 4393
f 4392 4394 4395
f 4307 4359 4396
f 4397 4398 4395
f 4307 4360 4359
f 4395 4398 4290
f 4399 4307 4393
f 4290 4400 4291
f 4376 4401 4402
f 4291 4403 4241
f 4404 4405 4406
f 4307 4399 4360
f 4241 4407 4242
f 4242 4408 4409
f 4242 4410 4408
f 4364 4411 4365
f 4399 4385 4360
f 4408 4412 4409
f 4413 4385 4399
f 4409 4414 4259
f 4415 4416 4417
f 4259 4418 4416
f 4385 4375 4419
f 4416 4420 4417
f 4385 4413 4421
f 4417 4422 4415
f 4415 4423 4267
f 4415 4424 4423
f 4266 4267 4425
f 4423 4426 4267
f 4267 4427 4425
f 4267 4428 4427
f 4334 4387 4305
f 4427 4429 4425
f 4430 4401 4431
f 4425 4432 4266
f 4266 4433 4434
f 4266 4435 4433
f 3680 3670 3669
f 4266 4434 4436
f 4433 4437 4434
f 4438 4401 4439
f 4434 4440 4436
f 4439 3912 4441
f 4436 4442 4353
f 4385 4443 4375
f 4353 4444 4445
f 4376 4375 4446
f 4445 4447 4448
f 4449 4450 4451
f 4448 4452 4453
f 4376 4446 4431
f 4453 4454 4455
f 3912 4449 4456
f 4455 4457 4333
f 4333 4458 4334
f 4333 4459 4458
f 4458 4460 4334
f 4458 4461 4460
f 4375 4443 4446
f 4460 4462 4334
f 4334 4463 4387
f 4334 4464 4463
f 4430 3912 4401
f 4463 4465 4387
f 3912 4439 4401
f 4387 4466 4388
f 4388 4467 4393
f 4388 4468 4467
f 4376 4431 4401
f 4467 4469 4393
f 4470 4450 4471
f 4393 4472 4399
f 3706 3670 3680
f 4430 4473 3912
f 4399 4474 4413
f 4443 4385 4421
f 4413 4475 4421
f 4421 4476 4443
f 4421 4477 4476
f 4473 3913 3912
f 4476 4478 4443
f 4443 4479 4446
f 4443 4480 4479
f 4479 4481 4446
f 3876 4482 3877
f 4483 4449 3912
f 4446 4484 4431
f 4471 4450 4485
f 4431 4486 4430
f 4449 4483 4487
f 4430 4488 4473
f 4471 4485 4489
f 4473 4490 3913
f 4487 4485 4450
f 3913 4491 3911
f 4450 4449 4487
f 3911 4492 4483
f 3829 3842 3847
f 4483 4493 4487
f 4489 4494 3646
f 3645 3649 3646
f 4487 4495 4485
f 4496 4494 4489
f 3649 4471 3646
f 4485 4497 4489
f 4498 4499 4500
f 4501 4502 4503
f 3911 4483 3912
f 4471 4489 3646
f 4359 4504 4396
f 4331 4334 4304
f 4505 4250 4506
f 4367 4333 4331
f 4346 4232 4382
f 4333 4367 4455
f 4507 4307 4396
f 4354 4453 4455
f 4367 4354 4455
f 4508 4374 4382
f 4354 4448 4453
f 4448 4354 4445
f 4316 4374 4271
f 4354 4353 4445
f 4315 4270 4286
f 4352 4436 4353
f 4331 4509 4367
f 4510 4232 4234
f 4511 4354 4512
f 4511 4352 4354
f 4270 4287 4286
f 4264 4266 4352
f 4352 4266 4436
f 4513 4508 4232
f 4514 4352 4511
f 4287 4277 4279
f 4267 4264 4415
f 4352 4515 4264
f 4516 4277 4287
f 4258 4416 4415
f 4264 4258 4415
f 4271 4508 4517
f 4258 4259 4416
f 4277 4341 4278
f 4258 4518 4243
f 4409 4259 4243
f 4277 4227 4341
f 4243 4242 4409
f 4227 4226 4341
f 4241 4243 4254
f 4287 4270 4519
f 4241 4254 4291
f 4226 4239 4341
f 4520 4395 4290
f 4254 4520 4290
f 4516 4287 4521
f 4392 4395 4234
f 4234 4395 4520
f 4239 4250 4328
f 4234 4233 4392
f 4277 4516 4522
f 4232 4508 4382
f 4250 4322 4328
f 4271 4374 4508
f 4523 4234 4520
f 4182 4322 4250
f 4316 4271 4270
f 4277 4524 4227
f 4505 4182 4250
f 4525 4215 4159
f 4182 4313 4322
f 4193 4215 4525
f 4205 4310 4182
f 4182 4310 4313
f 4526 4204 4181
f 4110 4193 4525
f 4172 4282 4526
f 4526 4282 4204
f 4085 4527 4528
f 4136 4098 4529
f 4283 4282 4172
f 4182 4505 4530
f 4111 4224 4112
f 4176 4283 4172
f 4111 4218 4224
f 4181 4531 4526
f 4130 4218 4111
f 4172 4526 4532
f 4130 4111 4131
f 4162 4172 4533
f 4159 4534 4525
f 4162 4140 4156
f 4111 4146 4131
f 4140 4162 4535
f 4140 4139 4155
f 4525 4536 4110
f 4220 4155 4139
f 4199 4085 4084
f 4123 4221 4139
f 4084 4083 4158
f 4537 4103 4139
f 4129 4131 4198
f 4102 4104 4107
f 4073 4104 4074
f 4131 4538 4198
f 4075 4098 4100
f 4075 4074 4098
f 4199 4527 4085
f 4198 4538 4539
f 4136 4252 4098
f 4098 4252 4099
f 4199 4198 4527
f 4248 4136 4135
f 4248 4252 4136
f 4146 4540 4131
f 4104 4541 4074
f 4527 4198 4539
f 4131 4542 4538
f 4151 3976 4149
f 4538 4543 4539
f 3976 4145 4149
f 4539 4544 4527
f 4143 4145 4062
f 4083 4071 4060
f 4021 4118 3923
f 4042 4034 4060
f 4085 4545 4083
f 4118 4045 4119
f 4083 4546 4071
f 4114 4077 4045
f 4031 4051 4039
f 4071 4547 4042
f 4548 3957 4047
f 4549 4062 3976
f 4051 4031 4030
f 4114 4045 4047
f 4030 4013 4050
f 4109 4114 4047
f 4050 4013 4012
f 4106 4109 4047
f 3992 4013 3993
f 4550 4020 3923
f 4030 4551 4013
f 4106 4047 4090
f 4013 4552 3993
f 4047 4091 4090
f 3993 4553 3996
f 4024 3993 3996
f 3957 4091 4047
f 3996 3979 4024
f 4020 4554 4021
f 3978 3980 3975
f 3956 4091 3957
f 3974 3976 4151
f 4010 4091 3956
f 4062 4145 3976
f 4555 4045 4021
f 4143 4062 4069
f 4010 3956 3919
f 3922 4069 3923
f 4556 4046 4045
f 3923 4118 3924
f 4081 4010 3918
f 4118 4021 4045
f 4557 4047 4046
f 4045 4078 4119
f 4081 3918 4008
f 4038 3899 3898
f 3918 3936 4008
f 4038 3898 4558
f 3936 4007 4008
f 4038 4558 4028
f 3956 4559 3919
f 3927 4017 3928
f 3928 4560 3901
f 3891 3893 3984
f 3936 4561 4007
f 3929 3928 3901
f 3893 3950 3983
f 3928 4007 4562
f 3950 3987 3983
f 4055 3903 4056
f 4560 3928 4563
f 3949 3951 3968
f 3901 4560 4564
f 4053 4056 3900
f 3951 3894 3968
f 3900 4049 4053
f 3968 3894 3965
f 3897 4049 3900
f 3894 3932 3965
f 4565 3900 3903
f 4566 3950 3893
f 3900 4567 3898
f 3841 3947 3932
f 3898 4568 4558
f 3945 3947 3841
f 3891 4026 4558
f 4558 4026 4028
f 3951 3950 4569
f 4002 3941 3891
f 3960 4026 3891
f 3945 3841 3840
f 3891 4019 3972
f 3945 3840 3942
f 3891 3940 4019
f 3840 3845 3942
f 4002 3891 3984
f 4570 3894 3951
f 3982 3950 3949
f 3982 3987 3950
f 3845 3844 3942
f 3933 3937 3887
f 3846 3937 3844
f 3784 3801 4571
f 3887 3937 3846
f 3863 3831 3880
f 3845 3840 4572
f 3831 3837 3880
f 3930 3933 3887
f 4573 3846 3845
f 3930 3887 3925
f 4574 3886 3846
f 3887 3886 4575
f 3887 4576 3925
f 4576 3887 4577
f 4576 4578 3925
f 4579 3849 4578
f 4578 3849 3925
f 4580 3849 4579
f 4576 4581 4578
f 3850 3849 4580
f 4578 4582 4579
f 3850 4580 4583
f 4579 4584 4580
f 4585 3916 3851
f 3851 3916 3849
f 4586 3916 4585
f 3850 4587 3851
f 4588 3916 4586
f 3851 4589 4585
f 3914 3916 4588
f 4585 4590 4586
f 4591 4588 4586
f 3914 4588 3909
f 4592 4593 4594
f 4588 4592 3909
f 4592 4594 3909
f 4592 4588 4595
f 4594 3906 3909
f 4593 4592 4596
f 3904 3906 4594
f 4594 4593 4597
f 3904 4594 4598
f 4594 4599 4598
f 3904 4598 4600
f 4598 4601 4600
f 3904 4600 3653
f 4600 4602 4603
f 4600 4603 3653
f 4603 4604 4605
f 4603 4605 3653
f 4605 4606 3654
f 4605 3654 3653
f 3654 4607 3655
f 3653 3655 4608
f 3863 4609 3831
f 3655 4610 4608
f 3653 4608 4611
f 4608 4612 4613
f 4608 4613 4611
f 4613 4614 4615
f 4613 4615 4611
f 4615 4616 4617
f 4615 4617 4611
f 4617 4618 4619
f 4617 4619 4611
f 4619 4620 4621
f 4619 4621 4611
f 4621 4622 4623
f 4621 4623 4611
f 4623 4624 4625
f 4623 4625 4611
f 4625 4609 4611
f 4609 3857 4611
f 3863 3857 4609
f 3860 3831 3896
f 3842 3829 3815
f 3815 3817 3819
f 3815 3829 4626
f 3817 3709 3708
f 3719 3800 3708
f 4627 3709 3817
f 3709 4628 3710
f 3800 3784 3783
f 3783 3782 3790
f 3790 3782 3776
f 3782 4629 3776
f 3719 4630 3801
f 3776 3756 3771
f 3757 3756 3776
f 3756 3764 3770
f 3784 4631 3782
f 3776 4629 4632
f 3782 4633 4629
f 3724 3813 3765
f 3725 3724 3765
f 4634 3757 3776
f 3740 3813 3724
f 4635 3755 3757
f 3742 3813 3740
f 3731 3741 4636
f 3731 3742 3741
f 3731 4636 3729
f 3756 3755 4637
f 3788 3730 3729
f 3725 3756 4638
f 4639 3740 3724
f 3788 3729 3781
f 4640 3741 3740
f 3729 3688 4641
f 3781 4641 3773
f 3729 4641 3781
f 4641 3762 3773
f 4636 3741 4642
f 3750 3762 4641
f 3729 4636 4643
f 3729 4644 3686
f 3695 4641 3693
f 3735 3750 3695
f 3750 4641 3695
f 3688 4645 4641
f 3735 3695 3704
f 4641 4646 3693
f 3735 3704 3732
f 3704 4647 3727
f 3704 3727 3732
f 4647 4648 3715
f 4647 3715 3727
f 3675 3649 3661
f 4648 3824 3715
f 3824 3711 3715
f 3704 4649 4647
f 4650 3698 3824
f 4647 4651 4648
f 3666 3698 4650
f 4648 4652 3824
f 3666 4650 3667
f 3824 4653 4650
f 3668 3667 3674
f 4650 4654 3667
f 3667 3675 3674
f 3667 4655 3675
f 3649 3675 4656
f 4657 4658 4659
f 4660 4661 4662
f 3875 4663 4664
f 3883 4665 4666
f 4664 4667 4668
f 4669 4670 4671
f 4672 4673 4674
f 4675 4676 4677
f 4678 4679 4680
f 4681 4682 4683
f 4684 4685 4686
f 4687 4688 4682
f 4689 4690 4691
f 4692 4693 4688
f 4694 4695 4696
f 4697 4698 4693
f 4699 4700 4701
f 4702 4703 4698
f 4704 3883 4705
f 4706 4707 4703
f 3883 4704 4665
f 4708 4709 4707
f 4666 4710 4657
f 4711 4712 4709
f 4713 3883 3885
f 4714 4715 4712
f 3884 3853 3881
f 4716 3852 4715
f 4717 4718 4719
f 4720 3881 3852
f 4721 4722 4699
f 4723 3885 3881
f 4724 4725 4719
f 4726 4713 3885
f 4717 4710 4727
f 4728 3883 4713
f 4729 4724 4719
f 4730 4705 3883
f 4717 4727 4731
f 4732 4704 4705
f 4729 4719 4718
f 4733 4665 4704
f 4734 4735 4736
f 4737 4710 4665
f 4735 4725 4736
f 4738 4727 4710
f 4739 4718 4717
f 4740 4731 4727
f 4741 4718 4739
f 4742 4717 4731
f 4735 4719 4725
f 4743 4739 4717
f 4735 4734 4699
f 4744 4741 4739
f 4717 4719 4657
f 4745 4718 4741
f 4734 4736 4746
f 4747 4729 4718
f 4734 4700 4699
f 4748 4724 4729
f 4701 4721 4699
f 4749 4725 4724
f 4750 4721 4701
f 4751 4736 4725
f 4752 4700 4734
f 4753 4746 4736
f 4754 4721 4750
f 4755 4734 4746
f 4756 4721 4754
f 4757 4752 4734
f 4695 4721 4756
f 4758 4700 4752
f 4759 4721 4695
f 4760 4701 4700
f 4759 4695 4694
f 4761 4750 4701
f 4657 4710 4717
f 4762 4754 4750
f 4763 4764 4765
f 4766 4767 4768
f 4769 4756 4754
f 4770 4684 4767
f 4771 4772 4773
f 4774 4695 4756
f 4771 4775 4776
f 4777 4689 4694
f 4778 4696 4695
f 4779 4780 4781
f 4767 4782 4783
f 4784 4765 4773
f 4785 4690 4689
f 4686 4786 4684
f 4771 4787 4788
f 4789 4782 4790
f 4791 4690 4792
f 4776 4793 4794
f 4657 4659 4666
f 4686 4795 4796
f 4797 4776 4798
f 4791 4799 4800
f 4801 4802 4803
f 4804 4794 4793
f 4800 4805 4806
f 4807 4801 4808
f 4793 4776 4809
f 4806 4810 4811
f 4783 4812 4770
f 4813 4776 4794
f 4811 4814 4815
f 4816 4817 4818
f 4794 4804 4819
f 4815 4820 4783
f 4821 4735 4699
f 4794 4822 4813
f 4783 4823 4812
f 4824 4825 4826
f 4787 4771 4813
f 4812 4827 4770
f 4828 4829 4795
f 4830 4771 4831
f 3869 4832 3867
f 4833 4684 4770
f 4818 4832 3869
f 4834 4685 4684
f 4835 3869 4836
f 4837 4686 4685
f 4838 4839 4840
f 4841 4824 4835
f 4842 4795 4686
f 4843 4844 4807
f 4845 4828 4795
f 4802 4807 4846
f 4847 4829 4828
f 4807 4848 4846
f 4849 4843 4829
f 4824 4850 4835
f 4851 4844 4843
f 3869 3868 4836
f 4852 4807 4844
f 4853 4854 4855
f 4856 4848 4807
f 4803 4857 3867
f 4858 4846 4848
f 4859 4857 4803
f 4860 4802 4846
f 4861 4836 3868
f 4862 4803 4802
f 4863 4836 4861
f 4864 4859 4803
f 4854 4865 4855
f 4866 4857 4859
f 4867 4868 4869
f 4870 3867 4857
f 4853 4855 4825
f 4871 3868 3867
f 4836 4872 4835
f 4873 4861 3868
f 4872 4874 4835
f 4875 4863 4861
f 4876 4877 4878
f 4879 4836 4863
f 4835 4880 4841
f 4881 4872 4836
f 4882 4883 4884
f 4885 4874 4872
f 4841 4886 4887
f 4888 4835 4874
f 4883 4889 4890
f 4891 4880 4835
f 4892 4893 4894
f 4895 4896 4897
f 4898 4841 4880
f 4868 4899 4900
f 4901 4886 4841
f 4902 4661 4903
f 4904 4905 4906
f 4907 4887 4886
f 4908 3888 4905
f 4909 4910 4887
f 4883 4911 4884
f 4912 4853 4910
f 4913 4914 4915
f 4916 4854 4853
f 4917 4918 4919
f 4920 4921 4922
f 4923 4865 4854
f 4924 4925 4926
f 4927 4928 4915
f 4929 4930 4865
f 4899 4931 4900
f 4932 4933 4930
f 4934 4922 4935
f 4936 4937 4933
f 4938 4939 4940
f 4900 4941 4869
f 4942 4899 4937
f 4943 4944 4945
f 4946 4914 4913
f 4931 4947 4900
f 4948 4949 4950
f 4869 4951 4952
f 4953 4949 4954
f 4927 4955 4928
f 4665 4710 4666
f 4945 4840 4956
f 4957 4958 4959
f 4878 4952 4960
f 4961 4962 4963
f 4920 4964 4965
f 4876 4878 4966
f 4967 4944 4968
f 4928 4913 4915
f 4969 4876 4970
f 4971 4939 4953
f 4972 4973 4959
f 4974 4969 4975
f 4967 4976 4954
f 4928 4934 4977
f 4884 4974 4978
f 4938 4979 4980
f 4882 4884 4981
f 4982 4953 4954
f 4922 4934 4920
f 4983 4882 4984
f 4895 4985 4896
f 4986 4957 4987
f 4988 4989 4990
f 4983 4991 4895
f 4896 3889 3888
f 4992 4993 4902
f 4895 4994 4985
f 4995 4996 4997
f 4980 4988 4938
f 4985 4998 4896
f 4964 4920 4999
f 5000 5001 5002
f 4896 5003 3889
f 5004 4957 5005
f 4906 5006 4904
f 4906 3888 5007
f 5008 5009 5010
f 5011 5006 4906
f 5011 4906 5012
f 5013 5014 5015
f 5006 5011 5016
f 5017 5018 5019
f 4904 5006 5020
f 5021 5005 5015
f 4914 4904 5022
f 4915 4914 5023
f 5024 4955 5025
f 4927 4915 5026
f 5027 5028 5029
f 5024 5025 5030
f 4955 4927 5031
f 5032 5033 5034
f 5035 4999 5024
f 5025 4955 5036
f 5037 4996 5038
f 5030 5025 5039
f 5040 5041 4894
f 5024 5042 5035
f 5024 5030 5043
f 5044 5045 5046
f 5042 5047 5035
f 5042 5024 5048
f 5049 5050 5051
f 5052 5053 5054
f 5047 5042 5055
f 4959 4973 5056
f 5035 5047 5057
f 5058 5059 5060
f 4999 5035 5061
f 5062 4964 4999
f 4996 5054 5063
f 5050 5064 5051
f 4999 5065 5062
f 4964 5062 5066
f 5067 4996 4995
f 5068 5060 5069
f 4964 5070 4965
f 5071 5072 5073
f 5074 5046 5075
f 4965 5076 4973
f 5077 5078 5079
f 5080 5081 5051
f 4973 5082 5056
f 5083 5017 5019
f 5084 5085 5086
f 5056 5087 5072
f 5072 5088 5073
f 5089 5090 5078
f 5091 5092 5093
f 5073 5094 5071
f 4997 4996 5095
f 5092 5096 5097
f 5071 5098 4987
f 5099 5100 5101
f 4987 5102 4986
f 5103 5104 5105
f 5106 5028 5107
f 4986 5108 5109
f 5054 4996 5110
f 5107 5111 5112
f 5109 5113 5100
f 5114 5115 5116
f 5117 5118 5119
f 5100 5120 5101
f 5121 5122 5103
f 5101 5123 5099
f 4680 5014 5124
f 5125 5126 5127
f 5099 5128 5129
f 4670 5130 5131
f 5132 5133 5134
f 5129 5135 5013
f 5136 5137 5138
f 5013 5139 5014
f 5140 5137 5141
f 5142 5143 5144
f 4680 5124 5145
f 4679 5146 5147
f 5148 5149 5150
f 5089 5151 5152
f 5147 5153 5154
f 5155 5156 5157
f 5158 5159 5154
f 5160 5161 5157
f 5162 5163 5159
f 5164 5018 5163
f 5083 5019 5165
f 5166 5019 5018
f 5167 5052 5151
f 5168 5165 5019
f 5155 5157 5138
f 5169 5083 5165
f 5083 5170 5171
f 5172 5170 5083
f 5173 5174 5175
f 5176 5171 5170
f 5110 5177 5178
f 5179 5180 5171
f 5181 5114 5182
f 5183 5069 5180
f 5058 5068 5184
f 5185 5068 5069
f 5186 5184 5068
f 5187 5181 5188
f 5189 5058 5184
f 5190 5115 5191
f 5192 5193 5058
f 5193 5194 4997
f 5195 5194 5193
f 4995 4997 5196
f 5197 4997 5194
f 4997 5198 5196
f 5199 5198 4997
f 5115 5200 5191
f 5201 5196 5198
f 5202 5177 5110
f 5203 4995 5196
f 5156 5204 5205
f 5206 5067 4995
f 5207 5202 5067
f 4670 5137 5208
f 5209 5177 5202
f 5210 5178 5177
f 5152 5110 5211
f 5212 5110 5178
f 5213 5211 5110
f 5175 5214 5215
f 5216 5152 5211
f 5152 5217 5218
f 5219 5217 5152
f 5156 5220 5221
f 5222 5218 5217
f 5220 5223 5221
f 5090 5224 5225
f 5090 5218 5226
f 5227 5122 5121
f 5224 5090 5228
f 5225 5229 5188
f 5225 5224 5230
f 5231 5232 5233
f 5229 5225 5234
f 5235 5236 5237
f 5188 5229 5238
f 5187 5188 5239
f 5240 5187 5241
f 5242 5243 5244
f 5200 5240 5245
f 4719 4735 5246
f 5247 5200 5248
f 5249 5247 5250
f 5121 5251 5227
f 5121 5249 5252
f 5251 5121 5253
f 5227 5254 5255
f 5255 5256 4671
f 5257 5258 5259
f 4671 5260 4669
f 5259 5258 5261
f 5262 5140 5141
f 5263 5260 4671
f 5264 4676 5175
f 5265 4669 5260
f 5266 5141 4669
f 5257 5267 5268
f 5269 5262 5141
f 5270 5271 5272
f 5273 5140 5262
f 5271 5274 5272
f 5275 5271 5140
f 5257 5259 5276
f 5277 5274 5271
f 5278 5279 5280
f 5281 5272 5274
f 5282 5270 5272
f 5243 5242 5283
f 5284 5285 5270
f 5155 5286 5287
f 5288 5155 5285
f 5155 5287 5204
f 5289 5286 5155
f 5267 5257 5290
f 5291 5287 5286
f 5267 5290 5280
f 5292 5204 5287
f 5223 5220 5293
f 5294 5205 5204
f 5295 5296 5297
f 5298 5220 5205
f 5293 5299 5223
f 5300 5293 5220
f 5301 5299 5293
f 5223 5302 5303
f 5304 5223 5299
f 5302 5305 5303
f 5306 5302 5223
f 5307 5308 5309
f 5310 5305 5302
f 5303 5311 5312
f 5303 5312 5313
f 5314 5303 5305
f 5315 5316 5313
f 5313 5312 5315
f 5312 5317 5315
f 5259 5303 5313
f 5318 5276 5259
f 4666 3884 3883
f 5319 5320 5321
f 5259 5313 5322
f 5323 5324 5325
f 5318 5259 5326
f 5327 5290 5276
f 5276 5318 5328
f 5327 5276 5329
f 5330 5278 5290
f 5290 5327 5331
f 5332 5330 5290
f 5333 5332 5290
f 5334 5330 5332
f 5335 5334 5332
f 5330 5336 5278
f 5236 5337 5338
f 5339 5330 5334
f 5340 5341 5279
f 5278 5342 5279
f 5283 5343 5243
f 5279 5344 5340
f 5232 5345 5346
f 5340 5347 5341
f 5348 5349 5350
f 5341 5351 5352
f 5350 5353 5354
f 5352 5355 5356
f 5324 5323 5357
f 5356 5358 5359
f 5360 5361 5362
f 5363 5325 5364
f 5365 5366 5359
f 5367 5368 5369
f 5370 5368 5366
f 5363 5364 5371
f 5369 5372 5367
f 5373 5367 5374
f 5375 5348 5307
f 5376 5373 5377
f 5236 5378 5379
f 5264 5376 5380
f 5348 5350 5381
f 4676 5264 5382
f 5383 5215 5214
f 4677 4676 5384
f 5385 5386 5361
f 4675 4677 5387
f 5323 5325 5363
f 5214 4675 5388
f 5389 5363 5371
f 5383 5214 5390
f 5389 5371 5391
f 5215 5383 5392
f 5393 5307 5394
f 5233 5215 5395
f 5231 5396 5397
f 5231 5233 5398
f 5389 5391 5386
f 5396 5231 5399
f 5397 5400 5235
f 5397 5396 5401
f 5402 5400 5397
f 5402 5397 5403
f 5404 5405 5406
f 5400 5402 5407
f 5361 5386 5391
f 5235 5400 5408
f 5409 5378 5235
f 5409 5235 5410
f 5404 5411 5412
f 5378 5409 5413
f 5414 5379 5378
f 5414 5378 5415
f 5416 5417 5362
f 5379 5414 5418
f 5419 5420 5379
f 5419 5379 5421
f 5420 5422 5379
f 5420 5419 5423
f 5307 5323 5394
f 5422 5420 5424
f 5417 5406 5362
f 5425 5422 5426
f 5391 5416 5361
f 5427 5425 5428
f 5429 5411 5430
f 5242 5427 5431
f 5430 5411 5432
f 5321 5242 5433
f 5411 5404 5432
f 5319 5321 5434
f 5361 5416 5362
f 5354 5319 5435
f 5436 5381 5354
f 5436 5354 5437
f 5438 5381 5436
f 5438 5436 5439
f 5429 5440 5441
f 5381 5438 5442
f 5443 5308 5381
f 5443 5381 5444
f 5406 5432 5404
f 5308 5443 5445
f 5417 5432 5406
f 5309 5308 5446
f 5447 5448 5449
f 5357 5309 5450
f 5448 5440 5430
f 5449 5451 5447
f 5357 5452 5324
f 5453 5411 5429
f 5324 5454 5325
f 5448 5447 5440
f 5325 5455 5364
f 5440 5429 5430
f 5364 5456 5371
f 5449 5457 5458
f 5371 5459 5391
f 5448 5460 5449
f 5391 5461 5416
f 5460 5457 5449
f 5416 5462 5417
f 5463 5457 5460
f 4719 5464 4657
f 5465 5432 5417
f 5460 5466 5463
f 5467 5430 5432
f 5468 5448 5430
f 5469 4825 4855
f 5470 5460 5448
f 3884 3881 3885
f 5471 5466 5460
f 5472 3852 3854
f 5473 5474 5466
f 4482 5475 3877
f 5476 5477 5478
f 5474 3876 4668
f 4668 3876 4664
f 4664 3876 3875
f 4659 5479 4666
f 4715 3852 5472
f 5466 5474 5463
f 3884 5480 3853
f 3884 4666 5481
f 3853 5482 3854
f 4715 5472 4712
f 3854 5483 5472
f 5472 5484 4712
f 4707 4709 5484
f 5485 5484 5472
f 4707 5484 5486
f 5484 4709 4712
f 5487 5486 5488
f 5489 5485 5472
f 5486 5484 5490
f 5491 5484 5485
f 5488 5486 5492
f 4707 5486 5487
f 5493 5488 5494
f 5488 5493 5487
f 5487 5493 5495
f 4707 5487 4703
f 5496 4698 5497
f 5487 4698 4703
f 4693 4698 5496
f 5497 4698 5487
f 5498 5496 5497
f 5487 5499 5497
f 5500 5501 5496
f 5502 5496 5501
f 5503 5474 4668
f 5504 5496 5502
f 5463 5474 5503
f 4693 5496 5504
f 5505 5502 5501
f 4693 5504 5506
f 5507 5504 5502
f 4693 5506 4688
f 5506 4682 4688
f 5506 5504 5508
f 5509 4682 5506
f 5509 5506 5510
f 5511 4682 5509
f 5511 5509 5512
f 4683 4682 5511
f 5513 5511 5514
f 4683 5511 5513
f 5515 5513 5516
f 4683 5513 5515
f 5477 5515 5517
f 4683 5515 5477
f 5476 4683 5477
f 5518 4683 5476
f 5518 5476 5519
f 5520 4683 5518
f 5520 5518 5521
f 5522 4683 5520
f 5523 5520 5524
f 5522 5520 5523
f 5525 5523 5526
f 5522 5523 5525
f 5527 5525 5528
f 5522 5525 5527
f 5529 5527 5530
f 5522 5527 5529
f 5531 5529 5532
f 5522 5529 5531
f 5533 5531 5534
f 5522 5531 5533
f 5535 5533 5536
f 5522 5533 5535
f 5522 5535 4668
f 5535 5503 4668
f 5440 5447 5537
f 5406 5538 5362
f 5244 5425 5427
f 5357 5323 5307
f 5422 5425 5244
f 5357 5307 5309
f 5539 5244 5243
f 5307 5381 5308
f 5389 5386 5540
f 5389 5541 5363
f 5348 5381 5307
f 5237 5542 5543
f 5353 5319 5354
f 5350 5354 5381
f 5320 5319 5353
f 5544 5323 5363
f 5214 5175 4675
f 5283 5321 5320
f 5545 5394 5323
f 5546 5175 5346
f 5242 5321 5283
f 5174 5373 5376
f 5547 5353 5350
f 5297 5367 5174
f 5427 5242 5244
f 5368 5297 5296
f 5320 5353 5548
f 5296 5359 5366
f 5422 5244 5379
f 5356 5359 5549
f 5236 5379 5244
f 5550 5283 5320
f 5356 5549 5352
f 5337 5236 5244
f 5549 5341 5352
f 5235 5378 5236
f 5279 5341 5280
f 5543 5235 5237
f 5551 5337 5244
f 5290 5278 5280
f 5235 5543 5397
f 5552 5549 5296
f 5237 5236 5553
f 5397 5543 5232
f 5549 5554 5280
f 5232 5231 5397
f 5257 5276 5290
f 5232 5346 5233
f 5280 5555 5267
f 5215 5346 5175
f 5215 5233 5346
f 5303 5259 5261
f 5543 5556 5232
f 5303 5261 5557
f 5175 4676 4675
f 5258 5257 5558
f 5175 5376 5264
f 5303 5557 5223
f 5175 5174 5376
f 5557 5559 5221
f 5174 5367 5373
f 5258 5560 5261
f 5368 5367 5297
f 5557 5221 5223
f 5368 5296 5366
f 5261 5561 5557
f 5549 5359 5296
f 5559 5557 5562
f 5280 5341 5549
f 5221 5563 5156
f 5122 5131 5564
f 5156 5205 5220
f 5559 5565 5221
f 5249 5105 5191
f 5221 5566 5563
f 5249 5191 5247
f 5156 5160 5157
f 5204 5156 5155
f 5191 5200 5247
f 5156 5563 5567
f 5114 5240 5115
f 5157 5568 5138
f 5225 5188 5181
f 5138 5285 5155
f 5569 5160 5156
f 5105 5570 5191
f 5271 5270 5138
f 5138 5270 5285
f 5181 5079 5078
f 5271 5138 5140
f 5571 5568 5157
f 5225 5078 5090
f 5138 5568 5572
f 5138 5137 5140
f 5218 5090 5089
f 5137 4669 5141
f 5218 5089 5152
f 4669 5137 4670
f 5052 5152 5151
f 4671 4670 5131
f 5054 5152 5052
f 5255 5131 5227
f 5255 4671 5131
f 5054 5110 5152
f 5227 5131 5122
f 5573 5079 5181
f 5121 5103 5249
f 5110 4996 5202
f 5249 5103 5105
f 4996 5067 5202
f 5115 5240 5200
f 5078 5574 5089
f 5187 5240 5114
f 5151 5089 5575
f 5181 5187 5114
f 5193 4997 5095
f 5225 5181 5078
f 4996 5037 5095
f 5060 5576 5171
f 5058 5193 5095
f 5058 5095 5059
f 5017 5576 5577
f 5060 5068 5058
f 5578 5163 5018
f 5180 5069 5060
f 5017 5579 5578
f 5580 5095 5037
f 5159 5581 5582
f 5180 5060 5171
f 5154 5582 5147
f 5171 5576 5083
f 5059 5095 5583
f 5582 4679 5147
f 5576 5017 5083
f 5060 5059 5584
f 5585 5582 5586
f 5576 5060 5587
f 4680 5585 5014
f 5578 5018 5017
f 5585 5015 5014
f 5581 5163 5578
f 5100 5015 5005
f 5159 5163 5581
f 5005 4986 5109
f 5159 5582 5154
f 5588 5581 5578
f 5071 4987 4957
f 5589 5582 5581
f 5071 4959 5072
f 5585 4679 5582
f 4973 4972 4920
f 4680 4679 5585
f 4973 4920 4965
f 5013 5015 5129
f 4999 4920 4934
f 5099 5015 5100
f 5099 5129 5015
f 4934 5024 4999
f 5100 5005 5109
f 4934 4928 5024
f 4957 4986 5005
f 4959 5590 4972
f 5071 4957 4959
f 4928 4955 5024
f 4959 5056 5072
f 4972 5591 4920
f 5592 4977 4934
f 4946 4904 4914
f 5593 4928 4977
f 4905 4904 4946
f 3888 4906 4905
f 4913 4928 5594
f 5595 4946 4913
f 4897 3888 4908
f 4896 3888 4897
f 4905 4946 5596
f 5597 4908 4905
f 4895 4897 4889
f 4895 4889 4983
f 4897 4908 5598
f 4983 4889 4883
f 4983 4883 4882
f 4897 5599 4889
f 4890 4889 5600
f 4884 4911 4974
f 4883 4890 5601
f 4911 4969 4974
f 5602 4969 4911
f 4883 5603 4911
f 4876 4969 5602
f 4911 5604 5602
f 4876 5602 4877
f 5602 5605 4877
f 4878 4877 4952
f 4877 4867 4952
f 5606 4867 4877
f 4867 4869 4952
f 5607 4868 4867
f 4868 4900 4869
f 5608 4899 4868
f 4937 4899 5608
f 4937 5608 4933
f 5608 4855 4933
f 4855 4930 4933
f 4865 4930 4855
f 4910 4853 4825
f 4910 4825 4887
f 4825 4824 4887
f 4824 4841 4887
f 5609 4855 5608
f 4850 3869 4835
f 4818 4817 4832
f 5610 4759 5611
f 4801 4803 4832
f 4832 4803 3867
f 4807 4802 4801
f 5612 4850 4824
f 3869 5613 4818
f 5614 3869 4850
f 5615 4843 4807
f 5615 4807 4808
f 4817 5616 4832
f 4796 4843 5615
f 4829 4796 4795
f 4829 4843 4796
f 4796 4786 4686
f 5617 4801 4832
f 5618 4786 4796
f 5619 4808 4801
f 4786 4768 4767
f 5620 5615 4808
f 4786 4767 4684
f 5621 4796 5615
f 4767 4783 4770
f 5622 5618 4796
f 4786 5623 4768
f 5624 4786 5618
f 4811 4815 4782
f 4782 4815 4783
f 5625 4811 4782
f 5625 4782 4789
f 4782 4767 5626
f 4806 4811 5625
f 4800 5625 5627
f 4806 5625 4800
f 5625 4789 5628
f 4800 5627 4791
f 5627 5625 5629
f 5627 4690 4791
f 4691 5627 5630
f 4691 4690 5627
f 5611 4691 5631
f 5611 4689 4691
f 4694 5611 4759
f 4694 4689 5611
f 5632 5633 5634
f 4953 5635 4971
f 4980 4989 4988
f 4840 5636 5637
f 4988 5638 5639
f 4988 5639 4939
f 5640 4949 4953
f 5641 5642 5643
f 5644 5645 5640
f 5646 5647 4893
f 4813 4771 4776
f 5648 5639 5649
f 4892 5033 5650
f 4662 4902 5651
f 5648 5652 4963
f 4938 4988 4939
f 4773 4765 5653
f 5654 4980 4979
f 5653 4765 4764
f 4831 4773 5653
f 4993 5655 4902
f 4831 4771 4773
f 5656 4775 4830
f 4831 5653 5657
f 4830 4831 5658
f 4830 5659 5660
f 5661 5656 4781
f 5660 5662 5663
f 5664 5662 5660
f 4779 5663 5665
f 4779 5665 5666
f 4781 5663 4779
f 5660 5663 4781
f 5667 5668 5669
f 5656 5660 4781
f 5656 5661 5670
f 4830 5660 5656
f 5656 5671 4775
f 5672 5673 5674
f 4776 4775 4798
f 4771 4830 4775
f 5675 5676 5677
f 4775 5678 5679
f 5680 5681 5682
f 4775 5679 4798
f 5679 5683 5684
f 5679 5684 5634
f 5684 5685 5686
f 5687 5688 5689
f 5669 5690 5691
f 5692 5693 5694
f 5634 4798 5679
f 5684 5695 5634
f 5684 5686 5695
f 3662 5696 5697
f 5633 4798 5634
f 5698 5634 5695
f 5699 5700 5701
f 5702 5703 5704
f 5705 5706 3706
f 5707 5708 5709
f 5710 5711 5712
f 4363 4365 5713
f 4297 4274 5714
f 5715 5716 5717
f 4363 5713 5716
f 4363 5715 5718
f 4363 5716 5715
f 5719 5720 5718
f 5715 5721 5719
f 5715 5722 5721
f 5723 5720 5719
f 5715 5719 5718
f 5721 5724 5719
f 5725 4274 4273
f 5725 4273 5726
f 5727 5728 4300
f 5727 5729 5730
f 4318 4317 5731
f 5732 4389 4299
f 5733 5732 5734
f 5735 5732 4299
f 4318 5732 5733
f 5736 4318 5733
f 5732 4318 5731
f 5732 5731 4389
f 5727 4300 4389
f 5729 5737 5730
f 5738 5737 4370
f 4370 5737 5729
f 4372 5739 5740
f 5741 5742 5743
f 5742 5744 5745
f 5745 5743 5742
f 4405 5742 5746
f 5747 5742 4405
f 4404 5747 4405
f 5748 5744 5749
f 5744 5747 5749
f 5742 5747 5744
f 5744 5739 5750
f 5740 5739 5744
f 5745 5744 5750
f 4372 4371 5739
f 5738 4370 4372
f 5727 5730 5728
f 5730 5725 5728
f 5725 5726 5728
f 5751 5752 5753
f 5706 5705 5754
f 5755 5756 5757
f 5758 5759 5760
f 5761 5762 3798
f 5753 5763 5764
f 3753 5765 5766
f 5767 5768 5769
f 3791 5770 3792
f 5771 3767 3766
f 3706 3680 5705
f 5772 5773 5774
f 5775 5776 5777
f 3680 5778 3681
f 5779 5780 5781
f 5782 5783 5784
f 3681 5785 5786
f 5787 5788 5789
f 5790 5791 3689
f 5786 5792 5793
f 5794 5712 5711
f 3722 3676 3678
f 3691 3678 3689
f 5790 5795 5796
f 5777 5797 4674
f 3676 5798 5799
f 4672 3779 5800
f 5771 3738 5801
f 3700 3699 5802
f 5798 3722 5803
f 5804 5805 5806
f 5807 5808 5775
f 5809 3807 3808
f 3797 3803 3802
f 5810 5811 5812
f 5813 5814 5815
f 3803 3797 3808
f 5762 5816 3812
f 5817 5762 5761
f 3798 5762 3812
f 3798 3792 5818
f 5761 3798 5819
f 5817 5761 5820
f 5821 5822 5823
f 5824 5825 5826
f 5827 5828 5709
f 3650 5829 5830
f 3798 3812 3797
f 5831 3768 3797
f 5832 5833 5834
f 3768 3792 3797
f 5835 5836 5837
f 5838 5839 5840
f 3768 3767 3791
f 3766 3768 5841
f 3664 5696 3662
f 5807 5842 5808
f 5843 5775 5808
f 4673 4672 5844
f 3777 3779 4674
f 3777 4674 5845
f 5696 4673 5697
f 3778 5846 3779
f 4672 4674 3779
f 3663 5847 3664
f 5697 5848 5849
f 5697 4673 5848
f 5850 5851 5852
f 3662 5697 5853
f 5854 5855 5838
f 5856 3657 5857
f 5696 3664 5858
f 5696 4674 4673
f 5696 5859 3751
f 4674 5696 3751
f 5860 5861 5862
f 4674 3751 5777
f 3751 3753 5777
f 5777 3753 5775
f 5775 3753 5766
f 5775 5766 5807
f 5766 5863 5807
f 5864 5807 5865
f 5842 5807 5864
f 5864 5866 5867
f 5868 5867 5869
f 5866 5865 5870
f 5869 5871 5872
f 5866 5873 5874
f 3745 5875 5871
f 5874 5876 3743
f 3745 5871 3743
f 3743 5877 3744
f 5869 3743 5871
f 5878 5869 5872
f 5875 5879 5871
f 3787 5880 5881
f 5869 5867 3743
f 5882 5883 5884
f 5771 3766 5842
f 3699 5885 5802
f 5886 5887 5888
f 5798 3700 5799
f 5771 5842 3738
f 5867 5866 5874
f 3743 5867 5874
f 5842 3736 3738
f 5864 5865 5866
f 5889 5864 5867
f 5842 3766 5808
f 3699 5842 5885
f 3699 3736 5842
f 5890 5891 5892
f 3676 5799 5893
f 5799 3700 5802
f 5894 5799 5802
f 3722 5798 3676
f 3678 3691 3722
f 5895 5896 5851
f 5897 5712 3678
f 5712 3689 3678
f 5898 5899 5900
f 5794 3689 5712
f 3689 5794 5790
f 5901 5794 5711
f 5852 5902 5882
f 5794 5795 5790
f 5903 5904 5794
f 5883 5882 5905
f 5904 5787 5794
f 5787 5795 5794
f 5906 5907 5908
f 5789 5795 5787
f 5909 5910 5789
f 5911 5793 5910
f 5789 5793 5795
f 5906 5912 5907
f 5913 5793 5911
f 5910 5793 5789
f 5786 5793 5913
f 5911 5910 5914
f 5786 5913 5915
f 5913 5911 5916
f 5915 5917 5784
f 5915 5913 5918
f 5786 5915 5784
f 3681 5783 3682
f 5786 5784 3681
f 3682 5919 5705
f 3682 5783 5920
f 3681 5784 5783
f 5921 5919 3682
f 3680 3682 5705
f 5922 5923 5924
f 5925 5926 5927
f 5928 5929 5930
f 5931 5932 5933
f 5107 5934 5935
f 5936 5937 5938
f 5010 5939 5940
f 5930 5117 5941
f 5942 5943 5944
f 5934 5945 5946
f 5947 5931 5933
f 5948 5949 5950
f 5086 5951 5084
f 5952 5953 5931
f 5953 5954 5955
f 5111 5955 5956
f 5957 5958 5959
f 5960 5117 5961
f 5962 5107 5112
f 5959 5958 5963
f 5964 5961 5965
f 5966 5963 5967
f 5949 5948 5958
f 5142 5968 5969
f 5650 5970 5971
f 5924 5923 5972
f 5144 5973 5968
f 5974 5032 5975
f 5640 4962 5644
f 5074 5976 5044
f 5977 5049 5978
f 5979 5980 4992
f 5981 4918 5982
f 5639 5648 4939
f 5983 5984 5985
f 5032 5977 5975
f 4953 4939 4963
f 4939 5648 4963
f 5986 5644 4962
f 4962 5640 4963
f 5644 5986 5987
f 5988 5989 5990
f 4661 5991 5992
f 4963 5640 4953
f 5983 5993 5994
f 5995 4949 5640
f 4949 4948 4954
f 4948 4967 4954
f 5996 5997 5998
f 4948 5999 4967
f 5999 4944 4967
f 4945 4944 5999
f 4948 6000 5999
f 4945 5999 5636
f 4945 5636 4840
f 6001 5756 5755
f 6002 5636 5999
f 5636 6003 5637
f 4840 5637 4838
f 5637 6004 6005
f 5637 6005 4838
f 6006 6005 6007
f 4838 6005 6006
f 4838 6006 6008
f 6009 5693 5759
f 6010 6011 6012
f 6013 5701 6014
f 6015 6016 6017
f 6018 6013 6019
f 6020 6021 6015
f 6022 6018 6023
f 6024 6025 6026
f 6009 6022 6027
f 6028 6024 6029
f 6030 6009 6031
f 6024 6032 6029
f 6033 6034 6032
f 6035 6036 6033
f 6035 6033 6037
f 5756 5702 5704
f 6038 6039 6040
f 6041 6042 6043
f 6044 6045 6040
f 6042 6046 6043
f 5755 5757 5985
f 6045 6047 5997
f 6048 6049 6050
f 6051 5755 5985
f 4924 6049 6046
f 6052 6026 5996
f 5985 5757 6053
f 6054 5994 6055
f 6026 6056 6032
f 5994 6057 6058
f 6032 6059 6033
f 5983 5985 6060
f 6061 4924 4926
f 6062 6061 5641
f 6057 5994 6063
f 6064 6042 6057
f 6065 5643 6066
f 6067 6066 4917
f 6042 6068 6046
f 4662 4661 4902
f 6069 6070 6071
f 6046 6072 4924
f 5981 6073 6074
f 6075 5991 6074
f 6076 4660 6077
f 6078 6079 5980
f 4660 4662 6080
f 5001 5650 6081
f 5642 6082 4918
f 5032 5970 5033
f 5032 6083 5970
f 6084 6085 6086
f 5032 5034 5977
f 6086 6085 5975
f 5977 6087 5975
f 5034 5050 5977
f 5980 6088 5040
f 6085 6089 5975
f 6090 6091 6092
f 5049 5977 5050
f 5975 6089 5974
f 6093 4892 4894
f 4892 6094 5033
f 5049 5051 6095
f 5033 6096 5034
f 5051 5081 6095
f 5049 6095 6097
f 6098 5050 5034
f 6099 6100 6101
f 6102 5027 6103
f 5008 5925 6104
f 5126 6105 5926
f 6106 5127 5972
f 6107 6108 6109
f 6110 5940 6111
f 6112 6113 6110
f 5933 6113 6114
f 6115 6116 6117
f 6118 6119 6091
f 5937 5936 6120
f 6110 6121 6112
f 6122 6123 6115
f 5033 5970 5650
f 6124 6125 5091
f 4892 5650 5001
f 6126 6078 5647
f 5000 4892 5001
f 6100 5973 6127
f 6128 6079 6078
f 6129 4893 5000
f 5000 4893 4892
f 6130 4993 6079
f 4893 5647 4894
f 4894 5647 5040
f 5044 5976 6131
f 5647 5980 5040
f 6078 5980 5647
f 6079 4992 5980
f 4993 4992 6079
f 6132 5651 4902
f 5655 6132 4902
f 5651 6133 4662
f 5991 4661 4660
f 6076 5991 4660
f 6076 6074 5991
f 6071 6074 6076
f 6071 6076 6134
f 6070 6074 6071
f 5981 6074 6070
f 4919 5981 6070
f 4919 6070 6135
f 4918 5981 4919
f 4917 4919 6136
f 6066 4918 4917
f 6066 5642 4918
f 6066 5643 5642
f 5643 6137 5641
f 5642 5641 4926
f 6062 6138 6061
f 5641 6061 4926
f 6061 6139 6049
f 6061 6049 4924
f 6046 6049 6048
f 6046 6048 6043
f 6048 6140 6043
f 6141 6142 6143
f 6041 6057 6042
f 6041 6043 6144
f 6058 6057 6041
f 6058 6041 6145
f 6055 5994 6058
f 6055 6058 6146
f 6147 6054 6055
f 6054 5983 5994
f 5984 5983 6054
f 5984 6054 6148
f 5984 6051 5985
f 6149 6051 5984
f 6051 6150 5755
f 5756 5704 5757
f 5757 5704 6035
f 5704 6151 6152
f 5704 6152 6035
f 6153 6142 6154
f 6152 6036 6035
f 6155 6036 6152
f 6156 6157 6158
f 6036 6034 6033
f 6159 6034 6036
f 6034 6160 6029
f 6034 6029 6032
f 6024 6026 6032
f 6025 5996 6026
f 6025 6024 6161
f 6162 6163 6164
f 6165 5996 6025
f 6166 5996 6165
f 6167 6168 6164
f 6025 6169 6165
f 5997 5996 6166
f 6164 6168 6170
f 5997 6166 6045
f 6171 6166 6165
f 6166 6020 6045
f 6172 6020 6166
f 6020 6015 6045
f 6045 6015 6040
f 6173 6174 6175
f 6015 6017 6040
f 6040 6017 6038
f 6176 6177 6178
f 6179 6180 6181
f 6017 6180 6179
f 6176 6182 6177
f 6017 6179 6038
f 6179 6030 6038
f 6183 6175 6184
f 6185 5694 6179
f 5694 6030 6179
f 5693 6030 5694
f 6173 6183 6186
f 6187 5759 5693
f 5693 6009 6030
f 6188 5758 6189
f 5758 6009 5759
f 6022 6188 6190
f 6022 6009 5758
f 6022 6190 6018
f 6022 5758 6188
f 6191 6192 6190
f 6188 6193 6190
f 6194 6013 6192
f 6190 6192 6018
f 5701 6013 6194
f 6192 6013 6018
f 6194 6195 6010
f 6194 6192 6196
f 5699 6010 6012
f 5701 6194 6010
f 6012 6197 6006
f 5701 6010 5699
f 6197 6008 6006
f 5699 6012 6006
f 6198 5990 6199
f 6200 6201 6202
f 6203 6204 6205
f 6206 6207 6208
f 5668 6209 6210
f 6208 6211 5767
f 6210 6212 6213
f 5769 6214 6215
f 6213 6216 5768
f 5672 6214 5673
f 6203 6217 6218
f 6205 6219 6220
f 5672 6221 5680
f 6205 6222 6219
f 6223 6224 6225
f 6222 6226 6219
f 6227 6223 6143
f 6228 5682 6229
f 5687 6222 6205
f 6230 6202 6201
f 6231 6203 6228
f 6232 6227 6233
f 5687 6201 6234
f 6235 6236 6202
f 6237 5989 6238
f 6239 6199 6236
f 6143 6142 6233
f 6142 6240 6241
f 6241 6240 6242
f 6240 6153 6162
f 6153 6243 6163
f 6163 6244 6167
f 6168 6167 6245
f 6167 6246 6245
f 6168 6245 6175
f 6247 6175 6245
f 6175 6183 6173
f 6248 6186 6183
f 6168 6175 6174
f 6164 6163 6167
f 6249 6162 6164
f 6162 6153 6163
f 6250 6240 6162
f 6240 6142 6153
f 6142 6241 6233
f 6241 6251 6233
f 6227 6143 6233
f 6252 6223 6227
f 6223 6225 6143
f 6143 6225 6253
f 6225 6254 6253
f 6143 6253 5990
f 6255 5988 6256
f 5988 6253 6256
f 5990 6253 5988
f 5989 5988 6257
f 6237 5990 5989
f 6258 6259 6237
f 6237 6199 5990
f 6260 6199 6259
f 6259 6199 6237
f 6261 6260 6259
f 6260 6262 6199
f 6263 6262 6260
f 6262 6236 6199
f 6264 6236 6262
f 6264 6262 6265
f 6202 6236 6264
f 6202 6264 6200
f 6264 6266 6200
f 6234 6200 6267
f 6201 6200 6234
f 5687 6234 5688
f 6268 6269 6270
f 6205 6201 5687
f 6271 6222 5687
f 6272 6220 6219
f 6220 6203 6205
f 6217 6203 6220
f 6217 6220 6273
f 6274 6218 6217
f 6218 6228 6203
f 6275 6228 6218
f 6275 6218 6276
f 5682 6228 6275
f 5682 6275 6214
f 5682 6214 5680
f 6277 6214 6275
f 6214 5672 5680
f 6214 5769 5673
f 5769 5768 5673
f 6278 6279 6207
f 6280 6269 6206
f 6268 6206 6269
f 6281 6269 6280
f 6269 6282 6270
f 6206 6283 6207
f 6284 6206 6268
f 6279 6285 5676
f 6283 6286 6207
f 6279 5676 6207
f 6207 5676 5675
f 5676 6285 6287
f 6207 5675 6208
f 5675 6288 6208
f 6206 6208 6280
f 6280 6208 5767
f 6280 5767 5769
f 5767 6213 5768
f 6289 6213 5767
f 6210 6213 6289
f 6290 6291 6292
f 6210 6289 5668
f 6289 5669 5668
f 6293 6294 6295
f 5690 5669 6289
f 6296 6297 6298
f 5691 6299 5669
f 6300 6301 5691
f 6302 6303 6304
f 6301 6299 5691
f 6305 6300 5691
f 6306 6299 6301
f 6307 6301 6300
f 6306 6301 6308
f 6309 6310 6311
f 6312 5764 6313
f 6312 6314 6315
f 6316 6317 6318
f 6314 6312 6319
f 6290 6320 6321
f 6322 6323 6318
f 6324 6325 6314
f 6326 6327 6328
f 6329 6326 6325
f 6328 6330 6316
f 6331 6332 6333
f 6316 6334 6317
f 6335 6336 6337
f 6317 6338 6339
f 6340 6336 6335
f 6339 6341 6337
f 6342 6343 6344
f 6337 6345 6335
f 6346 6347 6348
f 6335 6349 6340
f 6347 6311 6348
f 6350 6351 6352
f 6351 6350 6340
f 6353 6354 6355
f 6356 6357 6358
f 6359 6360 6350
f 6361 6360 6362
f 6363 6332 6364
f 6365 6361 6366
f 6310 6367 6368
f 6346 6365 6369
f 6332 6370 6371
f 6347 6346 6372
f 6357 6373 6358
f 6311 6347 6374
f 6375 6333 6332
f 6309 6311 6376
f 6377 6367 6320
f 6378 6309 6379
f 6380 6381 6333
f 6382 6378 6383
f 6384 6343 6385
f 6386 6382 6387
f 6388 6389 6384
f 6321 6386 6390
f 6290 6391 6392
f 6291 6290 6321
f 6342 6357 6393
f 6381 6392 6394
f 6395 6396 6397
f 6331 6381 6398
f 6399 6400 6401
f 6402 6331 6403
f 6393 6404 6342
f 6364 6402 6405
f 6406 6399 6407
f 6363 6364 6408
f 6409 6400 6399
f 6410 6393 6356
f 6363 6411 6396
f 6399 6406 6412
f 6396 6413 6397
f 6406 6414 6412
f 6397 6415 6416
f 6382 6367 6378
f 6416 6417 6356
f 6356 6418 6410
f 6404 6393 6419
f 6420 5826 6421
f 6422 6404 6423
f 6424 6425 6302
f 6385 6422 6426
f 6427 6428 6295
f 6429 6430 6431
f 6432 6384 6385
f 6433 6434 5772
f 6435 6388 6384
f 6436 6434 6433
f 6437 6438 6388
f 6401 6400 5825
f 6439 6420 6438
f 6430 6429 6293
f 6440 5826 6420
f 6441 6442 6443
f 6401 5825 6444
f 6445 6406 6407
f 6407 6401 6446
f 6447 6406 6445
f 6427 6295 6294
f 6414 6406 6448
f 6449 6450 6451
f 6452 6453 6454
f 6455 6456 6414
f 6443 6457 6431
f 6458 6442 6441
f 6459 5772 6456
f 6431 6460 6429
f 6429 6461 6293
f 6462 6463 5774
f 6294 6464 6465
f 6466 6463 6467
f 6468 6469 6470
f 6442 6466 6471
f 6472 6473 6474
f 6475 6476 6477
f 6443 6442 6478
f 6479 6476 6480
f 6481 6482 6428
f 5780 6483 6484
f 5707 5709 5828
f 5828 6485 6486
f 6487 6488 6489
f 6293 6464 6294
f 6490 5833 5832
f 6294 6491 6427
f 6427 6492 6481
f 6485 6493 6486
f 6481 6494 6296
f 5707 6495 5708
f 5780 5779 6496
f 6495 6497 5708
f 6298 6498 6499
f 6500 6501 6434
f 6499 6502 6497
f 6304 6503 6452
f 6497 6504 5708
f 6505 6506 6507
f 5708 6508 5709
f 6509 6322 6336
f 5709 6510 5827
f 6485 6511 6512
f 5827 6511 6485
f 6485 6513 6493
f 6470 6493 6514
f 6515 6516 6328
f 6468 6470 6517
f 6325 6516 6518
f 6519 6468 6520
f 6304 6452 6302
f 6521 6519 6522
f 6523 6521 6524
f 6315 5764 6312
f 6425 6523 6525
f 6302 6452 6424
f 6302 6425 6526
f 6527 6528 6529
f 6530 6531 6532
f 6304 6533 6503
f 6534 6529 6528
f 6503 6535 6536
f 6534 6528 6537
f 6536 6538 6539
f 5764 6315 5753
f 6536 6539 6540
f 6541 6534 6537
f 6540 6542 6532
f 6543 6534 6544
f 6532 6545 6530
f 6541 6546 6544
f 6544 6534 6541
f 6530 6547 6548
f 6549 6544 6546
f 6550 6527 6548
f 6551 6544 6552
f 6553 6528 6527
f 6552 6544 6549
f 6554 6537 6528
f 6552 6549 6555
f 6556 6541 6537
f 6552 6555 5753
f 6557 6546 6541
f 6558 6555 6549
f 6559 6549 6546
f 6552 5753 6315
f 5751 5753 6555
f 6412 6414 6501
f 6503 6453 6452
f 6534 6560 6529
f 6561 6424 6452
f 6531 6548 6529
f 6529 6548 6527
f 6424 6523 6425
f 6530 6548 6531
f 6531 6529 6562
f 6450 6523 6424
f 6531 6453 6540
f 6532 6531 6540
f 6449 6523 6450
f 6503 6536 6453
f 6453 6536 6540
f 6521 6523 6449
f 6424 6563 6450
f 6499 6482 6298
f 6564 6521 6449
f 6482 6565 6566
f 6567 6564 6449
f 6521 6564 6519
f 5828 6568 5707
f 6469 6468 6564
f 6564 6468 6519
f 6495 5707 6569
f 6564 6570 6469
f 6499 6497 6495
f 6469 6571 6486
f 6470 6469 6486
f 6499 6495 6565
f 6486 6493 6470
f 5827 6485 5828
f 6572 6565 6495
f 6499 6565 6482
f 6573 6433 6574
f 6575 6441 6430
f 6482 6296 6298
f 6442 6458 6466
f 6481 6296 6482
f 5774 6463 6574
f 6427 6481 6428
f 6428 6482 6576
f 5774 6574 6433
f 6428 6577 6295
f 6578 6458 6441
f 6295 6430 6293
f 6458 6463 6466
f 6441 6443 6430
f 6430 6443 6431
f 6574 6463 6458
f 6458 6579 6574
f 5774 6433 5772
f 6400 6580 5825
f 6434 6456 5772
f 6581 6580 6400
f 6434 6501 6456
f 6580 5826 5825
f 6501 6414 6456
f 6421 5826 6580
f 6412 6501 6582
f 6421 6580 6583
f 6399 6401 6407
f 6438 6421 6584
f 6438 6420 6421
f 6356 6358 6416
f 6438 6584 6388
f 6421 6585 6584
f 6416 6358 6395
f 6586 6389 6584
f 6584 6389 6388
f 6416 6395 6397
f 6389 6343 6384
f 6587 6395 6358
f 6389 6588 6343
f 6395 6370 6396
f 6343 6342 6422
f 6385 6343 6422
f 6370 6363 6396
f 6342 6404 6422
f 6395 6589 6370
f 6357 6356 6393
f 6363 6370 6332
f 6380 6392 6381
f 6332 6402 6364
f 6290 6392 6380
f 6331 6402 6332
f 6321 6320 6386
f 6333 6381 6331
f 6367 6382 6386
f 6380 6333 6590
f 6367 6310 6378
f 6290 6380 6320
f 6310 6309 6378
f 6320 6367 6386
f 6591 6348 6310
f 6310 6348 6311
f 6355 6365 6346
f 6348 6355 6346
f 6355 6348 6592
f 6354 6365 6355
f 6354 6361 6365
f 6507 6361 6354
f 6507 6354 6593
f 6360 6361 6507
f 6360 6507 6506
f 6350 6360 6506
f 6594 6506 6595
f 6350 6506 6594
f 6350 6594 6340
f 6594 6336 6340
f 6336 6322 6337
f 6322 6317 6339
f 6322 6339 6337
f 6318 6515 6316
f 6318 6317 6322
f 6515 6318 6596
f 6515 6328 6316
f 6516 6515 6597
f 6516 6326 6328
f 6314 6325 6518
f 6325 6326 6516
f 6314 6518 6315
f 6516 6598 6518
f 6518 6599 6315
f 6600 6601 6602
f 5888 6603 5886
f 6604 5895 6600
f 5891 6605 6606
f 6605 6607 6608
f 6606 6609 6610
f 6611 6607 5890
f 6612 5852 5851
f 6613 6605 6603
f 5908 6614 6613
f 6605 5891 6607
f 5890 6607 5891
f 6615 5906 5883
f 6606 6610 5891
f 6616 6607 6611
f 6617 6614 5907
f 6618 6606 6614
f 5890 6619 6611
f 6620 6621 6622
f 6613 6603 5888
f 6623 6624 6625
f 6605 6626 6603
f 6606 6605 6613
f 5888 6627 6613
f 6613 6614 6606
f 6628 5908 6613
f 5883 5906 5908
f 5908 5907 6614
f 5884 5883 5908
f 5884 5908 6629
f 5852 5882 5884
f 5852 5884 6630
f 5884 6631 6630
f 5852 6630 5850
f 5851 5850 5895
f 6632 6633 5850
f 6630 6634 5850
f 6635 6636 6633
f 5850 6633 5895
f 6601 6600 6636
f 6633 6600 5895
f 6601 6637 6638
f 6636 6600 6633
f 6637 6639 6640
f 6601 6636 6637
f 6641 6642 6643
f 6644 6645 6643
f 6646 6647 6640
f 6648 6647 6649
f 6650 6651 6652
f 6653 6648 6654
f 6655 6656 6657
f 6644 6653 6658
f 6659 6660 6661
f 6662 6644 6663
f 6664 6661 5898
f 6665 3656 6666
f 6666 6667 6661
f 6668 6669 6670
f 6671 6672 5900
f 6671 6668 6673
f 5900 6674 5898
f 6675 6676 6677
f 5898 6678 6664
f 6676 6679 6677
f 6664 6680 6666
f 6677 6681 6682
f 6666 6683 6665
f 6679 6676 5854
f 6665 6684 6675
f 6685 6686 6687
f 6675 6688 6676
f 6689 6685 6690
f 6691 6692 6693
f 6693 6694 6695
f 6693 6692 6696
f 6697 6692 6691
f 6698 6699 6700
f 5804 5840 6701
f 6702 6699 6698
f 5806 6703 6691
f 6704 3651 3650
f 6691 6705 6706
f 6707 6706 6708
f 3787 5881 6709
f 6709 6710 6711
f 6711 6712 6713
f 6714 6712 6710
f 6712 6714 6715
f 6715 6716 6717
f 5860 5862 6718
f 6719 6720 6721
f 6722 6704 3650
f 6720 6723 6724
f 6725 3787 6704
f 6726 6727 6728
f 6721 6720 6724
f 6729 6710 5881
f 6730 6718 6731
f 6714 6710 6732
f 6727 6730 6733
f 6724 6621 6721
f 6728 6727 6734
f 6620 6735 6621
f 6736 6728 6737
f 6625 6624 6620
f 6723 6736 6738
f 6739 6740 6741
f 6724 6723 6742
f 6620 6740 6739
f 6622 6724 6743
f 6740 6744 6745
f 6746 6744 6740
f 6622 6747 6625
f 6746 6624 6748
f 6620 6746 6740
f 6749 6745 6750
f 6745 6744 6751
f 6752 6748 6624
f 6740 6745 6749
f 6753 6744 6746
f 6754 6749 6750
f 6740 6749 6755
f 6756 6740 6755
f 6620 6624 6746
f 6622 6625 6620
f 6621 6724 6622
f 6721 6621 6757
f 6720 6758 6723
f 6759 6758 6720
f 6723 6758 6736
f 6758 6760 6736
f 6760 6728 6736
f 6760 6758 6761
f 6726 6728 6760
f 6760 6762 6726
f 6727 6726 6763
f 6763 6726 6764
f 6730 6727 6763
f 6730 6763 5860
f 6763 6765 5860
f 6730 5860 6718
f 6716 6715 5862
f 5862 6715 6718
f 6714 6718 6715
f 6712 6715 6766
f 6710 6712 6711
f 6709 6711 6767
f 5881 6710 6709
f 3787 6709 3785
f 6709 6768 3785
f 3786 3785 6769
f 6704 3787 3786
f 6704 3786 6770
f 3786 6771 6770
f 6704 6770 3651
f 6770 6772 3651
f 3652 3651 6773
f 5829 3650 3652
f 6700 3652 6774
f 5829 3652 6700
f 5829 6700 6707
f 6699 6707 6700
f 6706 6707 6699
f 6697 6699 6775
f 6706 6699 6697
f 6706 6697 6691
f 6697 6776 6692
f 6777 6778 6779
f 5806 6691 6693
f 5806 6693 6695
f 5804 5806 6695
f 6780 6695 6781
f 5804 6695 6780
f 5804 6780 6782
f 6780 6783 6782
f 5804 6782 5840
f 6782 6690 5840
f 6784 6690 6782
f 6690 6685 5840
f 5840 6685 5838
f 5838 6685 6687
f 5838 6687 6785
f 6687 6786 6785
f 5838 6785 5854
f 6785 6787 6679
f 6785 6679 5854
f 6677 6679 6681
f 6788 5857 6677
f 5857 6675 6677
f 3657 6675 5857
f 6789 6790 6791
f 3657 6665 6675
f 3656 6665 3657
f 3656 6792 6666
f 6793 6794 6795
f 6796 6792 3656
f 6792 6667 6666
f 6797 6798 6799
f 6800 6667 6792
f 6666 6661 6664
f 6798 6801 6802
f 6803 6661 6667
f 6661 6660 5898
f 6660 5899 5898
f 6804 6805 6806
f 6807 5899 6660
f 5899 6808 5900
f 6809 6801 6789
f 6808 6671 5900
f 6808 5899 6810
f 6811 6671 6808
f 6811 6808 6812
f 6813 6779 6814
f 6668 6671 6811
f 6668 6811 6655
f 6815 6809 6816
f 6811 6817 6655
f 6668 6655 6669
f 6818 6819 6820
f 6655 6657 6651
f 6669 6655 6651
f 6669 6651 6662
f 6662 6651 6650
f 6821 6822 6823
f 6662 6650 6645
f 6662 6645 6644
f 6791 6824 6823
f 6644 6643 6642
f 6650 6825 6645
f 6653 6642 6826
f 6645 6827 6643
f 6653 6826 6648
f 6653 6644 6642
f 6828 6829 6826
f 6642 6830 6826
f 6831 6647 6829
f 6826 6829 6648
f 6640 6647 6831
f 6829 6647 6648
f 6831 6832 6833
f 6831 6829 6834
f 6833 6835 6637
f 6640 6831 6833
f 6640 6833 6637
f 6637 6835 6638
f 6836 6837 6838
f 6791 6809 6789
f 6839 6816 6822
f 6840 6841 6793
f 6842 6778 6777
f 6818 6843 6813
f 6841 6844 6805
f 6845 6801 6809
f 6846 6778 6804
f 6791 6823 6809
f 6778 6847 6779
f 6809 6823 6816
f 6848 6818 6813
f 6849 6820 6850
f 6823 6822 6816
f 6851 6791 6849
f 6852 6822 6821
f 6852 6853 6822
f 6798 6797 6801
f 6801 6797 6789
f 6799 6854 6797
f 6789 6797 6855
f 6856 6790 6789
f 6790 6849 6791
f 6820 6849 6790
f 6820 6790 6857
f 6790 6858 6857
f 6857 6843 6818
f 6843 6777 6813
f 6820 6857 6818
f 6777 6843 6859
f 6860 6843 6857
f 6842 6804 6778
f 6777 6779 6813
f 6861 6842 6862
f 6863 6842 6777
f 6805 6861 6841
f 6805 6804 6842
f 6864 6865 6861
f 6805 6842 6861
f 6794 6793 6865
f 6861 6793 6841
f 6794 6866 6838
f 6865 6793 6861
f 6866 6867 6868
f 6794 6865 6866
f 6869 6870 6871
f 6872 6873 6874
f 6875 6871 6868
f 6873 6876 6877
f 6878 6869 6871
f 6879 6880 6881
f 6882 6883 6869
f 6879 6881 6884
f 6885 6873 6883
f 6879 6884 6886
f 6887 6876 6873
f 6879 6886 6888
f 6889 6880 6876
f 6890 6884 6891
f 6892 6893 6894
f 6895 6896 6881
f 6897 6898 6899
f 6900 6892 6901
f 6902 6894 6896
f 6894 6903 6901
f 6904 6905 6906
f 6897 6899 6907
f 6899 6908 6909
f 6910 6911 6899
f 6912 6913 6914
f 6915 6913 6911
f 6916 6912 6917
f 6918 6914 6913
f 6919 6920 6907
f 6921 6917 6914
f 6912 6916 6922
f 6912 6922 6923
f 6924 6916 6917
f 6916 6925 6922
f 6926 6912 6923
f 6922 6927 6923
f 6926 6928 6929
f 6923 6930 6931
f 6932 6933 6934
f 6935 6936 6937
f 6938 6935 6931
f 6928 6939 6940
f 6935 6937 6928
f 6940 6941 6934
f 4498 4500 4501
f 6934 6942 6932
f 4500 6943 4501
f 6932 6944 6945
f 6946 6943 4500
f 6945 6947 4498
f 6948 6943 6949
f 6943 6946 6950
f 4500 6951 6946
f 6943 6950 6949
f 6946 6952 6950
f 6949 6953 6954
f 6950 6955 6956
f 6956 6953 6949
f 6956 6957 6958
f 6959 6960 6961
f 6956 6958 6962
f 6963 6964 6965
f 6962 6966 6967
f 6968 6969 6970
f 6967 6971 6972
f 6961 6972 6973
f 6974 6975 6976
f 6959 6961 6977
f 6978 6959 6979
f 6980 6968 6970
f 6981 6978 6982
f 6983 6984 6985
f 6965 6981 6986
f 6987 6919 6907
f 6963 6965 6988
f 6975 6989 6985
f 6980 6963 6990
f 6991 6968 6980
f 6992 6993 6968
f 6993 6974 6968
f 6994 6920 6919
f 6995 6996 6997
f 6998 6975 6974
f 6996 6999 6997
f 7000 6989 6975
f 6999 6905 6997
f 7001 7002 6989
f 7003 6905 6999
f 7004 6995 7002
f 6906 6905 7003
f 7005 6996 6995
f 6999 7006 7003
f 7007 6999 6996
f 7003 7008 6906
f 7009 6904 6906
f 6994 6903 6920
f 6994 6904 7009
f 7010 6903 7009
f 7009 6903 6994
f 6901 6903 7010
f 6901 6892 6894
f 6892 7011 6893
f 7012 6893 7013
f 6894 6893 7012
f 6894 7012 7014
f 7012 7015 7014
f 6894 7014 6891
f 6894 6891 6896
f 7016 6891 7014
f 6891 6884 6896
f 6896 6884 6881
f 6879 7017 6877
f 6879 6877 6880
f 6877 6876 6880
f 7018 6874 6877
f 6874 6873 6877
f 6874 7019 6872
f 6883 6873 6872
f 6872 7020 7021
f 6883 6872 6869
f 7021 6870 6869
f 6872 7021 6869
f 6870 7022 6871
f 7023 6870 7021
f 7022 7024 6871
f 7025 7022 6870
f 7024 6868 6871
f 7026 7024 7022
f 7027 6868 7024
f 7028 7027 7024
f 6838 7027 7029
f 6838 6868 7027
f 6794 6838 6837
f 6866 6868 6838
f 6912 6914 6917
f 7030 6912 6926
f 7031 6997 7032
f 7031 6995 6997
f 6905 7033 6997
f 6985 7002 7031
f 7031 7002 6995
f 6968 6974 6969
f 7031 7034 6985
f 6989 7002 6985
f 6963 6980 6964
f 6985 6984 6975
f 6964 7035 6981
f 6984 7036 6976
f 6975 6984 6976
f 7035 6978 6981
f 6974 6976 6969
f 6969 6976 7037
f 7035 6964 7038
f 6970 6969 7039
f 6959 6978 7035
f 6980 6970 6964
f 6959 7035 6960
f 6964 6981 6965
f 7035 7040 6960
f 6972 6961 7041
f 6960 7042 7041
f 6961 6960 7041
f 7041 6962 6967
f 6972 7041 6967
f 6956 6962 6953
f 6953 6962 7041
f 6949 6950 6956
f 4501 6943 7043
f 4503 4498 4501
f 6945 4498 4503
f 6933 6945 4503
f 6932 6945 6933
f 4503 7044 6933
f 6934 6933 6929
f 6933 7045 6929
f 6934 6929 6940
f 6929 6928 6940
f 6931 6935 6926
f 6926 6935 6928
f 6931 6926 6923
f 7046 6919 6987
f 6908 6913 6912
f 6911 6913 6908
f 6911 6908 6899
f 6899 6909 6907
f 6909 7047 6907
f 6909 7048 7047
f 7047 6987 6907
f 7047 7049 6987
f 5149 7050 5150
f 7051 7052 5779
f 7052 7053 6477
f 7054 6479 7055
f 7056 5133 7057
f 7058 5959 5966
f 7054 7059 5822
f 7060 7061 5821
f 7060 7062 5810
f 7063 5821 7064
f 5833 6490 7065
f 7060 5810 5812
f 7062 7063 7066
f 7067 5812 7068
f 5810 7062 7069
f 5811 7070 7068
f 7071 7072 6472
f 5833 7073 5834
f 6474 7073 7074
f 7075 7076 7077
f 7078 7075 5811
f 7073 7079 5834
f 6490 5832 7080
f 7081 7082 6488
f 6473 7077 7083
f 7081 6488 6487
f 5832 5834 7081
f 7084 7073 6473
f 7081 5834 7082
f 7085 7082 5834
f 7086 6488 7082
f 7087 7065 6490
f 7088 7081 7089
f 7088 5832 7081
f 7090 7087 6490
f 7091 7074 5833
f 7074 7073 5833
f 7092 6474 7074
f 7093 6472 6474
f 7094 7095 7072
f 7096 7097 7098
f 6474 6473 7073
f 7099 7070 6473
f 6472 7072 6473
f 7072 7095 7099
f 5835 7061 7100
f 6473 7072 7099
f 7101 7061 5835
f 7070 7077 6473
f 7101 7102 7098
f 5837 7101 5835
f 5811 7075 7070
f 7070 7075 7077
f 7068 7070 7103
f 5822 5821 7061
f 5812 5811 7068
f 7104 7061 7098
f 5821 7063 7060
f 7060 7063 7062
f 7104 7098 7097
f 7061 7101 7098
f 7061 7104 5822
f 5780 6496 6483
f 7104 7054 5822
f 7104 6479 7054
f 7104 6476 6479
f 7104 6477 6476
f 7104 7052 6477
f 7104 6496 7052
f 7052 6496 5779
f 7105 7106 7107
f 7105 5814 5813
f 7108 7109 5132
f 7110 7111 7112
f 7113 5813 7114
f 7115 7112 5132
f 7116 6103 5027
f 7117 6117 6102
f 5074 5075 7118
f 5965 5119 7119
f 7120 5951 5928
f 7106 7111 7121
f 5953 7122 5931
f 5976 5074 7123
f 7124 7125 6123
f 7106 7105 5813
f 6117 7126 6115
f 7127 5086 7125
f 6113 5933 5932
f 7128 5951 5086
f 7120 7129 5084
f 7130 5928 5951
f 6113 5932 7131
f 7132 5929 5928
f 7133 7134 7135
f 7136 5119 5118
f 7135 7137 7138
f 7139 7140 7141
f 5929 7142 5118
f 6108 6107 7143
f 7141 6119 7144
f 7145 7146 7137
f 7146 7139 7147
f 7148 7149 5142
f 7119 5119 7150
f 7151 7152 7153
f 7143 7154 7151
f 7155 7143 7119
f 7156 7146 7145
f 7157 7158 7159
f 7145 7153 7160
f 6092 7161 7162
f 7139 7163 7140
f 7164 7165 7161
f 6092 7164 7161
f 7166 7167 7164
f 7168 7165 7169
f 7170 7139 7146
f 5967 7171 5966
f 7172 7169 7167
f 7173 7174 7175
f 6119 7140 7176
f 7175 5096 7177
f 6091 6119 7178
f 6092 7179 7164
f 7175 7180 5096
f 7175 7166 7180
f 7164 7181 7180
f 5096 5092 7182
f 6131 7108 5134
f 7183 7184 7185
f 6131 5976 7108
f 7183 7186 7187
f 6127 5144 7188
f 6127 7189 6100
f 7112 7190 5132
f 5813 7113 7190
f 7111 7106 5813
f 7105 7191 7050
f 7050 5814 7105
f 5149 7192 5814
f 7193 5150 7050
f 5976 7194 7108
f 5814 7050 5149
f 7112 7195 7110
f 7112 7111 5813
f 5813 7190 7112
f 7057 5132 7190
f 7196 7057 7190
f 5132 7057 5133
f 7197 5134 5133
f 5132 5134 7108
f 7198 6131 5134
f 5075 6101 6100
f 5074 5044 5046
f 6131 7199 5044
f 5075 5046 6101
f 5973 6100 6099
f 5144 6127 5973
f 5968 5973 7200
f 5968 7201 5969
f 5144 5968 5142
f 5142 5969 7148
f 7202 7148 7203
f 7184 7148 5969
f 7204 7184 5969
f 7183 7187 7148
f 7184 7183 7148
f 7187 7205 7203
f 7148 7187 7203
f 7202 7203 7206
f 7202 7207 5091
f 7148 7202 5091
f 7207 7208 6124
f 7209 7207 7202
f 7210 6124 7208
f 7207 6124 5091
f 7211 6125 6124
f 6125 7212 5091
f 7212 5092 5091
f 7212 6125 7213
f 7182 5092 7212
f 7182 7212 7214
f 7215 7177 7182
f 7177 5096 7182
f 7166 7175 7216
f 7177 7173 7175
f 7164 7180 7166
f 7167 7166 7217
f 7218 7219 7220
f 7167 7169 7164
f 7164 7169 7165
f 7221 7161 7165
f 7221 7165 7222
f 7162 7161 7223
f 7224 7159 6090
f 7162 7225 6090
f 6092 7162 6090
f 7226 7227 7228
f 7159 6091 6090
f 7158 6091 7159
f 7158 6118 6091
f 7229 6118 7158
f 6118 7144 6119
f 7230 7144 6118
f 6119 7141 7140
f 7231 7141 7144
f 7141 7232 7139
f 7233 7232 7141
f 7232 7147 7139
f 7234 7147 7232
f 7147 7137 7146
f 7235 7137 7147
f 7137 7135 7145
f 7145 7135 7153
f 7134 7153 7135
f 7134 7151 7153
f 5008 5010 7236
f 6108 7151 7134
f 7134 7237 6108
f 7143 7151 6108
f 5932 7122 7238
f 6107 5965 7143
f 7119 7143 5965
f 5127 5126 7239
f 6107 7240 5965
f 5961 5119 5965
f 5119 5961 5117
f 7228 5126 5926
f 5929 5118 5930
f 5930 5118 5117
f 7120 5928 5930
f 6117 6116 6102
f 7241 7120 5930
f 5111 5935 7122
f 5084 5951 7120
f 7226 7236 7242
f 7122 5953 5955
f 7243 5085 5084
f 5086 5085 7125
f 5945 5934 6102
f 6116 6123 5085
f 5085 6123 7125
f 5028 5027 5934
f 6115 6123 6116
f 6116 5085 7244
f 5107 5028 5934
f 6116 5945 6102
f 5935 5934 7245
f 5934 5027 6102
f 5111 5107 5935
f 7236 5010 5940
f 5111 7122 5955
f 7246 7131 5932
f 7122 5932 5931
f 7236 6110 7131
f 7131 6110 6113
f 7228 5925 7226
f 6110 7236 5940
f 7228 5926 5925
f 7226 5925 5008
f 7236 7226 5008
f 7239 5126 7228
f 7228 7247 7239
f 5127 7239 7248
f 7239 7249 7248
f 5972 5127 7248
f 5924 7248 7250
f 5972 7248 5924
f 7251 5922 5924
f 7252 5936 7251
f 5944 5943 7253
f 7254 7255 5942
f 7256 5944 7257
f 7171 7258 5966
f 7259 5943 5937
f 7258 7260 5966
f 7261 7256 7262
f 7263 7264 7171
f 7263 7220 7265
f 5958 7261 7266
f 7220 7171 5967
f 7218 7220 5967
f 5963 5958 7267
f 5963 7268 5967
f 7263 7265 7269
f 5967 7270 7218
f 7218 7271 7219
f 7272 7263 7269
f 7263 7171 7220
f 5966 5959 5963
f 7273 5957 5959
f 5949 5957 7274
f 5949 5958 5957
f 7256 5948 7254
f 5948 7261 5958
f 7275 7254 5948
f 7256 7261 5948
f 7256 7254 5944
f 7276 7277 5942
f 7254 5942 5944
f 5938 5937 7277
f 5942 7277 5943
f 7277 5937 5943
f 5938 7278 7279
f 5938 7277 7280
f 7279 5922 7251
f 5936 5938 7279
f 5936 7279 7251
f 6158 7281 6156
f 7282 7281 6158
f 7283 7281 7282
f 7284 7281 7283
f 6178 7283 7285
f 7284 7283 6178
f 6177 7286 7284
f 7287 6176 6178
f 7288 7286 6177
f 6178 6177 7284
f 1 3646 2
f 1 3647 3646
f 3 3647 1
f 3 3645 3647
f 15 3645 3
f 15 3659 3645
f 5 3659 15
f 5 3648 3659
f 21 3648 5
f 21 3665 3648
f 17 3665 21
f 17 3660 3665
f 28 3660 17
f 28 3672 3660
f 16 3672 28
f 16 3661 3672
f 35 3661 16
f 35 3679 3661
f 31 3679 35
f 31 3673 3679
f 39 3673 31
f 39 3683 3673
f 30 3683 39
f 30 3674 3683
f 41 3674 30
f 41 3685 3674
f 40 3685 41
f 40 3684 3685
f 48 3684 40
f 48 3692 3684
f 22 3692 48
f 22 3668 3692
f 52 3668 22
f 52 3696 3668
f 24 3696 52
f 24 3666 3696
f 58 3666 24
f 58 3702 3666
f 54 3702 58
f 54 3697 3702
f 63 3697 54
f 63 3707 3697
f 53 3707 63
f 53 3698 3707
f 67 3698 53
f 67 3712 3698
f 68 3712 67
f 68 3711 3712
f 72 3711 68
f 72 3716 3711
f 71 3716 72
f 71 3713 3716
f 74 3713 71
f 74 3718 3713
f 70 3718 74
f 70 3714 3718
f 79 3714 70
f 79 3723 3714
f 69 3723 79
f 69 3715 3723
f 83 3715 69
f 83 3728 3715
f 84 3728 83
f 84 3727 3728
f 88 3727 84
f 88 3733 3727
f 89 3733 88
f 89 3732 3733
f 95 3732 89
f 95 3739 3732
f 91 3739 95
f 91 3734 3739
f 102 3734 91
f 102 3746 3734
f 90 3746 102
f 90 3735 3746
f 105 3735 90
f 105 3749 3735
f 104 3749 105
f 104 3747 3749
f 110 3747 104
f 110 3754 3747
f 103 3754 110
f 103 3748 3754
f 114 3748 103
f 114 3758 3748
f 106 3758 114
f 106 3750 3758
f 117 3750 106
f 117 3761 3750
f 116 3761 117
f 116 3759 3761
f 119 3759 116
f 119 3763 3759
f 115 3763 119
f 115 3760 3763
f 125 3760 115
f 125 3769 3760
f 118 3769 125
f 118 3762 3769
f 129 3762 118
f 129 3774 3762
f 130 3774 129
f 130 3773 3774
f 137 3773 130
f 137 3780 3773
f 136 3780 137
f 136 3781 3780
f 144 3781 136
f 144 3789 3781
f 145 3789 144
f 145 3788 3789
f 149 3788 145
f 149 3793 3788
f 86 3793 149
f 86 3730 3793
f 151 3730 86
f 151 3795 3730
f 150 3795 151
f 150 3794 3795
f 155 3794 150
f 155 3799 3794
f 152 3799 155
f 152 3796 3799
f 161 3796 152
f 161 3805 3796
f 85 3805 161
f 85 3731 3805
f 165 3731 85
f 165 3809 3731
f 162 3809 165
f 162 3806 3809
f 166 3806 162
f 166 3810 3806
f 96 3810 166
f 96 3742 3810
f 169 3742 96
f 169 3814 3742
f 170 3814 169
f 170 3813 3814
f 174 3813 170
f 174 3818 3813
f 120 3818 174
f 120 3765 3818
f 177 3765 120
f 177 3821 3765
f 121 3821 177
f 121 3764 3821
f 178 3764 121
f 178 3822 3764
f 127 3822 178
f 127 3770 3822
f 179 3770 127
f 179 3823 3770
f 126 3823 179
f 126 3771 3823
f 181 3771 126
f 181 3825 3771
f 132 3825 181
f 132 3775 3825
f 182 3775 132
f 182 3826 3775
f 146 3826 182
f 146 3790 3826
f 186 3790 146
f 186 3830 3790
f 139 3830 186
f 139 3783 3830
f 190 3783 139
f 190 3834 3783
f 157 3834 190
f 157 3800 3834
f 192 3800 157
f 192 3836 3800
f 66 3836 192
f 66 3708 3836
f 194 3708 66
f 194 3838 3708
f 175 3838 194
f 175 3819 3838
f 198 3819 175
f 198 3843 3819
f 199 3843 198
f 199 3842 3843
f 203 3842 199
f 203 3848 3842
f 204 3848 203
f 204 3847 3848
f 211 3847 204
f 211 3856 3847
f 212 3856 211
f 212 3855 3856
f 216 3855 212
f 216 3861 3855
f 217 3861 216
f 217 3860 3861
f 220 3860 217
f 220 3864 3860
f 188 3864 220
f 188 3832 3864
f 226 3832 188
f 226 3870 3832
f 187 3870 226
f 187 3833 3870
f 227 3833 187
f 227 3871 3833
f 191 3871 227
f 191 3835 3871
f 234 3835 191
f 234 3878 3835
f 193 3878 234
f 193 3837 3878
f 236 3837 193
f 236 3879 3837
f 235 3879 236
f 235 3880 3879
f 238 3880 235
f 238 3882 3880
f 218 3882 238
f 218 3863 3882
f 219 3863 218
f 219 3862 3863
f 228 3862 219
f 228 3874 3862
f 230 3874 228
f 230 3872 3874
f 229 3872 230
f 229 3873 3872
f 221 3873 229
f 221 3866 3873
f 222 3866 221
f 222 3865 3866
f 214 3865 222
f 214 3858 3865
f 213 3858 214
f 213 3859 3858
f 215 3859 213
f 215 3857 3859
f 967 3857 215
f 967 4611 3857
f 11 4611 967
f 11 3653 4611
f 260 3653 11
f 260 3905 3653
f 261 3905 260
f 261 3904 3905
f 262 3904 261
f 262 3907 3904
f 263 3907 262
f 263 3906 3907
f 265 3906 263
f 265 3910 3906
f 266 3910 265
f 266 3909 3910
f 270 3909 266
f 270 3915 3909
f 271 3915 270
f 271 3914 3915
f 272 3914 271
f 272 3917 3914
f 273 3917 272
f 273 3916 3917
f 277 3916 273
f 277 3921 3916
f 207 3921 277
f 207 3849 3921
f 281 3849 207
f 281 3926 3849
f 282 3926 281
f 282 3925 3926
f 286 3925 282
f 286 3931 3925
f 287 3931 286
f 287 3930 3931
f 289 3930 287
f 289 3934 3930
f 290 3934 289
f 290 3933 3934
f 293 3933 290
f 293 3938 3933
f 294 3938 293
f 294 3937 3938
f 295 3937 294
f 295 3939 3937
f 202 3939 295
f 202 3844 3939
f 298 3844 202
f 298 3943 3844
f 299 3943 298
f 299 3942 3943
f 301 3942 299
f 301 3944 3942
f 300 3944 301
f 300 3945 3944
f 304 3945 300
f 304 3948 3945
f 302 3948 304
f 302 3947 3948
f 309 3947 302
f 309 3952 3947
f 308 3952 309
f 308 3953 3952
f 310 3953 308
f 310 3954 3953
f 303 3954 310
f 303 3946 3954
f 314 3946 303
f 314 3958 3946
f 288 3958 314
f 288 3932 3958
f 318 3932 288
f 318 3961 3932
f 317 3961 318
f 317 3962 3961
f 320 3962 317
f 320 3964 3962
f 319 3964 320
f 319 3963 3964
f 322 3963 319
f 322 3966 3963
f 321 3966 322
f 321 3965 3966
f 325 3965 321
f 325 3969 3965
f 323 3969 325
f 323 3968 3969
f 327 3968 323
f 327 3971 3968
f 324 3971 327
f 324 3967 3971
f 329 3967 324
f 329 3973 3967
f 326 3973 329
f 326 3970 3973
f 333 3970 326
f 333 3977 3970
f 307 3977 333
f 307 3949 3977
f 338 3949 307
f 338 3981 3949
f 337 3981 338
f 337 3982 3981
f 342 3982 337
f 342 3985 3982
f 341 3985 342
f 341 3986 3985
f 345 3986 341
f 345 3988 3986
f 344 3988 345
f 344 3989 3988
f 346 3989 344
f 346 3990 3989
f 343 3990 346
f 343 3987 3990
f 350 3987 343
f 350 3994 3987
f 340 3994 350
f 340 3983 3994
f 354 3983 340
f 354 3997 3983
f 353 3997 354
f 353 3998 3997
f 356 3998 353
f 356 3999 3998
f 355 3999 356
f 355 4000 3999
f 357 4000 355
f 357 4001 4000
f 339 4001 357
f 339 3984 4001
f 361 3984 339
f 361 4004 3984
f 360 4004 361
f 360 4005 4004
f 362 4005 360
f 362 4006 4005
f 358 4006 362
f 358 4003 4006
f 365 4003 358
f 365 4009 4003
f 359 4009 365
f 359 4002 4009
f 367 4002 359
f 367 4011 4002
f 296 4011 367
f 296 3941 4011
f 371 3941 296
f 371 4014 3941
f 370 4014 371
f 370 4015 4014
f 372 4015 370
f 372 4016 4015
f 297 4016 372
f 297 3940 4016
f 375 3940 297
f 375 4018 3940
f 374 4018 375
f 374 4019 4018
f 378 4019 374
f 378 4022 4019
f 328 4022 378
f 328 3972 4022
f 381 3972 328
f 381 4025 3972
f 316 4025 381
f 316 3959 4025
f 385 3959 316
f 385 4029 3959
f 315 4029 385
f 315 3960 4029
f 389 3960 315
f 389 4033 3960
f 384 4033 389
f 384 4026 4033
f 392 4026 384
f 392 4036 4026
f 383 4036 392
f 383 4027 4036
f 382 4027 383
f 382 4028 4027
f 394 4028 382
f 394 4037 4028
f 393 4037 394
f 393 4038 4037
f 397 4038 393
f 397 4041 4038
f 253 4041 397
f 253 3899 4041
f 400 3899 253
f 400 4044 3899
f 255 4044 400
f 255 3897 4044
f 405 3897 255
f 405 4048 3897
f 404 4048 405
f 404 4049 4048
f 409 4049 404
f 409 4052 4049
f 408 4052 409
f 408 4053 4052
f 413 4053 408
f 413 4057 4053
f 410 4057 413
f 410 4056 4057
f 415 4056 410
f 415 4059 4056
f 412 4059 415
f 412 4054 4059
f 417 4054 412
f 417 4061 4054
f 411 4061 417
f 411 4055 4061
f 420 4055 411
f 420 4064 4055
f 414 4064 420
f 414 4058 4064
f 422 4058 414
f 422 4066 4058
f 283 4066 422
f 283 3929 4066
f 424 3929 283
f 424 4068 3929
f 421 4068 424
f 421 4065 4068
f 426 4065 421
f 426 4070 4065
f 285 4070 426
f 285 3927 4070
f 428 3927 285
f 428 4072 3927
f 373 4072 428
f 373 4017 4072
f 432 4017 373
f 432 4076 4017
f 423 4076 432
f 423 4067 4076
f 435 4067 423
f 435 4079 4067
f 363 4079 435
f 363 4008 4079
f 438 4008 363
f 438 4082 4008
f 436 4082 438
f 436 4081 4082
f 442 4081 436
f 442 4086 4081
f 437 4086 442
f 437 4080 4086
f 444 4080 437
f 444 4088 4080
f 366 4088 444
f 366 4010 4088
f 449 4010 366
f 449 4092 4010
f 448 4092 449
f 448 4093 4092
f 450 4093 448
f 450 4094 4093
f 445 4094 450
f 445 4091 4094
f 452 4091 445
f 452 4095 4091
f 451 4095 452
f 451 4096 4095
f 453 4096 451
f 453 4097 4096
f 447 4097 453
f 447 4089 4097
f 457 4089 447
f 457 4101 4089
f 446 4101 457
f 446 4090 4101
f 462 4090 446
f 462 4105 4090
f 461 4105 462
f 461 4106 4105
f 465 4106 461
f 465 4108 4106
f 464 4108 465
f 464 4109 4108
f 470 4109 464
f 470 4113 4109
f 469 4113 470
f 469 4114 4113
f 471 4114 469
f 471 4115 4114
f 434 4115 471
f 434 4077 4115
f 472 4077 434
f 472 4116 4077
f 433 4116 472
f 433 4078 4116
f 476 4078 433
f 476 4120 4078
f 473 4120 476
f 473 4119 4120
f 478 4119 473
f 478 4122 4119
f 475 4122 478
f 475 4117 4122
f 480 4117 475
f 480 4124 4117
f 477 4124 480
f 477 4121 4124
f 481 4121 477
f 481 4125 4121
f 474 4125 481
f 474 4118 4125
f 483 4118 474
f 483 4126 4118
f 482 4126 483
f 482 4127 4126
f 484 4127 482
f 484 4128 4127
f 278 4128 484
f 278 3924 4128
f 489 3924 278
f 489 4132 3924
f 488 4132 489
f 488 4133 4132
f 490 4133 488
f 490 4134 4133
f 280 4134 490
f 280 3922 4134
f 494 3922 280
f 494 4138 3922
f 425 4138 494
f 425 4069 4138
f 499 4069 425
f 499 4142 4069
f 498 4142 499
f 498 4143 4142
f 501 4143 498
f 501 4144 4143
f 500 4144 501
f 500 4145 4144
f 505 4145 500
f 505 4148 4145
f 504 4148 505
f 504 4149 4148
f 507 4149 504
f 507 4150 4149
f 506 4150 507
f 506 4151 4150
f 508 4151 506
f 508 4152 4151
f 332 4152 508
f 332 3974 4152
f 510 3974 332
f 510 4154 3974
f 336 4154 510
f 336 3978 4154
f 513 3978 336
f 513 4157 3978
f 509 4157 513
f 509 4153 4157
f 335 4153 509
f 335 3979 4153
f 516 3979 335
f 516 4160 3979
f 379 4160 516
f 379 4024 4160
f 520 4024 379
f 520 4164 4024
f 380 4164 520
f 380 4023 4164
f 522 4023 380
f 522 4166 4023
f 349 4166 522
f 349 3991 4166
f 524 3991 349
f 524 4168 3991
f 348 4168 524
f 348 3992 4168
f 526 3992 348
f 526 4170 3992
f 369 4170 526
f 369 4012 4170
f 527 4012 369
f 527 4171 4012
f 407 4171 527
f 407 4050 4171
f 529 4050 407
f 529 4173 4050
f 406 4173 529
f 406 4051 4173
f 531 4051 406
f 531 4175 4051
f 530 4175 531
f 530 4174 4175
f 533 4174 530
f 533 4177 4174
f 396 4177 533
f 396 4039 4177
f 535 4039 396
f 535 4179 4039
f 534 4179 535
f 534 4178 4179
f 539 4178 534
f 539 4183 4178
f 395 4183 539
f 395 4040 4183
f 542 4040 395
f 542 4185 4040
f 541 4185 542
f 541 4186 4185
f 543 4186 541
f 543 4187 4186
f 540 4187 543
f 540 4184 4187
f 544 4184 540
f 544 4188 4184
f 416 4188 544
f 416 4060 4188
f 547 4060 416
f 547 4190 4060
f 546 4190 547
f 546 4191 4190
f 548 4191 546
f 548 4192 4191
f 545 4192 548
f 545 4189 4192
f 550 4189 545
f 550 4194 4189
f 514 4194 550
f 514 4158 4194
f 552 4158 514
f 552 4196 4158
f 440 4196 552
f 440 4084 4196
f 556 4084 440
f 556 4200 4084
f 553 4200 556
f 553 4199 4200
f 557 4199 553
f 557 4201 4199
f 555 4201 557
f 555 4197 4201
f 559 4197 555
f 559 4203 4197
f 558 4203 559
f 558 4202 4203
f 562 4202 558
f 562 4206 4202
f 554 4206 562
f 554 4198 4206
f 564 4198 554
f 564 4208 4198
f 563 4208 564
f 563 4207 4208
f 566 4207 563
f 566 4210 4207
f 565 4210 566
f 565 4209 4210
f 567 4209 565
f 567 4211 4209
f 487 4211 567
f 487 4129 4211
f 569 4129 487
f 569 4212 4129
f 568 4212 569
f 568 4213 4212
f 570 4213 568
f 570 4214 4213
f 486 4214 570
f 486 4130 4214
f 573 4130 486
f 573 4216 4130
f 572 4216 573
f 572 4217 4216
f 575 4217 572
f 575 4219 4217
f 574 4219 575
f 574 4218 4219
f 579 4218 574
f 579 4222 4218
f 578 4222 579
f 578 4223 4222
f 581 4223 578
f 581 4225 4223
f 580 4225 581
f 580 4224 4225
f 585 4224 580
f 585 4229 4224
f 466 4229 585
f 466 4112 4229
f 587 4112 466
f 587 4231 4112
f 549 4231 587
f 549 4193 4231
f 591 4193 549
f 591 4235 4193
f 586 4235 591
f 586 4230 4235
f 594 4230 586
f 594 4238 4230
f 571 4238 594
f 571 4215 4238
f 596 4215 571
f 596 4240 4215
f 491 4240 596
f 491 4137 4240
f 601 4137 491
f 601 4244 4137
f 600 4244 601
f 600 4245 4244
f 602 4245 600
f 602 4246 4245
f 493 4246 602
f 493 4135 4246
f 604 4135 493
f 604 4247 4135
f 603 4247 604
f 603 4248 4247
f 608 4248 603
f 608 4251 4248
f 607 4251 608
f 607 4252 4251
f 611 4252 607
f 611 4255 4252
f 455 4255 611
f 455 4099 4255
f 612 4099 455
f 612 4256 4099
f 454 4256 612
f 454 4100 4256
f 613 4100 454
f 613 4257 4100
f 429 4257 613
f 429 4075 4257
f 616 4075 429
f 616 4260 4075
f 431 4260 616
f 431 4073 4260
f 618 4073 431
f 618 4262 4073
f 463 4262 618
f 463 4107 4262
f 617 4107 463
f 617 4261 4107
f 621 4261 617
f 621 4265 4261
f 460 4265 621
f 460 4102 4265
f 624 4102 460
f 624 4268 4102
f 479 4268 624
f 479 4123 4268
f 625 4123 479
f 625 4269 4123
f 576 4269 625
f 576 4221 4269
f 632 4221 576
f 632 4276 4221
f 577 4276 632
f 577 4220 4276
f 636 4220 577
f 636 4280 4220
f 512 4280 636
f 512 4155 4280
f 637 4155 512
f 637 4281 4155
f 511 4281 637
f 511 4156 4281
f 641 4156 511
f 641 4285 4156
f 521 4285 641
f 521 4165 4285
f 644 4165 521
f 644 4288 4165
f 517 4288 644
f 517 4163 4288
f 645 4163 517
f 645 4289 4163
f 519 4289 645
f 519 4161 4289
f 649 4161 519
f 649 4292 4161
f 648 4292 649
f 648 4293 4292
f 650 4293 648
f 650 4294 4293
f 532 4294 650
f 532 4176 4294
f 651 4176 532
f 651 4295 4176
f 639 4295 651
f 639 4283 4295
f 652 4283 639
f 652 4296 4283
f 638 4296 652
f 638 4284 4296
f 654 4284 638
f 654 4298 4284
f 640 4298 654
f 640 4282 4298
f 658 4282 640
f 658 4302 4282
f 561 4302 658
f 561 4204 4302
f 662 4204 561
f 662 4306 4204
f 560 4306 662
f 560 4205 4306
f 666 4205 560
f 666 4309 4205
f 665 4309 666
f 665 4310 4309
f 668 4310 665
f 668 4311 4310
f 667 4311 668
f 667 4312 4311
f 670 4312 667
f 670 4314 4312
f 669 4314 670
f 669 4313 4314
f 677 4313 669
f 677 4320 4313
f 676 4320 677
f 676 4321 4320
f 679 4321 676
f 679 4323 4321
f 678 4323 679
f 678 4322 4323
f 681 4322 678
f 681 4324 4322
f 680 4324 681
f 680 4325 4324
f 683 4325 680
f 683 4327 4325
f 682 4327 683
f 682 4326 4327
f 685 4326 682
f 685 4329 4326
f 684 4329 685
f 684 4328 4329
f 688 4328 684
f 688 4332 4328
f 595 4332 688
f 595 4239 4332
f 692 4239 595
f 692 4335 4239
f 691 4335 692
f 691 4336 4335
f 694 4336 691
f 694 4338 4336
f 693 4338 694
f 693 4337 4338
f 696 4337 693
f 696 4340 4337
f 695 4340 696
f 695 4339 4340
f 699 4339 695
f 699 4343 4339
f 697 4343 699
f 697 4342 4343
f 700 4342 697
f 700 4344 4342
f 698 4344 700
f 698 4341 4344
f 701 4341 698
f 701 4345 4341
f 634 4345 701
f 634 4278 4345
f 704 4278 634
f 704 4347 4278
f 703 4347 704
f 703 4348 4347
f 706 4348 703
f 706 4349 4348
f 705 4349 706
f 705 4350 4349
f 707 4350 705
f 707 4351 4350
f 633 4351 707
f 633 4279 4351
f 712 4279 633
f 712 4355 4279
f 711 4355 712
f 711 4356 4355
f 713 4356 711
f 713 4357 4356
f 643 4357 713
f 643 4286 4357
f 718 4286 643
f 718 4361 4286
f 717 4361 718
f 717 4362 4361
f 722 4362 717
f 722 4366 4362
f 672 4366 722
f 672 4315 4366
f 725 4315 672
f 725 4369 4315
f 671 4369 725
f 671 4316 4369
f 730 4316 671
f 730 4373 4316
f 729 4373 730
f 729 4374 4373
f 735 4374 729
f 735 4378 4374
f 734 4378 735
f 734 4379 4378
f 737 4379 734
f 737 4381 4379
f 736 4381 737
f 736 4380 4381
f 739 4380 736
f 739 4383 4380
f 738 4383 739
f 738 4382 4383
f 742 4382 738
f 742 4386 4382
f 702 4386 742
f 702 4346 4386
f 746 4346 702
f 746 4390 4346
f 589 4390 746
f 589 4233 4390
f 748 4233 589
f 748 4391 4233
f 747 4391 748
f 747 4392 4391
f 751 4392 747
f 751 4394 4392
f 750 4394 751
f 750 4395 4394
f 754 4395 750
f 754 4397 4395
f 753 4397 754
f 753 4398 4397
f 647 4398 753
f 647 4290 4398
f 756 4290 647
f 756 4400 4290
f 646 4400 756
f 646 4291 4400
f 759 4291 646
f 759 4403 4291
f 599 4403 759
f 599 4241 4403
f 763 4241 599
f 763 4407 4241
f 598 4407 763
f 598 4242 4407
f 766 4242 598
f 766 4410 4242
f 765 4410 766
f 765 4408 4410
f 768 4408 765
f 768 4412 4408
f 764 4412 768
f 764 4409 4412
f 770 4409 764
f 770 4414 4409
f 614 4414 770
f 614 4259 4414
f 774 4259 614
f 774 4418 4259
f 772 4418 774
f 772 4416 4418
f 776 4416 772
f 776 4420 4416
f 771 4420 776
f 771 4417 4420
f 778 4417 771
f 778 4422 4417
f 773 4422 778
f 773 4415 4422
f 780 4415 773
f 780 4424 4415
f 779 4424 780
f 779 4423 4424
f 782 4423 779
f 782 4426 4423
f 622 4426 782
f 622 4267 4426
f 784 4267 622
f 784 4428 4267
f 783 4428 784
f 783 4427 4428
f 785 4427 783
f 785 4429 4427
f 781 4429 785
f 781 4425 4429
f 788 4425 781
f 788 4432 4425
f 623 4432 788
f 623 4266 4432
f 791 4266 623
f 791 4435 4266
f 790 4435 791
f 790 4433 4435
f 793 4433 790
f 793 4437 4433
f 789 4437 793
f 789 4434 4437
f 796 4434 789
f 796 4440 4434
f 792 4440 796
f 792 4436 4440
f 798 4436 792
f 798 4442 4436
f 709 4442 798
f 709 4353 4442
f 801 4353 709
f 801 4444 4353
f 800 4444 801
f 800 4445 4444
f 804 4445 800
f 804 4447 4445
f 803 4447 804
f 803 4448 4447
f 809 4448 803
f 809 4452 4448
f 808 4452 809
f 808 4453 4452
f 811 4453 808
f 811 4454 4453
f 810 4454 811
f 810 4455 4454
f 813 4455 810
f 813 4457 4455
f 690 4457 813
f 690 4333 4457
f 815 4333 690
f 815 4459 4333
f 814 4459 815
f 814 4458 4459
f 817 4458 814
f 817 4461 4458
f 816 4461 817
f 816 4460 4461
f 818 4460 816
f 818 4462 4460
f 689 4462 818
f 689 4334 4462
f 820 4334 689
f 820 4464 4334
f 819 4464 820
f 819 4463 4464
f 821 4463 819
f 821 4465 4463
f 744 4465 821
f 744 4387 4465
f 822 4387 744
f 822 4466 4387
f 743 4466 822
f 743 4388 4466
f 824 4388 743
f 824 4468 4388
f 823 4468 824
f 823 4467 4468
f 825 4467 823
f 825 4469 4467
f 749 4469 825
f 749 4393 4469
f 828 4393 749
f 828 4472 4393
f 755 4472 828
f 755 4399 4472
f 830 4399 755
f 830 4474 4399
f 769 4474 830
f 769 4413 4474
f 831 4413 769
f 831 4475 4413
f 777 4475 831
f 777 4421 4475
f 833 4421 777
f 833 4477 4421
f 832 4477 833
f 832 4476 4477
f 834 4476 832
f 834 4478 4476
f 799 4478 834
f 799 4443 4478
f 836 4443 799
f 836 4480 4443
f 835 4480 836
f 835 4479 4480
f 837 4479 835
f 837 4481 4479
f 802 4481 837
f 802 4446 4481
f 840 4446 802
f 840 4484 4446
f 786 4484 840
f 786 4431 4484
f 842 4431 786
f 842 4486 4431
f 787 4486 842
f 787 4430 4486
f 844 4430 787
f 844 4488 4430
f 829 4488 844
f 829 4473 4488
f 846 4473 829
f 846 4490 4473
f 267 4490 846
f 267 3913 4490
f 847 3913 267
f 847 4491 3913
f 269 4491 847
f 269 3911 4491
f 848 3911 269
f 848 4492 3911
f 839 4492 848
f 839 4483 4492
f 849 4483 839
f 849 4493 4483
f 843 4493 849
f 843 4487 4493
f 851 4487 843
f 851 4495 4487
f 841 4495 851
f 841 4485 4495
f 853 4485 841
f 853 4497 4485
f 845 4497 853
f 845 4489 4497
f 852 4489 845
f 852 4496 4489
f 850 4496 852
f 850 4494 4496
f 2 4494 850
f 2 3646 4494
f 827 4470 826
f 4471 826 4470
f 806 4450 827
f 4470 827 4450
f 805 4451 806
f 4450 806 4451
f 807 4449 805
f 4451 805 4449
f 812 4456 807
f 4449 807 4456
f 268 3912 812
f 4456 812 3912
f 797 4441 268
f 3912 268 4441
f 794 4439 797
f 4441 797 4439
f 795 4438 794
f 4439 794 4438
f 758 4401 795
f 4438 795 4401
f 757 4402 758
f 4401 758 4402
f 732 4376 757
f 4402 757 4376
f 731 4377 732
f 4376 732 4377
f 733 4375 731
f 4377 731 4375
f 775 4419 733
f 4375 733 4419
f 740 4385 775
f 4419 775 4385
f 741 4384 740
f 4385 740 4384
f 714 4360 741
f 4384 741 4360
f 716 4358 714
f 4360 714 4358
f 715 4359 716
f 4358 716 4359
f 860 4504 715
f 4359 715 4504
f 752 4396 860
f 4504 860 4396
f 863 4507 752
f 4396 752 4507
f 664 4307 863
f 4507 863 4307
f 663 4308 664
f 4307 664 4308
f 659 4305 663
f 4308 663 4305
f 661 4303 659
f 4305 659 4303
f 660 4304 661
f 4303 661 4304
f 687 4330 660
f 4304 660 4330
f 686 4331 687
f 4330 687 4331
f 865 4509 686
f 4331 686 4509
f 724 4367 865
f 4509 865 4367
f 723 4368 724
f 4367 724 4368
f 708 4354 723
f 4368 723 4354
f 867 4512 708
f 4354 708 4512
f 868 4511 867
f 4512 867 4511
f 870 4514 868
f 4511 868 4514
f 710 4352 870
f 4514 870 4352
f 871 4515 710
f 4352 710 4515
f 619 4264 871
f 4515 871 4264
f 620 4263 619
f 4264 619 4263
f 615 4258 620
f 4263 620 4258
f 874 4518 615
f 4258 615 4518
f 597 4243 874
f 4518 874 4243
f 610 4253 597
f 4243 597 4253
f 609 4254 610
f 4253 610 4254
f 876 4520 609
f 4254 609 4520
f 879 4523 876
f 4520 876 4523
f 588 4234 879
f 4523 879 4234
f 866 4510 588
f 4234 588 4510
f 590 4232 866
f 4510 866 4232
f 869 4513 590
f 4232 590 4513
f 864 4508 869
f 4513 869 4508
f 873 4517 864
f 4508 864 4517
f 627 4271 873
f 4517 873 4271
f 626 4272 627
f 4271 627 4272
f 628 4270 626
f 4272 626 4270
f 875 4519 628
f 4270 628 4519
f 642 4287 875
f 4519 875 4287
f 877 4521 642
f 4287 642 4521
f 872 4516 877
f 4521 877 4516
f 878 4522 872
f 4516 872 4522
f 635 4277 878
f 4522 878 4277
f 880 4524 635
f 4277 635 4524
f 583 4227 880
f 4524 880 4227
f 582 4228 583
f 4227 583 4228
f 584 4226 582
f 4228 582 4226
f 593 4236 584
f 4226 584 4236
f 592 4237 593
f 4236 593 4237
f 606 4249 592
f 4237 592 4249
f 605 4250 606
f 4249 606 4250
f 861 4506 605
f 4250 605 4506
f 862 4505 861
f 4506 861 4505
f 886 4530 862
f 4505 862 4530
f 536 4182 886
f 4530 886 4182
f 538 4180 536
f 4182 536 4180
f 537 4181 538
f 4180 538 4181
f 887 4531 537
f 4181 537 4531
f 882 4526 887
f 4531 887 4526
f 888 4532 882
f 4526 882 4532
f 528 4172 888
f 4532 888 4172
f 889 4533 528
f 4172 528 4533
f 518 4162 889
f 4533 889 4162
f 891 4535 518
f 4162 518 4535
f 496 4140 891
f 4535 891 4140
f 495 4141 496
f 4140 496 4141
f 497 4139 495
f 4141 495 4139
f 893 4537 497
f 4139 497 4537
f 459 4103 893
f 4537 893 4103
f 458 4104 459
f 4103 459 4104
f 897 4541 458
f 4104 458 4541
f 430 4074 897
f 4541 897 4074
f 551 4195 430
f 4074 430 4195
f 456 4098 551
f 4195 551 4098
f 885 4529 456
f 4098 456 4529
f 492 4136 885
f 4529 885 4136
f 523 4167 492
f 4136 492 4167
f 515 4159 523
f 4167 523 4159
f 890 4534 515
f 4159 515 4534
f 881 4525 890
f 4534 890 4525
f 892 4536 881
f 4525 881 4536
f 468 4110 892
f 4536 892 4110
f 525 4169 468
f 4110 468 4169
f 467 4111 525
f 4169 525 4111
f 502 4147 467
f 4111 467 4147
f 503 4146 502
f 4147 502 4146
f 896 4540 503
f 4146 503 4540
f 485 4131 896
f 4540 896 4131
f 898 4542 485
f 4131 485 4542
f 894 4538 898
f 4542 898 4538
f 899 4543 894
f 4538 894 4543
f 895 4539 899
f 4543 899 4539
f 900 4544 895
f 4539 895 4544
f 884 4527 900
f 4544 900 4527
f 883 4528 884
f 4527 884 4528
f 439 4085 883
f 4528 883 4085
f 901 4545 439
f 4085 439 4545
f 441 4083 901
f 4545 901 4083
f 902 4546 441
f 4083 441 4546
f 427 4071 902
f 4546 902 4071
f 903 4547 427
f 4071 427 4547
f 399 4042 903
f 4547 903 4042
f 398 4043 399
f 4042 399 4043
f 391 4034 398
f 4043 398 4034
f 390 4035 391
f 4034 391 4035
f 387 4031 390
f 4035 390 4031
f 386 4032 387
f 4031 387 4032
f 388 4030 386
f 4032 386 4030
f 907 4551 388
f 4030 388 4551
f 368 4013 907
f 4551 907 4013
f 908 4552 368
f 4013 368 4552
f 347 3993 908
f 4552 908 3993
f 909 4553 347
f 3993 347 4553
f 351 3996 909
f 4553 909 3996
f 352 3995 351
f 3996 351 3995
f 334 3980 352
f 3995 352 3980
f 331 3975 334
f 3980 334 3975
f 443 4087 331
f 3975 331 4087
f 330 3976 443
f 4087 443 3976
f 905 4549 330
f 3976 330 4549
f 419 4062 905
f 4549 905 4062
f 418 4063 419
f 4062 419 4063
f 279 3923 418
f 4063 418 3923
f 906 4550 279
f 3923 279 4550
f 377 4020 906
f 4550 906 4020
f 910 4554 377
f 4020 377 4554
f 376 4021 910
f 4554 910 4021
f 911 4555 376
f 4021 376 4555
f 403 4045 911
f 4555 911 4045
f 912 4556 403
f 4045 403 4556
f 402 4046 912
f 4556 912 4046
f 913 4557 402
f 4046 402 4557
f 401 4047 913
f 4557 913 4047
f 904 4548 401
f 4047 401 4548
f 311 3957 904
f 4548 904 3957
f 313 3955 311
f 3957 311 3955
f 312 3956 313
f 3955 313 3956
f 915 4559 312
f 3956 312 4559
f 275 3919 915
f 4559 915 3919
f 274 3920 275
f 3919 275 3920
f 276 3918 274
f 3920 274 3918
f 292 3935 276
f 3918 276 3935
f 291 3936 292
f 3935 292 3936
f 917 4561 291
f 3936 291 4561
f 364 4007 917
f 4561 917 4007
f 918 4562 364
f 4007 364 4562
f 284 3928 918
f 4562 918 3928
f 919 4563 284
f 3928 284 4563
f 916 4560 919
f 4563 919 4560
f 920 4564 916
f 4560 916 4564
f 259 3901 920
f 4564 920 3901
f 258 3902 259
f 3901 259 3902
f 257 3903 258
f 3902 258 3903
f 921 4565 257
f 3903 257 4565
f 256 3900 921
f 4565 921 3900
f 923 4567 256
f 3900 256 4567
f 254 3898 923
f 4567 923 3898
f 924 4568 254
f 3898 254 4568
f 914 4558 924
f 4568 924 4558
f 249 3891 914
f 4558 914 3891
f 248 3892 249
f 3891 249 3892
f 247 3893 248
f 3892 248 3893
f 922 4566 247
f 3893 247 4566
f 306 3950 922
f 4566 922 3950
f 925 4569 306
f 3950 306 4569
f 305 3951 925
f 4569 925 3951
f 926 4570 305
f 3951 305 4570
f 251 3894 926
f 4570 926 3894
f 250 3895 251
f 3894 251 3895
f 195 3841 250
f 3895 250 3841
f 197 3839 195
f 3841 195 3839
f 196 3840 197
f 3839 197 3840
f 928 4572 196
f 3840 196 4572
f 201 3845 928
f 4572 928 3845
f 929 4573 201
f 3845 201 4573
f 200 3846 929
f 4573 929 3846
f 930 4574 200
f 3846 200 4574
f 243 3886 930
f 4574 930 3886
f 931 4575 243
f 3886 243 4575
f 242 3887 931
f 4575 931 3887
f 933 4577 242
f 3887 242 4577
f 932 4576 933
f 4577 933 4576
f 937 4581 932
f 4576 932 4581
f 934 4578 937
f 4581 937 4578
f 938 4582 934
f 4578 934 4582
f 935 4579 938
f 4582 938 4579
f 940 4584 935
f 4579 935 4584
f 936 4580 940
f 4584 940 4580
f 939 4583 936
f 4580 936 4583
f 206 3850 939
f 4583 939 3850
f 943 4587 206
f 3850 206 4587
f 205 3851 943
f 4587 943 3851
f 945 4589 205
f 3851 205 4589
f 941 4585 945
f 4589 945 4585
f 946 4590 941
f 4585 941 4590
f 942 4586 946
f 4590 946 4586
f 947 4591 942
f 4586 942 4591
f 944 4588 947
f 4591 947 4588
f 951 4595 944
f 4588 944 4595
f 950 4592 951
f 4595 951 4592
f 952 4596 950
f 4592 950 4596
f 949 4593 952
f 4596 952 4593
f 953 4597 949
f 4593 949 4597
f 948 4594 953
f 4597 953 4594
f 955 4599 948
f 4594 948 4599
f 954 4598 955
f 4599 955 4598
f 957 4601 954
f 4598 954 4601
f 956 4600 957
f 4601 957 4600
f 959 4602 956
f 4600 956 4602
f 958 4603 959
f 4602 959 4603
f 961 4604 958
f 4603 958 4604
f 960 4605 961
f 4604 961 4605
f 962 4606 960
f 4605 960 4606
f 10 3654 962
f 4606 962 3654
f 963 4607 10
f 3654 10 4607
f 9 3655 963
f 4607 963 3655
f 966 4610 9
f 3655 9 4610
f 964 4608 966
f 4610 966 4608
f 969 4612 964
f 4608 964 4612
f 968 4613 969
f 4612 969 4613
f 971 4614 968
f 4613 968 4614
f 970 4615 971
f 4614 971 4615
f 973 4616 970
f 4615 970 4616
f 972 4617 973
f 4616 973 4617
f 975 4618 972
f 4617 972 4618
f 974 4619 975
f 4618 975 4619
f 977 4620 974
f 4619 974 4620
f 976 4621 977
f 4620 977 4621
f 979 4622 976
f 4621 976 4622
f 978 4623 979
f 4622 979 4623
f 981 4624 978
f 4623 978 4624
f 980 4625 981
f 4624 981 4625
f 965 4609 980
f 4625 980 4609
f 189 3831 965
f 4609 965 3831
f 252 3896 189
f 3831 189 3896
f 264 3908 252
f 3896 252 3908
f 185 3827 264
f 3908 264 3827
f 184 3828 185
f 3827 185 3828
f 183 3829 184
f 3828 184 3829
f 982 4626 183
f 3829 183 4626
f 173 3815 982
f 4626 982 3815
f 172 3816 173
f 3815 173 3816
f 171 3817 172
f 3816 172 3817
f 983 4627 171
f 3817 171 4627
f 65 3709 983
f 4627 983 3709
f 984 4628 65
f 3709 65 4628
f 64 3710 984
f 4628 984 3710
f 75 3720 64
f 3710 64 3720
f 76 3719 75
f 3720 75 3719
f 986 4630 76
f 3719 76 4630
f 156 3801 986
f 4630 986 3801
f 927 4571 156
f 3801 156 4571
f 138 3784 927
f 4571 927 3784
f 987 4631 138
f 3784 138 4631
f 140 3782 987
f 4631 987 3782
f 989 4633 140
f 3782 140 4633
f 985 4629 989
f 4633 989 4629
f 988 4632 985
f 4629 985 4632
f 131 3776 988
f 4632 988 3776
f 990 4634 131
f 3776 131 4634
f 111 3757 990
f 4634 990 3757
f 991 4635 111
f 3757 111 4635
f 113 3755 991
f 4635 991 3755
f 993 4637 113
f 3755 113 4637
f 112 3756 993
f 4637 993 3756
f 994 4638 112
f 3756 112 4638
f 81 3725 994
f 4638 994 3725
f 80 3726 81
f 3725 81 3726
f 82 3724 80
f 3726 80 3724
f 995 4639 82
f 3724 82 4639
f 98 3740 995
f 4639 995 3740
f 996 4640 98
f 3740 98 4640
f 97 3741 996
f 4640 996 3741
f 998 4642 97
f 3741 97 4642
f 992 4636 998
f 4642 998 4636
f 999 4643 992
f 4636 992 4643
f 87 3729 999
f 4643 999 3729
f 1000 4644 87
f 3729 87 4644
f 44 3686 1000
f 4644 1000 3686
f 43 3687 44
f 3686 44 3687
f 42 3688 43
f 3687 43 3688
f 1001 4645 42
f 3688 42 4645
f 997 4641 1001
f 4645 1001 4641
f 1002 4646 997
f 4641 997 4646
f 51 3693 1002
f 4646 1002 3693
f 50 3694 51
f 3693 51 3694
f 49 3695 50
f 3694 50 3695
f 60 3703 49
f 3695 49 3703
f 59 3704 60
f 3703 60 3704
f 1005 4649 59
f 3704 59 4649
f 1003 4647 1005
f 4649 1005 4647
f 1007 4651 1003
f 4647 1003 4651
f 1004 4648 1007
f 4651 1007 4648
f 1008 4652 1004
f 4648 1004 4652
f 180 3824 1008
f 4652 1008 3824
f 1009 4653 180
f 3824 180 4653
f 1006 4650 1009
f 4653 1009 4650
f 1010 4654 1006
f 4650 1006 4654
f 23 3667 1010
f 4654 1010 3667
f 1011 4655 23
f 3667 23 4655
f 29 3675 1011
f 4655 1011 3675
f 1012 4656 29
f 3675 29 4656
f 4 3649 1012
f 4656 1012 3649
f 826 4471 4
f 3649 4 4471
f 233 3877 231
f 233 3875 3877
f 1020 3875 233
f 1020 4663 3875
f 1019 4663 1020
f 1019 4664 4663
f 1024 4664 1019
f 1024 4667 4664
f 1023 4667 1024
f 1023 4668 4667
f 1878 4668 1023
f 1878 5522 4668
f 1037 5522 1878
f 1037 4683 5522
f 1039 4683 1037
f 1039 4681 4683
f 1038 4681 1039
f 1038 4682 4681
f 1044 4682 1038
f 1044 4687 4682
f 1043 4687 1044
f 1043 4688 4687
f 1049 4688 1043
f 1049 4692 4688
f 1048 4692 1049
f 1048 4693 4692
f 1054 4693 1048
f 1054 4697 4693
f 1053 4697 1054
f 1053 4698 4697
f 1059 4698 1053
f 1059 4702 4698
f 1058 4702 1059
f 1058 4703 4702
f 1063 4703 1058
f 1063 4706 4703
f 1062 4706 1063
f 1062 4707 4706
f 1065 4707 1062
f 1065 4708 4707
f 1064 4708 1065
f 1064 4709 4708
f 1068 4709 1064
f 1068 4711 4709
f 1067 4711 1068
f 1067 4712 4711
f 1071 4712 1067
f 1071 4714 4712
f 1070 4714 1071
f 1070 4715 4714
f 1072 4715 1070
f 1072 4716 4715
f 210 4716 1072
f 210 3852 4716
f 1076 3852 210
f 1076 4720 3852
f 237 4720 1076
f 237 3881 4720
f 1079 3881 237
f 1079 4723 3881
f 239 4723 1079
f 239 3885 4723
f 1082 3885 239
f 1082 4726 3885
f 1069 4726 1082
f 1069 4713 4726
f 1084 4713 1069
f 1084 4728 4713
f 241 4728 1084
f 241 3883 4728
f 1086 3883 241
f 1086 4730 3883
f 1060 4730 1086
f 1060 4705 4730
f 1088 4705 1060
f 1088 4732 4705
f 1061 4732 1088
f 1061 4704 4732
f 1089 4704 1061
f 1089 4733 4704
f 1022 4733 1089
f 1022 4665 4733
f 1093 4665 1022
f 1093 4737 4665
f 1066 4737 1093
f 1066 4710 4737
f 1094 4710 1066
f 1094 4738 4710
f 1083 4738 1094
f 1083 4727 4738
f 1096 4727 1083
f 1096 4740 4727
f 1087 4740 1096
f 1087 4731 4740
f 1098 4731 1087
f 1098 4742 4731
f 1075 4742 1098
f 1075 4717 4742
f 1099 4717 1075
f 1099 4743 4717
f 1095 4743 1099
f 1095 4739 4743
f 1100 4739 1095
f 1100 4744 4739
f 1097 4744 1100
f 1097 4741 4744
f 1101 4741 1097
f 1101 4745 4741
f 1074 4745 1101
f 1074 4718 4745
f 1103 4718 1074
f 1103 4747 4718
f 1085 4747 1103
f 1085 4729 4747
f 1104 4729 1085
f 1104 4748 4729
f 1081 4748 1104
f 1081 4724 4748
f 1105 4724 1081
f 1105 4749 4724
f 1080 4749 1105
f 1080 4725 4749
f 1107 4725 1080
f 1107 4751 4725
f 1090 4751 1107
f 1090 4736 4751
f 1109 4736 1090
f 1109 4753 4736
f 1102 4753 1109
f 1102 4746 4753
f 1111 4746 1102
f 1111 4755 4746
f 1092 4755 1111
f 1092 4734 4755
f 1113 4734 1092
f 1113 4757 4734
f 1108 4757 1113
f 1108 4752 4757
f 1114 4752 1108
f 1114 4758 4752
f 1056 4758 1114
f 1056 4700 4758
f 1116 4700 1056
f 1116 4760 4700
f 1055 4760 1116
f 1055 4701 4760
f 1117 4701 1055
f 1117 4761 4701
f 1106 4761 1117
f 1106 4750 4761
f 1118 4750 1106
f 1118 4762 4750
f 1110 4762 1118
f 1110 4754 4762
f 1125 4754 1110
f 1125 4769 4754
f 1112 4769 1125
f 1112 4756 4769
f 1130 4756 1112
f 1130 4774 4756
f 1051 4774 1130
f 1051 4695 4774
f 1134 4695 1051
f 1134 4778 4695
f 1050 4778 1134
f 1050 4696 4778
f 1052 4696 1050
f 1052 4694 4696
f 1133 4694 1052
f 1133 4777 4694
f 1047 4777 1133
f 1047 4689 4777
f 1141 4689 1047
f 1141 4785 4689
f 1046 4785 1141
f 1046 4690 4785
f 1147 4690 1046
f 1147 4792 4690
f 1148 4792 1147
f 1148 4791 4792
f 1156 4791 1148
f 1156 4799 4791
f 1155 4799 1156
f 1155 4800 4799
f 1162 4800 1155
f 1162 4805 4800
f 1161 4805 1162
f 1161 4806 4805
f 1167 4806 1161
f 1167 4810 4806
f 1166 4810 1167
f 1166 4811 4810
f 1171 4811 1166
f 1171 4814 4811
f 1170 4814 1171
f 1170 4815 4814
f 1176 4815 1170
f 1176 4820 4815
f 1138 4820 1176
f 1138 4783 4820
f 1179 4783 1138
f 1179 4823 4783
f 1168 4823 1179
f 1168 4812 4823
f 1183 4812 1168
f 1183 4827 4812
f 1126 4827 1183
f 1126 4770 4827
f 1189 4770 1126
f 1189 4833 4770
f 1042 4833 1189
f 1042 4684 4833
f 1190 4684 1042
f 1190 4834 4684
f 1041 4834 1190
f 1041 4685 4834
f 1193 4685 1041
f 1193 4837 4685
f 1040 4837 1193
f 1040 4686 4837
f 1198 4686 1040
f 1198 4842 4686
f 1152 4842 1198
f 1152 4795 4842
f 1201 4795 1152
f 1201 4845 4795
f 1185 4845 1201
f 1185 4828 4845
f 1203 4828 1185
f 1203 4847 4828
f 1184 4847 1203
f 1184 4829 4847
f 1205 4829 1184
f 1205 4849 4829
f 1200 4849 1205
f 1200 4843 4849
f 1207 4843 1200
f 1207 4851 4843
f 1199 4851 1207
f 1199 4844 4851
f 1208 4844 1199
f 1208 4852 4844
f 1164 4852 1208
f 1164 4807 4852
f 1212 4807 1164
f 1212 4856 4807
f 1204 4856 1212
f 1204 4848 4856
f 1214 4848 1204
f 1214 4858 4848
f 1202 4858 1214
f 1202 4846 4858
f 1216 4846 1202
f 1216 4860 4846
f 1158 4860 1216
f 1158 4802 4860
f 1218 4802 1158
f 1218 4862 4802
f 1157 4862 1218
f 1157 4803 4862
f 1220 4803 1157
f 1220 4864 4803
f 1215 4864 1220
f 1215 4859 4864
f 1222 4859 1215
f 1222 4866 4859
f 1213 4866 1222
f 1213 4857 4866
f 1226 4857 1213
f 1226 4870 4857
f 225 4870 1226
f 225 3867 4870
f 1227 3867 225
f 1227 4871 3867
f 224 4871 1227
f 224 3868 4871
f 1229 3868 224
f 1229 4873 3868
f 1217 4873 1229
f 1217 4861 4873
f 1231 4861 1217
f 1231 4875 4861
f 1219 4875 1231
f 1219 4863 4875
f 1235 4863 1219
f 1235 4879 4863
f 1191 4879 1235
f 1191 4836 4879
f 1237 4836 1191
f 1237 4881 4836
f 1228 4881 1237
f 1228 4872 4881
f 1241 4872 1228
f 1241 4885 4872
f 1230 4885 1241
f 1230 4874 4885
f 1244 4874 1230
f 1244 4888 4874
f 1192 4888 1244
f 1192 4835 4888
f 1247 4835 1192
f 1247 4891 4835
f 1236 4891 1247
f 1236 4880 4891
f 1254 4880 1236
f 1254 4898 4880
f 1197 4898 1254
f 1197 4841 4898
f 1257 4841 1197
f 1257 4901 4841
f 1243 4901 1257
f 1243 4886 4901
f 1263 4886 1243
f 1263 4907 4886
f 1242 4907 1263
f 1242 4887 4907
f 1266 4887 1242
f 1266 4909 4887
f 1265 4909 1266
f 1265 4910 4909
f 1268 4910 1265
f 1268 4912 4910
f 1211 4912 1268
f 1211 4853 4912
f 1272 4853 1211
f 1272 4916 4853
f 1210 4916 1272
f 1210 4854 4916
f 1279 4854 1210
f 1279 4923 4854
f 1221 4923 1279
f 1221 4865 4923
f 1286 4865 1221
f 1286 4929 4865
f 1285 4929 1286
f 1285 4930 4929
f 1289 4930 1285
f 1289 4932 4930
f 1288 4932 1289
f 1288 4933 4932
f 1293 4933 1288
f 1293 4936 4933
f 1292 4936 1293
f 1292 4937 4936
f 1298 4937 1292
f 1298 4942 4937
f 1256 4942 1298
f 1256 4899 4942
f 1287 4899 1256
f 1287 4931 4899
f 1303 4931 1287
f 1303 4947 4931
f 1255 4947 1303
f 1255 4900 4947
f 1297 4900 1255
f 1297 4941 4900
f 1223 4941 1297
f 1223 4869 4941
f 1308 4869 1223
f 1308 4951 4869
f 1307 4951 1308
f 1307 4952 4951
f 1316 4952 1307
f 1316 4960 4952
f 1232 4960 1316
f 1232 4878 4960
f 1322 4878 1232
f 1322 4966 4878
f 1234 4966 1322
f 1234 4876 4966
f 1325 4876 1234
f 1325 4970 4876
f 1326 4970 1325
f 1326 4969 4970
f 1330 4969 1326
f 1330 4975 4969
f 1331 4975 1330
f 1331 4974 4975
f 1334 4974 1331
f 1334 4978 4974
f 1238 4978 1334
f 1238 4884 4978
f 1337 4884 1238
f 1337 4981 4884
f 1240 4981 1337
f 1240 4882 4981
f 1339 4882 1240
f 1339 4984 4882
f 1340 4984 1339
f 1340 4983 4984
f 1347 4983 1340
f 1347 4991 4983
f 1253 4991 1347
f 1253 4895 4991
f 1350 4895 1253
f 1350 4994 4895
f 1341 4994 1350
f 1341 4985 4994
f 1354 4985 1341
f 1354 4998 4985
f 1252 4998 1354
f 1252 4896 4998
f 1359 4896 1252
f 1359 5003 4896
f 245 5003 1359
f 245 3889 5003
f 244 3889 245
f 244 3890 3889
f 246 3890 244
f 246 3888 3890
f 1363 3888 246
f 1363 5007 3888
f 1260 5007 1363
f 1260 4906 5007
f 1368 4906 1260
f 1368 5012 4906
f 1367 5012 1368
f 1367 5011 5012
f 1372 5011 1367
f 1372 5016 5011
f 1362 5016 1372
f 1362 5006 5016
f 1376 5006 1362
f 1376 5020 5006
f 1262 5020 1376
f 1262 4904 5020
f 1378 4904 1262
f 1378 5022 4904
f 1270 5022 1378
f 1270 4914 5022
f 1379 4914 1270
f 1379 5023 4914
f 1269 5023 1379
f 1269 4915 5023
f 1382 4915 1269
f 1382 5026 4915
f 1284 5026 1382
f 1284 4927 5026
f 1387 4927 1284
f 1387 5031 4927
f 1311 5031 1387
f 1311 4955 5031
f 1392 4955 1311
f 1392 5036 4955
f 1380 5036 1392
f 1380 5025 5036
f 1395 5025 1380
f 1395 5039 5025
f 1386 5039 1395
f 1386 5030 5039
f 1399 5030 1386
f 1399 5043 5030
f 1381 5043 1399
f 1381 5024 5043
f 1404 5024 1381
f 1404 5048 5024
f 1398 5048 1404
f 1398 5042 5048
f 1411 5042 1398
f 1411 5055 5042
f 1403 5055 1411
f 1403 5047 5055
f 1413 5047 1403
f 1413 5057 5047
f 1391 5057 1413
f 1391 5035 5057
f 1417 5035 1391
f 1417 5061 5035
f 1355 5061 1417
f 1355 4999 5061
f 1421 4999 1355
f 1421 5065 4999
f 1418 5065 1421
f 1418 5062 5065
f 1422 5062 1418
f 1422 5066 5062
f 1321 5066 1422
f 1321 4964 5066
f 1426 4964 1321
f 1426 5070 4964
f 1320 5070 1426
f 1320 4965 5070
f 1432 4965 1320
f 1432 5076 4965
f 1328 5076 1432
f 1328 4973 5076
f 1438 4973 1328
f 1438 5082 4973
f 1412 5082 1438
f 1412 5056 5082
f 1443 5056 1412
f 1443 5087 5056
f 1428 5087 1443
f 1428 5072 5087
f 1444 5072 1428
f 1444 5088 5072
f 1427 5088 1444
f 1427 5073 5088
f 1450 5073 1427
f 1450 5094 5073
f 1429 5094 1450
f 1429 5071 5094
f 1454 5071 1429
f 1454 5098 5071
f 1342 5098 1454
f 1342 4987 5098
f 1458 4987 1342
f 1458 5102 4987
f 1343 5102 1458
f 1343 4986 5102
f 1465 4986 1343
f 1465 5108 4986
f 1464 5108 1465
f 1464 5109 5108
f 1469 5109 1464
f 1469 5113 5109
f 1456 5113 1469
f 1456 5100 5113
f 1476 5100 1456
f 1476 5120 5100
f 1455 5120 1476
f 1455 5101 5120
f 1479 5101 1455
f 1479 5123 5101
f 1457 5123 1479
f 1457 5099 5123
f 1485 5099 1457
f 1485 5128 5099
f 1484 5128 1485
f 1484 5129 5128
f 1491 5129 1484
f 1491 5135 5129
f 1371 5135 1491
f 1371 5013 5135
f 1495 5013 1371
f 1495 5139 5013
f 1370 5139 1495
f 1370 5014 5139
f 1480 5014 1370
f 1480 5124 5014
f 1501 5124 1480
f 1501 5145 5124
f 1034 5145 1501
f 1034 4680 5145
f 1036 4680 1034
f 1036 4678 4680
f 1035 4678 1036
f 1035 4679 4678
f 1503 4679 1035
f 1503 5146 4679
f 1502 5146 1503
f 1502 5147 5146
f 1510 5147 1502
f 1510 5153 5147
f 1509 5153 1510
f 1509 5154 5153
f 1515 5154 1509
f 1515 5158 5154
f 1514 5158 1515
f 1514 5159 5158
f 1519 5159 1514
f 1519 5162 5159
f 1518 5162 1519
f 1518 5163 5162
f 1520 5163 1518
f 1520 5164 5163
f 1374 5164 1520
f 1374 5018 5164
f 1522 5018 1374
f 1522 5166 5018
f 1373 5166 1522
f 1373 5019 5166
f 1524 5019 1373
f 1524 5168 5019
f 1521 5168 1524
f 1521 5165 5168
f 1525 5165 1521
f 1525 5169 5165
f 1439 5169 1525
f 1439 5083 5169
f 1528 5083 1439
f 1528 5172 5083
f 1527 5172 1528
f 1527 5170 5172
f 1532 5170 1527
f 1532 5176 5170
f 1526 5176 1532
f 1526 5171 5176
f 1536 5171 1526
f 1536 5179 5171
f 1535 5179 1536
f 1535 5180 5179
f 1539 5180 1535
f 1539 5183 5180
f 1424 5183 1539
f 1424 5069 5183
f 1541 5069 1424
f 1541 5185 5069
f 1425 5185 1541
f 1425 5068 5185
f 1542 5068 1425
f 1542 5186 5068
f 1540 5186 1542
f 1540 5184 5186
f 1545 5184 1540
f 1545 5189 5184
f 1416 5189 1545
f 1416 5058 5189
f 1549 5058 1416
f 1549 5192 5058
f 1548 5192 1549
f 1548 5193 5192
f 1551 5193 1548
f 1551 5195 5193
f 1550 5195 1551
f 1550 5194 5195
f 1553 5194 1550
f 1553 5197 5194
f 1351 5197 1553
f 1351 4997 5197
f 1555 4997 1351
f 1555 5199 4997
f 1554 5199 1555
f 1554 5198 5199
f 1557 5198 1554
f 1557 5201 5198
f 1552 5201 1557
f 1552 5196 5201
f 1559 5196 1552
f 1559 5203 5196
f 1353 5203 1559
f 1353 4995 5203
f 1562 4995 1353
f 1562 5206 4995
f 1423 5206 1562
f 1423 5067 5206
f 1563 5067 1423
f 1563 5207 5067
f 1558 5207 1563
f 1558 5202 5207
f 1565 5202 1558
f 1565 5209 5202
f 1534 5209 1565
f 1534 5177 5209
f 1566 5177 1534
f 1566 5210 5177
f 1533 5210 1566
f 1533 5178 5210
f 1568 5178 1533
f 1568 5212 5178
f 1466 5212 1568
f 1466 5110 5212
f 1569 5110 1466
f 1569 5213 5110
f 1567 5213 1569
f 1567 5211 5213
f 1572 5211 1567
f 1572 5216 5211
f 1507 5216 1572
f 1507 5152 5216
f 1575 5152 1507
f 1575 5219 5152
f 1574 5219 1575
f 1574 5217 5219
f 1578 5217 1574
f 1578 5222 5217
f 1573 5222 1578
f 1573 5218 5222
f 1582 5218 1573
f 1582 5226 5218
f 1445 5226 1582
f 1445 5090 5226
f 1584 5090 1445
f 1584 5228 5090
f 1581 5228 1584
f 1581 5224 5228
f 1586 5224 1581
f 1586 5230 5224
f 1580 5230 1586
f 1580 5225 5230
f 1590 5225 1580
f 1590 5234 5225
f 1585 5234 1590
f 1585 5229 5234
f 1594 5229 1585
f 1594 5238 5229
f 1543 5238 1594
f 1543 5188 5238
f 1595 5188 1543
f 1595 5239 5188
f 1544 5239 1595
f 1544 5187 5239
f 1596 5187 1544
f 1596 5241 5187
f 1597 5241 1596
f 1597 5240 5241
f 1601 5240 1597
f 1601 5245 5240
f 1556 5245 1601
f 1556 5200 5245
f 1603 5200 1556
f 1603 5248 5200
f 1604 5248 1603
f 1604 5247 5248
f 1605 5247 1604
f 1605 5250 5247
f 1606 5250 1605
f 1606 5249 5250
f 1608 5249 1606
f 1608 5252 5249
f 1478 5252 1608
f 1478 5121 5252
f 1609 5121 1478
f 1609 5253 5121
f 1607 5253 1609
f 1607 5251 5253
f 1583 5251 1607
f 1583 5227 5251
f 1611 5227 1583
f 1611 5254 5227
f 1610 5254 1611
f 1610 5255 5254
f 1612 5255 1610
f 1612 5256 5255
f 1025 5256 1612
f 1025 4671 5256
f 1619 4671 1025
f 1619 5263 4671
f 1616 5263 1619
f 1616 5260 5263
f 1621 5260 1616
f 1621 5265 5260
f 1027 5265 1621
f 1027 4669 5265
f 1622 4669 1027
f 1622 5266 4669
f 1496 5266 1622
f 1496 5141 5266
f 1625 5141 1496
f 1625 5269 5141
f 1618 5269 1625
f 1618 5262 5269
f 1629 5262 1618
f 1629 5273 5262
f 1497 5273 1629
f 1497 5140 5273
f 1631 5140 1497
f 1631 5275 5140
f 1627 5275 1631
f 1627 5271 5275
f 1633 5271 1627
f 1633 5277 5271
f 1630 5277 1633
f 1630 5274 5277
f 1637 5274 1630
f 1637 5281 5274
f 1626 5281 1637
f 1626 5272 5281
f 1638 5272 1626
f 1638 5282 5272
f 1628 5282 1638
f 1628 5270 5282
f 1641 5270 1628
f 1641 5284 5270
f 1640 5284 1641
f 1640 5285 5284
f 1644 5285 1640
f 1644 5288 5285
f 1513 5288 1644
f 1513 5155 5288
f 1645 5155 1513
f 1645 5289 5155
f 1643 5289 1645
f 1643 5286 5289
f 1647 5286 1643
f 1647 5291 5286
f 1642 5291 1647
f 1642 5287 5291
f 1648 5287 1642
f 1648 5292 5287
f 1561 5292 1648
f 1561 5204 5292
f 1650 5204 1561
f 1650 5294 5204
f 1560 5294 1650
f 1560 5205 5294
f 1654 5205 1560
f 1654 5298 5205
f 1577 5298 1654
f 1577 5220 5298
f 1656 5220 1577
f 1656 5300 5220
f 1649 5300 1656
f 1649 5293 5300
f 1657 5293 1649
f 1657 5301 5293
f 1655 5301 1657
f 1655 5299 5301
f 1660 5299 1655
f 1660 5304 5299
f 1579 5304 1660
f 1579 5223 5304
f 1662 5223 1579
f 1662 5306 5223
f 1659 5306 1662
f 1659 5302 5306
f 1666 5302 1659
f 1666 5310 5302
f 1661 5310 1666
f 1661 5305 5310
f 1670 5305 1661
f 1670 5314 5305
f 1658 5314 1670
f 1658 5303 5314
f 1668 5303 1658
f 1668 5311 5303
f 1667 5311 1668
f 1667 5312 5311
f 1673 5312 1667
f 1673 5317 5312
f 1672 5317 1673
f 1672 5315 5317
f 1671 5315 1672
f 1671 5316 5315
f 1669 5316 1671
f 1669 5313 5316
f 1678 5313 1669
f 1678 5322 5313
f 1613 5322 1678
f 1613 5259 5322
f 1682 5259 1613
f 1682 5326 5259
f 1674 5326 1682
f 1674 5318 5326
f 1684 5318 1674
f 1684 5328 5318
f 1632 5328 1684
f 1632 5276 5328
f 1685 5276 1632
f 1685 5329 5276
f 1683 5329 1685
f 1683 5327 5329
f 1687 5327 1683
f 1687 5331 5327
f 1646 5331 1687
f 1646 5290 5331
f 1689 5290 1646
f 1689 5333 5290
f 1688 5333 1689
f 1688 5332 5333
f 1691 5332 1688
f 1691 5335 5332
f 1690 5335 1691
f 1690 5334 5335
f 1695 5334 1690
f 1695 5339 5334
f 1686 5339 1695
f 1686 5330 5339
f 1692 5330 1686
f 1692 5336 5330
f 1636 5336 1692
f 1636 5278 5336
f 1698 5278 1636
f 1698 5342 5278
f 1635 5342 1698
f 1635 5279 5342
f 1700 5279 1635
f 1700 5344 5279
f 1697 5344 1700
f 1697 5340 5344
f 1703 5340 1697
f 1703 5347 5340
f 1696 5347 1703
f 1696 5341 5347
f 1708 5341 1696
f 1708 5351 5341
f 1707 5351 1708
f 1707 5352 5351
f 1712 5352 1707
f 1712 5355 5352
f 1711 5355 1712
f 1711 5356 5355
f 1715 5356 1711
f 1715 5358 5356
f 1714 5358 1715
f 1714 5359 5358
f 1722 5359 1714
f 1722 5365 5359
f 1721 5365 1722
f 1721 5366 5365
f 1726 5366 1721
f 1726 5370 5366
f 1724 5370 1726
f 1724 5368 5370
f 1723 5368 1724
f 1723 5369 5368
f 1728 5369 1723
f 1728 5372 5369
f 1725 5372 1728
f 1725 5367 5372
f 1729 5367 1725
f 1729 5374 5367
f 1730 5374 1729
f 1730 5373 5374
f 1732 5373 1730
f 1732 5377 5373
f 1733 5377 1732
f 1733 5376 5377
f 1736 5376 1733
f 1736 5380 5376
f 1620 5380 1736
f 1620 5264 5380
f 1738 5264 1620
f 1738 5382 5264
f 1032 5382 1738
f 1032 4676 5382
f 1740 4676 1032
f 1740 5384 4676
f 1031 5384 1740
f 1031 4677 5384
f 1743 4677 1031
f 1743 5387 4677
f 1033 5387 1743
f 1033 4675 5387
f 1744 4675 1033
f 1744 5388 4675
f 1571 5388 1744
f 1571 5214 5388
f 1746 5214 1571
f 1746 5390 5214
f 1739 5390 1746
f 1739 5383 5390
f 1748 5383 1739
f 1748 5392 5383
f 1570 5392 1748
f 1570 5215 5392
f 1751 5215 1570
f 1751 5395 5215
f 1587 5395 1751
f 1587 5233 5395
f 1754 5233 1587
f 1754 5398 5233
f 1589 5398 1754
f 1589 5231 5398
f 1755 5231 1589
f 1755 5399 5231
f 1753 5399 1755
f 1753 5396 5399
f 1757 5396 1753
f 1757 5401 5396
f 1752 5401 1757
f 1752 5397 5401
f 1759 5397 1752
f 1759 5403 5397
f 1758 5403 1759
f 1758 5402 5403
f 1763 5402 1758
f 1763 5407 5402
f 1756 5407 1763
f 1756 5400 5407
f 1764 5400 1756
f 1764 5408 5400
f 1593 5408 1764
f 1593 5235 5408
f 1766 5235 1593
f 1766 5410 5235
f 1765 5410 1766
f 1765 5409 5410
f 1769 5409 1765
f 1769 5413 5409
f 1735 5413 1769
f 1735 5378 5413
f 1771 5378 1735
f 1771 5415 5378
f 1770 5415 1771
f 1770 5414 5415
f 1774 5414 1770
f 1774 5418 5414
f 1734 5418 1774
f 1734 5379 5418
f 1777 5379 1734
f 1777 5421 5379
f 1776 5421 1777
f 1776 5419 5421
f 1779 5419 1776
f 1779 5423 5419
f 1775 5423 1779
f 1775 5420 5423
f 1780 5420 1775
f 1780 5424 5420
f 1778 5424 1780
f 1778 5422 5424
f 1781 5422 1778
f 1781 5426 5422
f 1782 5426 1781
f 1782 5425 5426
f 1783 5425 1782
f 1783 5428 5425
f 1784 5428 1783
f 1784 5427 5428
f 1787 5427 1784
f 1787 5431 5427
f 1600 5431 1787
f 1600 5242 5431
f 1789 5242 1600
f 1789 5433 5242
f 1675 5433 1789
f 1675 5321 5433
f 1790 5321 1675
f 1790 5434 5321
f 1677 5434 1790
f 1677 5319 5434
f 1791 5319 1677
f 1791 5435 5319
f 1709 5435 1791
f 1709 5354 5435
f 1793 5354 1709
f 1793 5437 5354
f 1792 5437 1793
f 1792 5436 5437
f 1795 5436 1792
f 1795 5439 5436
f 1794 5439 1795
f 1794 5438 5439
f 1798 5438 1794
f 1798 5442 5438
f 1737 5442 1798
f 1737 5381 5442
f 1800 5381 1737
f 1800 5444 5381
f 1799 5444 1800
f 1799 5443 5444
f 1801 5443 1799
f 1801 5445 5443
f 1664 5445 1801
f 1664 5308 5445
f 1802 5308 1664
f 1802 5446 5308
f 1663 5446 1802
f 1663 5309 5446
f 1806 5309 1663
f 1806 5450 5309
f 1713 5450 1806
f 1713 5357 5450
f 1808 5357 1713
f 1808 5452 5357
f 1680 5452 1808
f 1680 5324 5452
f 1810 5324 1680
f 1810 5454 5324
f 1679 5454 1810
f 1679 5325 5454
f 1811 5325 1679
f 1811 5455 5325
f 1719 5455 1811
f 1719 5364 5455
f 1812 5364 1719
f 1812 5456 5364
f 1727 5456 1812
f 1727 5371 5456
f 1815 5371 1727
f 1815 5459 5371
f 1747 5459 1815
f 1747 5391 5459
f 1817 5391 1747
f 1817 5461 5391
f 1773 5461 1817
f 1773 5416 5461
f 1818 5416 1773
f 1818 5462 5416
f 1772 5462 1818
f 1772 5417 5462
f 1821 5417 1772
f 1821 5465 5417
f 1788 5465 1821
f 1788 5432 5465
f 1823 5432 1788
f 1823 5467 5432
f 1785 5467 1823
f 1785 5430 5467
f 1824 5430 1785
f 1824 5468 5430
f 1804 5468 1824
f 1804 5448 5468
f 1826 5448 1804
f 1826 5470 5448
f 1816 5470 1826
f 1816 5460 5470
f 1827 5460 1816
f 1827 5471 5460
f 1822 5471 1827
f 1822 5466 5471
f 1830 5466 1822
f 1830 5473 5466
f 1829 5473 1830
f 1829 5474 5473
f 232 5474 1829
f 232 3876 5474
f 838 3876 232
f 838 4482 3876
f 1831 4482 838
f 1831 5475 4482
f 231 5475 1831
f 231 3877 5475
f 1077 4722 1078
f 4721 1078 4722
f 1057 4699 1077
f 4722 1077 4699
f 1177 4821 1057
f 4699 1057 4821
f 1091 4735 1177
f 4821 1177 4735
f 1602 5246 1091
f 4735 1091 5246
f 1073 4719 1602
f 5246 1602 4719
f 1820 5464 1073
f 4719 1073 5464
f 1015 4657 1820
f 5464 1820 4657
f 1014 4658 1015
f 4657 1015 4658
f 1013 4659 1014
f 4658 1014 4659
f 1835 5479 1013
f 4659 1013 5479
f 1021 4666 1835
f 5479 1835 4666
f 1837 5481 1021
f 4666 1021 5481
f 240 3884 1837
f 5481 1837 3884
f 1836 5480 240
f 3884 240 5480
f 209 3853 1836
f 5480 1836 3853
f 1838 5482 209
f 3853 209 5482
f 208 3854 1838
f 5482 1838 3854
f 1839 5483 208
f 3854 208 5483
f 1828 5472 1839
f 5483 1839 5472
f 1845 5489 1828
f 5472 1828 5489
f 1841 5485 1845
f 5489 1845 5485
f 1847 5491 1841
f 5485 1841 5491
f 1840 5484 1847
f 5491 1847 5484
f 1846 5490 1840
f 5484 1840 5490
f 1842 5486 1846
f 5490 1846 5486
f 1848 5492 1842
f 5486 1842 5492
f 1843 5488 1848
f 5492 1848 5488
f 1849 5494 1843
f 5488 1843 5494
f 1850 5493 1849
f 5494 1849 5493
f 1851 5495 1850
f 5493 1850 5495
f 1844 5487 1851
f 5495 1851 5487
f 1855 5499 1844
f 5487 1844 5499
f 1852 5497 1855
f 5499 1855 5497
f 1854 5498 1852
f 5497 1852 5498
f 1853 5496 1854
f 5498 1854 5496
f 1857 5500 1853
f 5496 1853 5500
f 1856 5501 1857
f 5500 1857 5501
f 1861 5505 1856
f 5501 1856 5505
f 1858 5502 1861
f 5505 1861 5502
f 1863 5507 1858
f 5502 1858 5507
f 1860 5504 1863
f 5507 1863 5504
f 1864 5508 1860
f 5504 1860 5508
f 1862 5506 1864
f 5508 1864 5506
f 1866 5510 1862
f 5506 1862 5510
f 1865 5509 1866
f 5510 1866 5509
f 1868 5512 1865
f 5509 1865 5512
f 1867 5511 1868
f 5512 1868 5511
f 1869 5514 1867
f 5511 1867 5514
f 1870 5513 1869
f 5514 1869 5513
f 1871 5516 1870
f 5513 1870 5516
f 1872 5515 1871
f 5516 1871 5515
f 1873 5517 1872
f 5515 1872 5517
f 1833 5477 1873
f 5517 1873 5477
f 1832 5478 1833
f 5477 1833 5478
f 1834 5476 1832
f 5478 1832 5476
f 1875 5519 1834
f 5476 1834 5519
f 1874 5518 1875
f 5519 1875 5518
f 1877 5521 1874
f 5518 1874 5521
f 1876 5520 1877
f 5521 1877 5520
f 1879 5524 1876
f 5520 1876 5524
f 1880 5523 1879
f 5524 1879 5523
f 1881 5526 1880
f 5523 1880 5526
f 1882 5525 1881
f 5526 1881 5525
f 1883 5528 1882
f 5525 1882 5528
f 1884 5527 1883
f 5528 1883 5527
f 1885 5530 1884
f 5527 1884 5530
f 1886 5529 1885
f 5530 1885 5529
f 1887 5532 1886
f 5529 1886 5532
f 1888 5531 1887
f 5532 1887 5531
f 1889 5534 1888
f 5531 1888 5534
f 1890 5533 1889
f 5534 1889 5533
f 1891 5536 1890
f 5533 1890 5536
f 1892 5535 1891
f 5536 1891 5535
f 1859 5503 1892
f 5535 1892 5503
f 1819 5463 1859
f 5503 1859 5463
f 1814 5457 1819
f 5463 1819 5457
f 1813 5458 1814
f 5457 1814 5458
f 1803 5449 1813
f 5458 1813 5449
f 1807 5451 1803
f 5449 1803 5451
f 1805 5447 1807
f 5451 1807 5447
f 1893 5537 1805
f 5447 1805 5537
f 1797 5440 1893
f 5537 1893 5440
f 1796 5441 1797
f 5440 1797 5441
f 1786 5429 1796
f 5441 1796 5429
f 1809 5453 1786
f 5429 1786 5453
f 1768 5411 1809
f 5453 1809 5411
f 1767 5412 1768
f 5411 1768 5412
f 1762 5404 1767
f 5412 1767 5404
f 1761 5405 1762
f 5404 1762 5405
f 1760 5406 1761
f 5405 1761 5406
f 1894 5538 1760
f 5406 1760 5538
f 1716 5362 1894
f 5538 1894 5362
f 1718 5360 1716
f 5362 1716 5360
f 1717 5361 1718
f 5360 1718 5361
f 1742 5385 1717
f 5361 1717 5385
f 1741 5386 1742
f 5385 1742 5386
f 1896 5540 1741
f 5386 1741 5540
f 1745 5389 1896
f 5540 1896 5389
f 1897 5541 1745
f 5389 1745 5541
f 1720 5363 1897
f 5541 1897 5363
f 1900 5544 1720
f 5363 1720 5544
f 1681 5323 1900
f 5544 1900 5323
f 1901 5545 1681
f 5323 1681 5545
f 1749 5394 1901
f 5545 1901 5394
f 1750 5393 1749
f 5394 1749 5393
f 1665 5307 1750
f 5393 1750 5307
f 1731 5375 1665
f 5307 1665 5375
f 1706 5348 1731
f 5375 1731 5348
f 1705 5349 1706
f 5348 1706 5349
f 1704 5350 1705
f 5349 1705 5350
f 1903 5547 1704
f 5350 1704 5547
f 1710 5353 1903
f 5547 1903 5353
f 1904 5548 1710
f 5353 1710 5548
f 1676 5320 1904
f 5548 1904 5320
f 1906 5550 1676
f 5320 1676 5550
f 1639 5283 1906
f 5550 1906 5283
f 1699 5343 1639
f 5283 1639 5343
f 1599 5243 1699
f 5343 1699 5243
f 1895 5539 1599
f 5243 1599 5539
f 1598 5244 1895
f 5539 1895 5244
f 1907 5551 1598
f 5244 1598 5551
f 1694 5337 1907
f 5551 1907 5337
f 1693 5338 1694
f 5337 1694 5338
f 1592 5236 1693
f 5338 1693 5236
f 1909 5553 1592
f 5236 1592 5553
f 1591 5237 1909
f 5553 1909 5237
f 1899 5542 1591
f 5237 1591 5542
f 1898 5543 1899
f 5542 1899 5543
f 1912 5556 1898
f 5543 1898 5556
f 1588 5232 1912
f 5556 1912 5232
f 1702 5345 1588
f 5232 1588 5345
f 1701 5346 1702
f 5345 1702 5346
f 1902 5546 1701
f 5346 1701 5546
f 1529 5175 1902
f 5546 1902 5175
f 1531 5173 1529
f 5175 1529 5173
f 1530 5174 1531
f 5173 1531 5174
f 1651 5297 1530
f 5174 1530 5297
f 1653 5295 1651
f 5297 1651 5295
f 1652 5296 1653
f 5295 1653 5296
f 1908 5552 1652
f 5296 1652 5552
f 1905 5549 1908
f 5552 1908 5549
f 1910 5554 1905
f 5549 1905 5554
f 1634 5280 1910
f 5554 1910 5280
f 1911 5555 1634
f 5280 1634 5555
f 1624 5267 1911
f 5555 1911 5267
f 1623 5268 1624
f 5267 1624 5268
f 1615 5257 1623
f 5268 1623 5257
f 1914 5558 1615
f 5257 1615 5558
f 1614 5258 1914
f 5558 1914 5258
f 1916 5560 1614
f 5258 1614 5560
f 1617 5261 1916
f 5560 1916 5261
f 1917 5561 1617
f 5261 1617 5561
f 1913 5557 1917
f 5561 1917 5557
f 1918 5562 1913
f 5557 1913 5562
f 1915 5559 1918
f 5562 1918 5559
f 1921 5565 1915
f 5559 1915 5565
f 1576 5221 1921
f 5565 1921 5221
f 1922 5566 1576
f 5221 1576 5566
f 1919 5563 1922
f 5566 1922 5563
f 1923 5567 1919
f 5563 1919 5567
f 1512 5156 1923
f 5567 1923 5156
f 1925 5569 1512
f 5156 1512 5569
f 1517 5160 1925
f 5569 1925 5160
f 1516 5161 1517
f 5160 1517 5161
f 1511 5157 1516
f 5161 1516 5157
f 1927 5571 1511
f 5157 1511 5571
f 1924 5568 1927
f 5571 1927 5568
f 1928 5572 1924
f 5568 1924 5572
f 1492 5138 1928
f 5572 1928 5138
f 1494 5136 1492
f 5138 1492 5136
f 1493 5137 1494
f 5136 1494 5137
f 1564 5208 1493
f 5137 1493 5208
f 1026 4670 1564
f 5208 1564 4670
f 1487 5130 1026
f 4670 1026 5130
f 1486 5131 1487
f 5130 1487 5131
f 1920 5564 1486
f 5131 1486 5564
f 1477 5122 1920
f 5564 1920 5122
f 1461 5103 1477
f 5122 1477 5103
f 1460 5104 1461
f 5103 1461 5104
f 1459 5105 1460
f 5104 1460 5105
f 1926 5570 1459
f 5105 1459 5570
f 1546 5191 1926
f 5570 1926 5191
f 1547 5190 1546
f 5191 1546 5190
f 1471 5115 1547
f 5190 1547 5115
f 1470 5116 1471
f 5115 1471 5116
f 1472 5114 1470
f 5116 1470 5114
f 1537 5182 1472
f 5114 1472 5182
f 1538 5181 1537
f 5182 1537 5181
f 1929 5573 1538
f 5181 1538 5573
f 1433 5079 1929
f 5573 1929 5079
f 1435 5077 1433
f 5079 1433 5077
f 1434 5078 1435
f 5077 1435 5078
f 1930 5574 1434
f 5078 1434 5574
f 1446 5089 1930
f 5574 1930 5089
f 1931 5575 1446
f 5089 1446 5575
f 1508 5151 1931
f 5575 1931 5151
f 1523 5167 1508
f 5151 1508 5167
f 1410 5052 1523
f 5167 1523 5052
f 1409 5053 1410
f 5052 1410 5053
f 1408 5054 1409
f 5053 1409 5054
f 1419 5063 1408
f 5054 1408 5063
f 1352 4996 1419
f 5063 1419 4996
f 1393 5038 1352
f 4996 1352 5038
f 1394 5037 1393
f 5038 1393 5037
f 1936 5580 1394
f 5037 1394 5580
f 1451 5095 1936
f 5580 1936 5095
f 1939 5583 1451
f 5095 1451 5583
f 1415 5059 1939
f 5583 1939 5059
f 1940 5584 1415
f 5059 1415 5584
f 1414 5060 1940
f 5584 1940 5060
f 1943 5587 1414
f 5060 1414 5587
f 1932 5576 1943
f 5587 1943 5576
f 1933 5577 1932
f 5576 1932 5577
f 1375 5017 1933
f 5577 1933 5017
f 1935 5579 1375
f 5017 1375 5579
f 1934 5578 1935
f 5579 1935 5578
f 1944 5588 1934
f 5578 1934 5588
f 1938 5581 1944
f 5588 1944 5581
f 1945 5589 1938
f 5581 1938 5589
f 1937 5582 1945
f 5589 1945 5582
f 1941 5586 1937
f 5582 1937 5586
f 1942 5585 1941
f 5586 1941 5585
f 1369 5015 1942
f 5585 1942 5015
f 1377 5021 1369
f 5015 1369 5021
f 1360 5005 1377
f 5021 1377 5005
f 1361 5004 1360
f 5005 1360 5004
f 1315 4957 1361
f 5004 1361 4957
f 1314 4958 1315
f 4957 1315 4958
f 1313 4959 1314
f 4958 1314 4959
f 1946 5590 1313
f 4959 1313 5590
f 1329 4972 1946
f 5590 1946 4972
f 1947 5591 1329
f 4972 1329 5591
f 1278 4920 1947
f 5591 1947 4920
f 1277 4921 1278
f 4920 1278 4921
f 1276 4922 1277
f 4921 1277 4922
f 1290 4935 1276
f 4922 1276 4935
f 1291 4934 1290
f 4935 1290 4934
f 1948 5592 1291
f 4934 1291 5592
f 1333 4977 1948
f 5592 1948 4977
f 1949 5593 1333
f 4977 1333 5593
f 1283 4928 1949
f 5593 1949 4928
f 1950 5594 1283
f 4928 1283 5594
f 1271 4913 1950
f 5594 1950 4913
f 1951 5595 1271
f 4913 1271 5595
f 1302 4946 1951
f 5595 1951 4946
f 1952 5596 1302
f 4946 1302 5596
f 1261 4905 1952
f 5596 1952 4905
f 1953 5597 1261
f 4905 1261 5597
f 1264 4908 1953
f 5597 1953 4908
f 1954 5598 1264
f 4908 1264 5598
f 1251 4897 1954
f 5598 1954 4897
f 1955 5599 1251
f 4897 1251 5599
f 1246 4889 1955
f 5599 1955 4889
f 1956 5600 1246
f 4889 1246 5600
f 1245 4890 1956
f 5600 1956 4890
f 1957 5601 1245
f 4890 1245 5601
f 1239 4883 1957
f 5601 1957 4883
f 1959 5603 1239
f 4883 1239 5603
f 1267 4911 1959
f 5603 1959 4911
f 1960 5604 1267
f 4911 1267 5604
f 1958 5602 1960
f 5604 1960 5602
f 1961 5605 1958
f 5602 1958 5605
f 1233 4877 1961
f 5605 1961 4877
f 1962 5606 1233
f 4877 1233 5606
f 1225 4867 1962
f 5606 1962 4867
f 1963 5607 1225
f 4867 1225 5607
f 1224 4868 1963
f 5607 1963 4868
f 1964 5608 1224
f 4868 1224 5608
f 1965 5609 1964
f 5608 1964 5609
f 1209 4855 1965
f 5609 1965 4855
f 1825 5469 1209
f 4855 1209 5469
f 1181 4825 1825
f 5469 1825 4825
f 1180 4826 1181
f 4825 1181 4826
f 1182 4824 1180
f 4826 1180 4824
f 1968 5612 1182
f 4824 1182 5612
f 1206 4850 1968
f 5612 1968 4850
f 1970 5614 1206
f 4850 1206 5614
f 223 3869 1970
f 5614 1970 3869
f 1969 5613 223
f 3869 223 5613
f 1172 4818 1969
f 5613 1969 4818
f 1174 4816 1172
f 4818 1172 4816
f 1173 4817 1174
f 4816 1174 4817
f 1972 5616 1173
f 4817 1173 5616
f 1188 4832 1972
f 5616 1972 4832
f 1973 5617 1188
f 4832 1188 5617
f 1159 4801 1973
f 5617 1973 4801
f 1975 5619 1159
f 4801 1159 5619
f 1163 4808 1975
f 5619 1975 4808
f 1976 5620 1163
f 4808 1163 5620
f 1971 5615 1976
f 5620 1976 5615
f 1977 5621 1971
f 5615 1971 5621
f 1151 4796 1977
f 5621 1977 4796
f 1978 5622 1151
f 4796 1151 5622
f 1974 5618 1978
f 5622 1978 5618
f 1980 5624 1974
f 5618 1974 5624
f 1142 4786 1980
f 5624 1980 4786
f 1979 5623 1142
f 4786 1142 5623
f 1122 4768 1979
f 5623 1979 4768
f 1124 4766 1122
f 4768 1122 4766
f 1123 4767 1124
f 4766 1124 4767
f 1982 5626 1123
f 4767 1123 5626
f 1139 4782 1982
f 5626 1982 4782
f 1145 4790 1139
f 4782 1139 4790
f 1146 4789 1145
f 4790 1145 4789
f 1984 5628 1146
f 4789 1146 5628
f 1981 5625 1984
f 5628 1984 5625
f 1985 5629 1981
f 5625 1981 5629
f 1983 5627 1985
f 5629 1985 5627
f 1986 5630 1983
f 5627 1983 5630
f 1045 4691 1986
f 5630 1986 4691
f 1987 5631 1045
f 4691 1045 5631
f 1966 5611 1987
f 5631 1987 5611
f 1967 5610 1966
f 5611 1966 5610
f 1115 4759 1967
f 5610 1967 4759
f 1078 4721 1115
f 4759 1115 4721
f 1154 4798 1153
f 1154 4797 4798
f 1131 4797 1154
f 1131 4776 4797
f 1165 4776 1131
f 1165 4809 4776
f 1150 4809 1165
f 1150 4793 4809
f 1160 4793 1150
f 1160 4804 4793
f 1175 4804 1160
f 1175 4819 4804
f 1149 4819 1175
f 1149 4794 4819
f 1178 4794 1149
f 1178 4822 4794
f 1169 4822 1178
f 1169 4813 4822
f 1144 4813 1169
f 1144 4787 4813
f 1143 4787 1144
f 1143 4788 4787
f 1129 4788 1143
f 1129 4771 4788
f 1128 4771 1129
f 1128 4772 4771
f 1127 4772 1128
f 1127 4773 4772
f 1140 4773 1127
f 1140 4784 4773
f 1119 4784 1140
f 1119 4765 4784
f 1121 4765 1119
f 1121 4763 4765
f 1120 4763 1121
f 1120 4764 4763
f 2009 4764 1120
f 2009 5653 4764
f 2013 5653 2009
f 2013 5657 5653
f 1186 5657 2013
f 1186 4831 5657
f 2014 4831 1186
f 2014 5658 4831
f 1187 5658 2014
f 1187 4830 5658
f 2016 4830 1187
f 2016 5659 4830
f 2015 5659 2016
f 2015 5660 5659
f 2020 5660 2015
f 2020 5664 5660
f 2019 5664 2020
f 2019 5662 5664
f 2018 5662 2019
f 2018 5663 5662
f 2021 5663 2018
f 2021 5665 5663
f 2022 5665 2021
f 2022 5666 5665
f 1137 5666 2022
f 1137 4779 5666
f 1136 4779 1137
f 1136 4780 4779
f 1135 4780 1136
f 1135 4781 4780
f 2017 4781 1135
f 2017 5661 4781
f 2026 5661 2017
f 2026 5670 5661
f 2012 5670 2026
f 2012 5656 5670
f 2027 5656 2012
f 2027 5671 5656
f 1132 5671 2027
f 1132 4775 5671
f 2035 4775 1132
f 2035 5678 4775
f 2034 5678 2035
f 2034 5679 5678
f 2040 5679 2034
f 2040 5683 5679
f 2039 5683 2040
f 2039 5684 5683
f 2042 5684 2039
f 2042 5685 5684
f 2041 5685 2042
f 2041 5686 5685
f 2051 5686 2041
f 2051 5695 5686
f 2054 5695 2051
f 2054 5698 5695
f 1988 5698 2054
f 1988 5634 5698
f 1990 5634 1988
f 1990 5632 5634
f 1989 5632 1990
f 1989 5633 5632
f 1153 5633 1989
f 1153 4798 5633
f 721 5718 2074
f 721 4363 5718
f 720 4363 721
f 720 4364 4363
f 767 4364 720
f 767 4411 4364
f 719 4411 767
f 719 4365 4411
f 2069 4365 719
f 2069 5713 4365
f 2072 5713 2069
f 2072 5716 5713
f 2071 5716 2072
f 2071 5717 5716
f 2073 5717 2071
f 2073 5715 5717
f 2078 5715 2073
f 2078 5722 5715
f 2077 5722 2078
f 2077 5721 5722
f 2080 5721 2077
f 2080 5724 5721
f 2076 5724 2080
f 2076 5719 5724
f 2079 5719 2076
f 2079 5723 5719
f 2075 5723 2079
f 2075 5720 5723
f 2074 5720 2075
f 2074 5718 5720
f 653 5714 2070
f 653 4297 5714
f 629 4297 653
f 629 4275 4297
f 631 4275 629
f 631 4273 4275
f 2082 4273 631
f 2082 5726 4273
f 2083 5726 2082
f 2083 5728 5726
f 656 5728 2083
f 656 4300 5728
f 655 4300 656
f 655 4301 4300
f 657 4301 655
f 657 4299 4301
f 2091 4299 657
f 2091 5735 4299
f 2088 5735 2091
f 2088 5732 5735
f 2089 5732 2088
f 2089 5734 5732
f 2090 5734 2089
f 2090 5733 5734
f 2092 5733 2090
f 2092 5736 5733
f 674 5736 2092
f 674 4318 5736
f 673 4318 674
f 673 4319 4318
f 675 4319 673
f 675 4317 4319
f 2087 4317 675
f 2087 5731 4317
f 745 5731 2087
f 745 4389 5731
f 2084 4389 745
f 2084 5727 4389
f 2086 5727 2084
f 2086 5729 5727
f 728 5729 2086
f 728 4370 5729
f 727 4370 728
f 727 4371 4370
f 2096 4371 727
f 2096 5739 4371
f 2106 5739 2096
f 2106 5750 5739
f 2100 5750 2106
f 2100 5745 5750
f 2097 5745 2100
f 2097 5743 5745
f 2099 5743 2097
f 2099 5741 5743
f 2098 5741 2099
f 2098 5742 5741
f 2102 5742 2098
f 2102 5746 5742
f 761 5746 2102
f 761 4405 5746
f 760 4405 761
f 760 4406 4405
f 762 4406 760
f 762 4404 4406
f 2103 4404 762
f 2103 5747 4404
f 2104 5747 2103
f 2104 5749 5747
f 2105 5749 2104
f 2105 5748 5749
f 2101 5748 2105
f 2101 5744 5748
f 2095 5744 2101
f 2095 5740 5744
f 726 5740 2095
f 726 4372 5740
f 2094 4372 726
f 2094 5738 4372
f 2093 5738 2094
f 2093 5737 5738
f 2085 5737 2093
f 2085 5730 5737
f 2081 5730 2085
f 2081 5725 5730
f 630 5725 2081
f 630 4274 5725
f 2070 4274 630
f 2070 5714 4274
f 2110 5705 2062
f 2110 5754 5705
f 2061 5754 2110
f 2061 5706 5754
f 61 5706 2061
f 61 3706 5706
f 62 3706 61
f 62 3705 3706
f 73 3705 62
f 73 3717 3705
f 26 3717 73
f 26 3670 3717
f 25 3670 26
f 25 3671 3670
f 27 3671 25
f 27 3669 3671
f 38 3669 27
f 38 3680 3669
f 2134 3680 38
f 2134 5778 3680
f 37 5778 2134
f 37 3681 5778
f 2142 3681 37
f 2142 5785 3681
f 2141 5785 2142
f 2141 5786 5785
f 2149 5786 2141
f 2149 5792 5786
f 2148 5792 2149
f 2148 5793 5792
f 2152 5793 2148
f 2152 5795 5793
f 2151 5795 2152
f 2151 5796 5795
f 2147 5796 2151
f 2147 5790 5796
f 2146 5790 2147
f 2146 5791 5790
f 47 5791 2146
f 47 3689 5791
f 46 3689 47
f 46 3690 3689
f 45 3690 46
f 45 3691 3690
f 78 3691 45
f 78 3721 3691
f 77 3721 78
f 77 3722 3721
f 2159 3722 77
f 2159 5803 3722
f 2155 5803 2159
f 2155 5798 5803
f 56 5798 2155
f 56 3700 5798
f 55 3700 56
f 55 3701 3700
f 57 3701 55
f 57 3699 3701
f 128 3699 57
f 128 3772 3699
f 94 3772 128
f 94 3736 3772
f 93 3736 94
f 93 3737 3736
f 92 3737 93
f 92 3738 3737
f 2157 3738 92
f 2157 5801 3738
f 2127 5801 2157
f 2127 5771 5801
f 123 5771 2127
f 123 3767 5771
f 176 3767 123
f 176 3820 3767
f 148 3820 176
f 148 3791 3820
f 2126 3791 148
f 2126 5770 3791
f 147 5770 2126
f 147 3792 5770
f 2174 3792 147
f 2174 5818 3792
f 153 5818 2174
f 153 3798 5818
f 2175 3798 153
f 2175 5819 3798
f 2118 5819 2175
f 2118 5761 5819
f 2176 5761 2118
f 2176 5820 5761
f 2173 5820 2176
f 2173 5817 5820
f 2117 5817 2173
f 2117 5762 5817
f 2172 5762 2117
f 2172 5816 5762
f 167 5816 2172
f 167 3812 5816
f 168 3812 167
f 168 3811 3812
f 163 3811 168
f 163 3808 3811
f 2165 3808 163
f 2165 5809 3808
f 164 5809 2165
f 164 3807 5809
f 159 3807 164
f 159 3803 3807
f 158 3803 159
f 158 3804 3803
f 160 3804 158
f 160 3802 3804
f 154 3802 160
f 154 3797 3802
f 2187 3797 154
f 2187 5831 3797
f 122 5831 2187
f 122 3768 5831
f 2197 3768 122
f 2197 5841 3768
f 124 5841 2197
f 124 3766 5841
f 2163 3766 124
f 2163 5808 3766
f 2199 5808 2163
f 2199 5843 5808
f 2133 5843 2199
f 2133 5775 5843
f 2132 5775 2133
f 2132 5776 5775
f 2131 5776 2132
f 2131 5777 5776
f 2153 5777 2131
f 2153 5797 5777
f 1028 5797 2153
f 1028 4674 5797
f 2201 4674 1028
f 2201 5845 4674
f 135 5845 2201
f 135 3777 5845
f 134 3777 135
f 134 3778 3777
f 2202 3778 134
f 2202 5846 3778
f 133 5846 2202
f 133 3779 5846
f 2156 3779 133
f 2156 5800 3779
f 1030 5800 2156
f 1030 4672 5800
f 2200 4672 1030
f 2200 5844 4672
f 1029 5844 2200
f 1029 4673 5844
f 2205 4673 1029
f 2205 5848 4673
f 2204 5848 2205
f 2204 5849 5848
f 2052 5849 2204
f 2052 5697 5849
f 2209 5697 2052
f 2209 5853 5697
f 20 5853 2209
f 20 3662 5853
f 19 3662 20
f 19 3663 3662
f 2203 3663 19
f 2203 5847 3663
f 18 5847 2203
f 18 3664 5847
f 2214 3664 18
f 2214 5858 3664
f 2053 5858 2214
f 2053 5696 5858
f 2215 5696 2053
f 2215 5859 5696
f 109 5859 2215
f 109 3751 5859
f 108 3751 109
f 108 3752 3751
f 107 3752 108
f 107 3753 3752
f 2122 3753 107
f 2122 5765 3753
f 2121 5765 2122
f 2121 5766 5765
f 2219 5766 2121
f 2219 5863 5766
f 2164 5863 2219
f 2164 5807 5863
f 2220 5807 2164
f 2220 5865 5807
f 2226 5865 2220
f 2226 5870 5865
f 2223 5870 2226
f 2223 5866 5870
f 2230 5866 2223
f 2230 5873 5866
f 2229 5873 2230
f 2229 5874 5873
f 2232 5874 2229
f 2232 5876 5874
f 101 5876 2232
f 101 3743 5876
f 2233 3743 101
f 2233 5877 3743
f 100 5877 2233
f 100 3744 5877
f 99 3744 100
f 99 3745 3744
f 2231 3745 99
f 2231 5875 3745
f 2235 5875 2231
f 2235 5879 5875
f 2228 5879 2235
f 2228 5871 5879
f 2227 5871 2228
f 2227 5872 5871
f 2234 5872 2227
f 2234 5878 5872
f 2224 5878 2234
f 2224 5869 5878
f 2225 5869 2224
f 2225 5868 5869
f 2222 5868 2225
f 2222 5867 5868
f 2245 5867 2222
f 2245 5889 5867
f 2221 5889 2245
f 2221 5864 5889
f 2198 5864 2221
f 2198 5842 5864
f 2241 5842 2198
f 2241 5885 5842
f 2158 5885 2241
f 2158 5802 5885
f 2250 5802 2158
f 2250 5894 5802
f 2154 5894 2250
f 2154 5799 5894
f 2249 5799 2154
f 2249 5893 5799
f 34 5893 2249
f 34 3676 5893
f 33 3676 34
f 33 3677 3676
f 32 3677 33
f 32 3678 3677
f 2253 3678 32
f 2253 5897 3678
f 2066 5897 2253
f 2066 5712 5897
f 2068 5712 2066
f 2068 5710 5712
f 2067 5710 2068
f 2067 5711 5710
f 2257 5711 2067
f 2257 5901 5711
f 2150 5901 2257
f 2150 5794 5901
f 2260 5794 2150
f 2260 5903 5794
f 2259 5903 2260
f 2259 5904 5903
f 2145 5904 2259
f 2145 5787 5904
f 2144 5787 2145
f 2144 5788 5787
f 2143 5788 2144
f 2143 5789 5788
f 2266 5789 2143
f 2266 5909 5789
f 2265 5909 2266
f 2265 5910 5909
f 2270 5910 2265
f 2270 5914 5910
f 2267 5914 2270
f 2267 5911 5914
f 2272 5911 2267
f 2272 5916 5911
f 2269 5916 2272
f 2269 5913 5916
f 2274 5913 2269
f 2274 5918 5913
f 2271 5918 2274
f 2271 5915 5918
f 2273 5915 2271
f 2273 5917 5915
f 2138 5917 2273
f 2138 5784 5917
f 2140 5784 2138
f 2140 5782 5784
f 2139 5782 2140
f 2139 5783 5782
f 2276 5783 2139
f 2276 5920 5783
f 36 5920 2276
f 36 3682 5920
f 2277 3682 36
f 2277 5921 3682
f 2275 5921 2277
f 2275 5919 5921
f 2062 5919 2275
f 2062 5705 5919
f 1195 4838 1196
f 1195 4839 4838
f 1194 4839 1195
f 1194 4840 4839
f 1312 4840 1194
f 1312 4956 4840
f 1299 4956 1312
f 1299 4945 4956
f 1301 4945 1299
f 1301 4943 4945
f 1300 4943 1301
f 1300 4944 4943
f 1323 4944 1300
f 1323 4968 4944
f 1324 4968 1323
f 1324 4967 4968
f 1332 4967 1324
f 1332 4976 4967
f 1309 4976 1332
f 1309 4954 4976
f 1338 4954 1309
f 1338 4982 4954
f 1310 4982 1338
f 1310 4953 4982
f 1991 4953 1310
f 1991 5635 4953
f 1327 5635 1991
f 1327 4971 5635
f 1295 4971 1327
f 1295 4939 4971
f 1294 4939 1295
f 1294 4940 4939
f 1296 4940 1294
f 1296 4938 4940
f 1336 4938 1296
f 1336 4979 4938
f 2010 4979 1336
f 2010 5654 4979
f 1335 5654 2010
f 1335 4980 5654
f 1345 4980 1335
f 1345 4989 4980
f 1344 4989 1345
f 1344 4990 4989
f 1346 4990 1344
f 1346 4988 4990
f 1995 4988 1346
f 1995 5638 4988
f 1994 5638 1995
f 1994 5639 5638
f 2004 5639 1994
f 2004 5649 5639
f 2005 5649 2004
f 2005 5648 5649
f 2008 5648 2005
f 2008 5652 5648
f 1317 5652 2008
f 1317 4963 5652
f 1319 4963 1317
f 1319 4961 4963
f 1318 4961 1319
f 1318 4962 4961
f 2342 4962 1318
f 2342 5986 4962
f 2343 5986 2342
f 2343 5987 5986
f 2001 5987 2343
f 2001 5644 5987
f 2000 5644 2001
f 2000 5645 5644
f 1996 5645 2000
f 1996 5640 5645
f 2351 5640 1996
f 2351 5995 5640
f 1305 5995 2351
f 1305 4949 5995
f 1304 4949 1305
f 1304 4950 4949
f 1306 4950 1304
f 1306 4948 4950
f 2356 4948 1306
f 2356 6000 4948
f 2355 6000 2356
f 2355 5999 6000
f 2358 5999 2355
f 2358 6002 5999
f 1993 6002 2358
f 1993 5636 6002
f 2359 5636 1993
f 2359 6003 5636
f 1992 6003 2359
f 1992 5637 6003
f 2361 5637 1992
f 2361 6004 5637
f 2360 6004 2361
f 2360 6005 6004
f 2362 6005 2360
f 2362 6007 6005
f 2363 6007 2362
f 2363 6006 6007
f 2057 6006 2363
f 2057 5699 6006
f 2056 5699 2057
f 2056 5700 5699
f 2055 5700 2056
f 2055 5701 5700
f 2369 5701 2055
f 2369 6014 5701
f 2370 6014 2369
f 2370 6013 6014
f 2374 6013 2370
f 2374 6019 6013
f 2375 6019 2374
f 2375 6018 6019
f 2378 6018 2375
f 2378 6023 6018
f 2379 6023 2378
f 2379 6022 6023
f 2383 6022 2379
f 2383 6027 6022
f 2365 6027 2383
f 2365 6009 6027
f 2386 6009 2365
f 2386 6031 6009
f 2387 6031 2386
f 2387 6030 6031
f 2396 6030 2387
f 2396 6038 6030
f 2395 6038 2396
f 2395 6039 6038
f 2394 6039 2395
f 2394 6040 6039
f 2401 6040 2394
f 2401 6044 6040
f 2400 6044 2401
f 2400 6045 6044
f 2403 6045 2400
f 2403 6047 6045
f 2353 6047 2403
f 2353 5997 6047
f 2352 5997 2353
f 2352 5998 5997
f 2354 5998 2352
f 2354 5996 5998
f 2408 5996 2354
f 2408 6052 5996
f 2380 6052 2408
f 2380 6026 6052
f 2412 6026 2380
f 2412 6056 6026
f 2388 6056 2412
f 2388 6032 6056
f 2415 6032 2388
f 2415 6059 6032
f 2390 6059 2415
f 2390 6033 6059
f 2393 6033 2390
f 2393 6037 6033
f 2392 6037 2393
f 2392 6035 6037
f 2111 6035 2392
f 2111 5757 6035
f 2409 5757 2111
f 2409 6053 5757
f 2339 6053 2409
f 2339 5985 6053
f 2416 5985 2339
f 2416 6060 5985
f 2341 6060 2416
f 2341 5983 6060
f 2350 5983 2341
f 2350 5993 5983
f 2349 5993 2350
f 2349 5994 5993
f 2419 5994 2349
f 2419 6063 5994
f 2414 6063 2419
f 2414 6057 6063
f 2420 6057 2414
f 2420 6064 6057
f 2398 6064 2420
f 2398 6042 6064
f 2424 6042 2398
f 2424 6068 6042
f 2402 6068 2424
f 2402 6046 6068
f 2428 6046 2402
f 2428 6072 6046
f 1282 6072 2428
f 1282 4924 6072
f 1281 4924 1282
f 1281 4925 4924
f 1280 4925 1281
f 1280 4926 4925
f 1998 4926 1280
f 1998 5642 4926
f 2438 5642 1998
f 2438 6082 5642
f 1274 6082 2438
f 1274 4918 6082
f 2337 4918 1274
f 2337 5982 4918
f 2338 5982 2337
f 2338 5981 5982
f 2430 5981 2338
f 2430 6073 5981
f 2429 6073 2430
f 2429 6074 6073
f 2431 6074 2429
f 2431 6075 6074
f 2348 6075 2431
f 2348 5991 6075
f 2347 5991 2348
f 2347 5992 5991
f 1017 5992 2347
f 1017 4661 5992
f 1258 4661 1017
f 1258 4903 4661
f 1259 4903 1258
f 1259 4902 4903
f 1349 4902 1259
f 1349 4992 4902
f 2336 4992 1349
f 2336 5979 4992
f 2335 5979 2336
f 2335 5980 5979
f 2444 5980 2335
f 2444 6088 5980
f 1397 6088 2444
f 1397 5040 6088
f 1396 5040 1397
f 1396 5041 5040
f 1248 5041 1396
f 1248 4894 5041
f 2449 4894 1248
f 2449 6093 4894
f 1250 6093 2449
f 1250 4892 6093
f 2450 4892 1250
f 2450 6094 4892
f 1389 6094 2450
f 1389 5033 6094
f 2452 5033 1389
f 2452 6096 5033
f 1388 6096 2452
f 1388 5034 6096
f 2454 5034 1388
f 2454 6098 5034
f 1406 6098 2454
f 1406 5050 6098
f 1420 5050 1406
f 1420 5064 5050
f 1405 5064 1420
f 1405 5051 5064
f 1437 5051 1405
f 1437 5080 5051
f 1436 5080 1437
f 1436 5081 5080
f 2451 5081 1436
f 2451 6095 5081
f 2453 6095 2451
f 2453 6097 6095
f 1407 6097 2453
f 1407 5049 6097
f 2333 5049 1407
f 2333 5978 5049
f 2334 5978 2333
f 2334 5977 5978
f 2443 5977 2334
f 2443 6087 5977
f 2330 6087 2443
f 2330 5975 6087
f 2440 5975 2330
f 2440 6086 5975
f 2442 6086 2440
f 2442 6084 6086
f 2441 6084 2442
f 2441 6085 6084
f 2445 6085 2441
f 2445 6089 6085
f 2331 6089 2445
f 2331 5974 6089
f 1390 5974 2331
f 1390 5032 5974
f 2439 5032 1390
f 2439 6083 5032
f 2327 6083 2439
f 2327 5970 6083
f 2326 5970 2327
f 2326 5971 5970
f 2006 5971 2326
f 2006 5650 5971
f 2437 5650 2006
f 2437 6081 5650
f 1357 6081 2437
f 1357 5001 6081
f 1356 5001 1357
f 1356 5002 5001
f 1358 5002 1356
f 1358 5000 5002
f 2485 5000 1358
f 2485 6129 5000
f 1249 6129 2485
f 1249 4893 6129
f 2003 4893 1249
f 2003 5646 4893
f 2002 5646 2003
f 2002 5647 5646
f 2482 5647 2002
f 2482 6126 5647
f 2435 6126 2482
f 2435 6078 6126
f 2484 6078 2435
f 2484 6128 6078
f 2434 6128 2484
f 2434 6079 6128
f 2486 6079 2434
f 2486 6130 6079
f 1348 6130 2486
f 1348 4993 6130
f 2011 4993 1348
f 2011 5655 4993
f 2488 5655 2011
f 2488 6132 5655
f 2007 6132 2488
f 2007 5651 6132
f 2489 5651 2007
f 2489 6133 5651
f 1016 6133 2489
f 1016 4662 6133
f 2436 4662 1016
f 2436 6080 4662
f 1018 6080 2436
f 1018 4660 6080
f 2432 4660 1018
f 2432 6077 4660
f 2433 6077 2432
f 2433 6076 6077
f 2490 6076 2433
f 2490 6134 6076
f 2425 6134 2490
f 2425 6071 6134
f 2427 6071 2425
f 2427 6069 6071
f 2426 6069 2427
f 2426 6070 6069
f 2491 6070 2426
f 2491 6135 6070
f 1273 6135 2491
f 1273 4919 6135
f 2492 4919 1273
f 2492 6136 4919
f 1275 6136 2492
f 1275 4917 6136
f 2423 4917 1275
f 2423 6067 4917
f 2421 6067 2423
f 2421 6066 6067
f 2422 6066 2421
f 2422 6065 6066
f 1997 6065 2422
f 1997 5643 6065
f 2493 5643 1997
f 2493 6137 5643
f 1999 6137 2493
f 1999 5641 6137
f 2418 5641 1999
f 2418 6062 5641
f 2494 6062 2418
f 2494 6138 6062
f 2417 6138 2494
f 2417 6061 6138
f 2495 6061 2417
f 2495 6139 6061
f 2405 6139 2495
f 2405 6049 6139
f 2404 6049 2405
f 2404 6050 6049
f 2406 6050 2404
f 2406 6048 6050
f 2496 6048 2406
f 2496 6140 6048
f 2397 6140 2496
f 2397 6043 6140
f 2500 6043 2397
f 2500 6144 6043
f 2399 6144 2500
f 2399 6041 6144
f 2501 6041 2399
f 2501 6145 6041
f 2413 6145 2501
f 2413 6058 6145
f 2502 6058 2413
f 2502 6146 6058
f 2410 6146 2502
f 2410 6055 6146
f 2503 6055 2410
f 2503 6147 6055
f 2411 6147 2503
f 2411 6054 6147
f 2504 6054 2411
f 2504 6148 6054
f 2340 6148 2504
f 2340 5984 6148
f 2505 5984 2340
f 2505 6149 5984
f 2407 6149 2505
f 2407 6051 6149
f 2506 6051 2407
f 2506 6150 6051
f 2113 6150 2506
f 2113 5755 6150
f 2357 5755 2113
f 2357 6001 5755
f 2112 6001 2357
f 2112 5756 6001
f 2060 5756 2112
f 2060 5702 5756
f 2059 5702 2060
f 2059 5703 5702
f 2058 5703 2059
f 2058 5704 5703
f 2508 5704 2058
f 2508 6151 5704
f 2507 6151 2508
f 2507 6152 6151
f 2511 6152 2507
f 2511 6155 6152
f 2391 6155 2511
f 2391 6036 6155
f 2515 6036 2391
f 2515 6159 6036
f 2389 6159 2515
f 2389 6034 6159
f 2516 6034 2389
f 2516 6160 6034
f 2384 6160 2516
f 2384 6029 6160
f 2385 6029 2384
f 2385 6028 6029
f 2382 6028 2385
f 2382 6024 6028
f 2517 6024 2382
f 2517 6161 6024
f 2381 6161 2517
f 2381 6025 6161
f 2525 6025 2381
f 2525 6169 6025
f 2521 6169 2525
f 2521 6165 6169
f 2527 6165 2521
f 2527 6171 6165
f 2522 6171 2527
f 2522 6166 6171
f 2528 6166 2522
f 2528 6172 6166
f 2377 6172 2528
f 2377 6020 6172
f 2376 6020 2377
f 2376 6021 6020
f 2373 6021 2376
f 2373 6015 6021
f 2372 6015 2373
f 2372 6016 6015
f 2371 6016 2372
f 2371 6017 6016
f 2536 6017 2371
f 2536 6180 6017
f 2535 6180 2536
f 2535 6181 6180
f 2537 6181 2535
f 2537 6179 6181
f 2541 6179 2537
f 2541 6185 6179
f 2048 6185 2541
f 2048 5694 6185
f 2050 5694 2048
f 2050 5692 5694
f 2049 5692 2050
f 2049 5693 5692
f 2543 5693 2049
f 2543 6187 5693
f 2115 6187 2543
f 2115 5759 6187
f 2114 5759 2115
f 2114 5760 5759
f 2116 5760 2114
f 2116 5758 5760
f 2544 5758 2116
f 2544 6189 5758
f 2545 6189 2544
f 2545 6188 6189
f 2549 6188 2545
f 2549 6193 6188
f 2546 6193 2549
f 2546 6190 6193
f 2548 6190 2546
f 2548 6191 6190
f 2547 6191 2548
f 2547 6192 6191
f 2552 6192 2547
f 2552 6196 6192
f 2550 6196 2552
f 2550 6194 6196
f 2551 6194 2550
f 2551 6195 6194
f 2368 6195 2551
f 2368 6010 6195
f 2367 6010 2368
f 2367 6011 6010
f 2366 6011 2367
f 2366 6012 6011
f 2553 6012 2366
f 2553 6197 6012
f 2364 6197 2553
f 2364 6008 6197
f 1196 6008 2364
f 1196 4838 6008
f 2023 6299 2655
f 2023 5669 6299
f 2025 5669 2023
f 2025 5667 5669
f 2024 5667 2025
f 2024 5668 5667
f 2566 5668 2024
f 2566 6209 5668
f 2565 6209 2566
f 2565 6210 6209
f 2569 6210 2565
f 2569 6212 6210
f 2568 6212 2569
f 2568 6213 6212
f 2572 6213 2568
f 2572 6216 6213
f 2124 6216 2572
f 2124 5768 6216
f 2029 5768 2124
f 2029 5673 5768
f 2028 5673 2029
f 2028 5674 5673
f 2030 5674 2028
f 2030 5672 5674
f 2577 5672 2030
f 2577 6221 5672
f 2038 6221 2577
f 2038 5680 6221
f 2037 5680 2038
f 2037 5681 5680
f 2036 5681 2037
f 2036 5682 5681
f 2584 5682 2036
f 2584 6229 5682
f 2585 6229 2584
f 2585 6228 6229
f 2587 6228 2585
f 2587 6231 6228
f 2561 6231 2587
f 2561 6203 6231
f 2560 6203 2561
f 2560 6204 6203
f 2559 6204 2560
f 2559 6205 6204
f 2557 6205 2559
f 2557 6201 6205
f 2586 6201 2557
f 2586 6230 6201
f 2556 6230 2586
f 2556 6202 6230
f 2592 6202 2556
f 2592 6235 6202
f 2591 6235 2592
f 2591 6236 6235
f 2595 6236 2591
f 2595 6239 6236
f 2554 6239 2595
f 2554 6199 6239
f 2555 6199 2554
f 2555 6198 6199
f 2344 6198 2555
f 2344 5990 6198
f 2497 5990 2344
f 2497 6143 5990
f 2499 6143 2497
f 2499 6141 6143
f 2498 6141 2499
f 2498 6142 6141
f 2509 6142 2498
f 2509 6154 6142
f 2510 6154 2509
f 2510 6153 6154
f 2599 6153 2510
f 2599 6243 6153
f 2519 6243 2599
f 2519 6163 6243
f 2600 6163 2519
f 2600 6244 6163
f 2524 6244 2600
f 2524 6167 6244
f 2602 6167 2524
f 2602 6246 6167
f 2601 6246 2602
f 2601 6245 6246
f 2603 6245 2601
f 2603 6247 6245
f 2529 6247 2603
f 2529 6175 6247
f 2539 6175 2529
f 2539 6184 6175
f 2540 6184 2539
f 2540 6183 6184
f 2604 6183 2540
f 2604 6248 6183
f 2542 6248 2604
f 2542 6186 6248
f 2531 6186 2542
f 2531 6173 6186
f 2530 6173 2531
f 2530 6174 6173
f 2523 6174 2530
f 2523 6168 6174
f 2526 6168 2523
f 2526 6170 6168
f 2518 6170 2526
f 2518 6164 6170
f 2605 6164 2518
f 2605 6249 6164
f 2520 6249 2605
f 2520 6162 6249
f 2606 6162 2520
f 2606 6250 6162
f 2597 6250 2606
f 2597 6240 6250
f 2598 6240 2597
f 2598 6242 6240
f 2596 6242 2598
f 2596 6241 6242
f 2607 6241 2596
f 2607 6251 6241
f 2588 6251 2607
f 2588 6233 6251
f 2589 6233 2588
f 2589 6232 6233
f 2583 6232 2589
f 2583 6227 6232
f 2608 6227 2583
f 2608 6252 6227
f 2581 6252 2608
f 2581 6223 6252
f 2580 6223 2581
f 2580 6224 6223
f 2579 6224 2580
f 2579 6225 6224
f 2610 6225 2579
f 2610 6254 6225
f 2609 6254 2610
f 2609 6253 6254
f 2611 6253 2609
f 2611 6256 6253
f 2612 6256 2611
f 2612 6255 6256
f 2346 6255 2612
f 2346 5988 6255
f 2613 5988 2346
f 2613 6257 5988
f 2345 6257 2613
f 2345 5989 6257
f 2593 5989 2345
f 2593 6238 5989
f 2594 6238 2593
f 2594 6237 6238
f 2615 6237 2594
f 2615 6258 6237
f 2614 6258 2615
f 2614 6259 6258
f 2617 6259 2614
f 2617 6261 6259
f 2616 6261 2617
f 2616 6260 6261
f 2619 6260 2616
f 2619 6263 6260
f 2618 6263 2619
f 2618 6262 6263
f 2621 6262 2618
f 2621 6265 6262
f 2620 6265 2621
f 2620 6264 6265
f 2622 6264 2620
f 2622 6266 6264
f 2558 6266 2622
f 2558 6200 6266
f 2623 6200 2558
f 2623 6267 6200
f 2590 6267 2623
f 2590 6234 6267
f 2044 6234 2590
f 2044 5688 6234
f 2043 5688 2044
f 2043 5689 5688
f 2045 5689 2043
f 2045 5687 5689
f 2627 5687 2045
f 2627 6271 5687
f 2578 6271 2627
f 2578 6222 6271
f 2582 6222 2578
f 2582 6226 6222
f 2576 6226 2582
f 2576 6219 6226
f 2628 6219 2576
f 2628 6272 6219
f 2575 6272 2628
f 2575 6220 6272
f 2629 6220 2575
f 2629 6273 6220
f 2574 6273 2629
f 2574 6217 6273
f 2630 6217 2574
f 2630 6274 6217
f 2573 6274 2630
f 2573 6218 6274
f 2632 6218 2573
f 2632 6276 6218
f 2631 6276 2632
f 2631 6275 6276
f 2633 6275 2631
f 2633 6277 6275
f 2571 6277 2633
f 2571 6214 6277
f 2570 6214 2571
f 2570 6215 6214
f 2123 6215 2570
f 2123 5769 6215
f 2636 5769 2123
f 2636 6280 5769
f 2637 6280 2636
f 2637 6281 6280
f 2625 6281 2637
f 2625 6269 6281
f 2638 6269 2625
f 2638 6282 6269
f 2624 6282 2638
f 2624 6270 6282
f 2626 6270 2624
f 2626 6268 6270
f 2640 6268 2626
f 2640 6284 6268
f 2564 6284 2640
f 2564 6206 6284
f 2639 6206 2564
f 2639 6283 6206
f 2642 6283 2639
f 2642 6286 6283
f 2563 6286 2642
f 2563 6207 6286
f 2635 6207 2563
f 2635 6278 6207
f 2634 6278 2635
f 2634 6279 6278
f 2641 6279 2634
f 2641 6285 6279
f 2643 6285 2641
f 2643 6287 6285
f 2032 6287 2643
f 2032 5676 6287
f 2031 5676 2032
f 2031 5677 5676
f 2033 5677 2031
f 2033 5675 5677
f 2644 5675 2033
f 2644 6288 5675
f 2562 6288 2644
f 2562 6208 6288
f 2567 6208 2562
f 2567 6211 6208
f 2125 6211 2567
f 2125 5767 6211
f 2645 5767 2125
f 2645 6289 5767
f 2047 6289 2645
f 2047 5690 6289
f 2046 5690 2047
f 2046 5691 5690
f 2661 5691 2046
f 2661 6305 5691
f 2657 6305 2661
f 2657 6300 6305
f 2663 6300 2657
f 2663 6307 6300
f 2656 6307 2663
f 2656 6301 6307
f 2664 6301 2656
f 2664 6308 6301
f 2662 6308 2664
f 2662 6306 6308
f 2655 6306 2662
f 2655 6299 6306
f 2120 5753 2107
f 2120 5763 5753
f 2119 5763 2120
f 2119 5764 5763
f 2668 5764 2119
f 2668 6313 5764
f 2669 6313 2668
f 2669 6312 6313
f 2675 6312 2669
f 2675 6319 6312
f 2671 6319 2675
f 2671 6314 6319
f 2681 6314 2671
f 2681 6324 6314
f 2680 6324 2681
f 2680 6325 6324
f 2685 6325 2680
f 2685 6329 6325
f 2684 6329 2685
f 2684 6326 6329
f 2683 6326 2684
f 2683 6327 6326
f 2682 6327 2683
f 2682 6328 6327
f 2686 6328 2682
f 2686 6330 6328
f 2674 6330 2686
f 2674 6316 6330
f 2690 6316 2674
f 2690 6334 6316
f 2673 6334 2690
f 2673 6317 6334
f 2695 6317 2673
f 2695 6338 6317
f 2694 6338 2695
f 2694 6339 6338
f 2697 6339 2694
f 2697 6341 6339
f 2691 6341 2697
f 2691 6337 6341
f 2701 6337 2691
f 2701 6345 6337
f 2693 6345 2701
f 2693 6335 6345
f 2705 6335 2693
f 2705 6349 6335
f 2696 6349 2705
f 2696 6340 6349
f 2707 6340 2696
f 2707 6351 6340
f 2706 6351 2707
f 2706 6352 6351
f 2708 6352 2706
f 2708 6350 6352
f 2716 6350 2708
f 2716 6359 6350
f 2715 6359 2716
f 2715 6360 6359
f 2717 6360 2715
f 2717 6362 6360
f 2718 6362 2717
f 2718 6361 6362
f 2721 6361 2718
f 2721 6366 6361
f 2722 6366 2721
f 2722 6365 6366
f 2725 6365 2722
f 2725 6369 6365
f 2704 6369 2725
f 2704 6346 6369
f 2728 6346 2704
f 2728 6372 6346
f 2703 6372 2728
f 2703 6347 6372
f 2730 6347 2703
f 2730 6374 6347
f 2665 6374 2730
f 2665 6311 6374
f 2732 6311 2665
f 2732 6376 6311
f 2667 6376 2732
f 2667 6309 6376
f 2734 6309 2667
f 2734 6379 6309
f 2735 6379 2734
f 2735 6378 6379
f 2738 6378 2735
f 2738 6383 6378
f 2739 6383 2738
f 2739 6382 6383
f 2742 6382 2739
f 2742 6387 6382
f 2743 6387 2742
f 2743 6386 6387
f 2746 6386 2743
f 2746 6390 6386
f 2676 6390 2746
f 2676 6321 6390
f 2647 6321 2676
f 2647 6291 6321
f 2646 6291 2647
f 2646 6292 6291
f 2648 6292 2646
f 2648 6290 6292
f 2748 6290 2648
f 2748 6391 6290
f 2747 6391 2748
f 2747 6392 6391
f 2750 6392 2747
f 2750 6394 6392
f 2736 6394 2750
f 2736 6381 6394
f 2754 6381 2736
f 2754 6398 6381
f 2689 6398 2754
f 2689 6331 6398
f 2758 6331 2689
f 2758 6403 6331
f 2759 6403 2758
f 2759 6402 6403
f 2761 6402 2759
f 2761 6405 6402
f 2719 6405 2761
f 2719 6364 6405
f 2764 6364 2719
f 2764 6408 6364
f 2720 6408 2764
f 2720 6363 6408
f 2767 6363 2720
f 2767 6411 6363
f 2752 6411 2767
f 2752 6396 6411
f 2769 6396 2752
f 2769 6413 6396
f 2751 6413 2769
f 2751 6397 6413
f 2772 6397 2751
f 2772 6415 6397
f 2771 6415 2772
f 2771 6416 6415
f 2773 6416 2771
f 2773 6417 6416
f 2714 6417 2773
f 2714 6356 6417
f 2774 6356 2714
f 2774 6418 6356
f 2766 6418 2774
f 2766 6410 6418
f 2749 6410 2766
f 2749 6393 6410
f 2775 6393 2749
f 2775 6419 6393
f 2760 6419 2775
f 2760 6404 6419
f 2778 6404 2760
f 2778 6423 6404
f 2779 6423 2778
f 2779 6422 6423
f 2782 6422 2779
f 2782 6426 6422
f 2740 6426 2782
f 2740 6385 6426
f 2788 6385 2740
f 2788 6432 6385
f 2741 6432 2788
f 2741 6384 6432
f 2791 6384 2741
f 2791 6435 6384
f 2745 6435 2791
f 2745 6388 6435
f 2794 6388 2745
f 2794 6437 6388
f 2793 6437 2794
f 2793 6438 6437
f 2795 6438 2793
f 2795 6439 6438
f 2777 6439 2795
f 2777 6420 6439
f 2796 6420 2777
f 2796 6440 6420
f 2180 6440 2796
f 2180 5826 6440
f 2182 5826 2180
f 2182 5824 5826
f 2181 5824 2182
f 2181 5825 5824
f 2800 5825 2181
f 2800 6444 5825
f 2755 6444 2800
f 2755 6401 6444
f 2802 6401 2755
f 2802 6446 6401
f 2762 6446 2802
f 2762 6407 6446
f 2801 6407 2762
f 2801 6445 6407
f 2803 6445 2801
f 2803 6447 6445
f 2763 6447 2803
f 2763 6406 6447
f 2804 6406 2763
f 2804 6448 6406
f 2770 6448 2804
f 2770 6414 6448
f 2812 6414 2770
f 2812 6455 6414
f 2811 6455 2812
f 2811 6456 6455
f 2815 6456 2811
f 2815 6459 6456
f 2130 6459 2815
f 2130 5772 6459
f 2129 5772 2130
f 2129 5773 5772
f 2128 5773 2129
f 2128 5774 5773
f 2819 5774 2128
f 2819 6462 5774
f 2818 6462 2819
f 2818 6463 6462
f 2822 6463 2818
f 2822 6467 6463
f 2823 6467 2822
f 2823 6466 6467
f 2827 6466 2823
f 2827 6471 6466
f 2798 6471 2827
f 2798 6442 6471
f 2834 6442 2798
f 2834 6478 6442
f 2797 6478 2834
f 2797 6443 6478
f 2813 6443 2797
f 2813 6457 6443
f 2785 6457 2813
f 2785 6431 6457
f 2816 6431 2785
f 2816 6460 6431
f 2787 6460 2816
f 2787 6429 6460
f 2817 6429 2787
f 2817 6461 6429
f 2651 6461 2817
f 2651 6293 6461
f 2821 6293 2651
f 2821 6464 6293
f 2820 6464 2821
f 2820 6465 6464
f 2650 6465 2820
f 2650 6294 6465
f 2847 6294 2650
f 2847 6491 6294
f 2784 6491 2847
f 2784 6427 6491
f 2848 6427 2784
f 2848 6492 6427
f 2838 6492 2848
f 2838 6481 6492
f 2850 6481 2838
f 2850 6494 6481
f 2654 6494 2850
f 2654 6296 6494
f 2653 6296 2654
f 2653 6297 6296
f 2652 6297 2653
f 2652 6298 6297
f 2855 6298 2652
f 2855 6498 6298
f 2854 6498 2855
f 2854 6499 6498
f 2858 6499 2854
f 2858 6502 6499
f 2853 6502 2858
f 2853 6497 6502
f 2860 6497 2853
f 2860 6504 6497
f 2064 6504 2860
f 2064 5708 6504
f 2864 5708 2064
f 2864 6508 5708
f 2063 6508 2864
f 2063 5709 6508
f 2866 5709 2063
f 2866 6510 5709
f 2184 6510 2866
f 2184 5827 6510
f 2868 5827 2184
f 2868 6511 5827
f 2867 6511 2868
f 2867 6512 6511
f 2842 6512 2867
f 2842 6485 6512
f 2869 6485 2842
f 2869 6513 6485
f 2849 6513 2869
f 2849 6493 6513
f 2870 6493 2849
f 2870 6514 6493
f 2824 6514 2870
f 2824 6470 6514
f 2873 6470 2824
f 2873 6517 6470
f 2826 6517 2873
f 2826 6468 6517
f 2875 6468 2826
f 2875 6520 6468
f 2876 6520 2875
f 2876 6519 6520
f 2877 6519 2876
f 2877 6522 6519
f 2878 6522 2877
f 2878 6521 6522
f 2879 6521 2878
f 2879 6524 6521
f 2880 6524 2879
f 2880 6523 6524
f 2881 6523 2880
f 2881 6525 6523
f 2780 6525 2881
f 2780 6425 6525
f 2882 6425 2780
f 2882 6526 6425
f 2660 6526 2882
f 2660 6302 6526
f 2659 6302 2660
f 2659 6303 6302
f 2658 6303 2659
f 2658 6304 6303
f 2889 6304 2658
f 2889 6533 6304
f 2859 6533 2889
f 2859 6503 6533
f 2892 6503 2859
f 2892 6535 6503
f 2891 6535 2892
f 2891 6536 6535
f 2895 6536 2891
f 2895 6538 6536
f 2894 6538 2895
f 2894 6539 6538
f 2896 6539 2894
f 2896 6540 6539
f 2898 6540 2896
f 2898 6542 6540
f 2886 6542 2898
f 2886 6532 6542
f 2901 6532 2886
f 2901 6545 6532
f 2888 6545 2901
f 2888 6530 6545
f 2904 6530 2888
f 2904 6547 6530
f 2903 6547 2904
f 2903 6548 6547
f 2906 6548 2903
f 2906 6550 6548
f 2885 6550 2906
f 2885 6527 6550
f 2909 6527 2885
f 2909 6553 6527
f 2884 6553 2909
f 2884 6528 6553
f 2910 6528 2884
f 2910 6554 6528
f 2893 6554 2910
f 2893 6537 6554
f 2912 6537 2893
f 2912 6556 6537
f 2897 6556 2912
f 2897 6541 6556
f 2913 6541 2897
f 2913 6557 6541
f 2902 6557 2913
f 2902 6546 6557
f 2915 6546 2902
f 2915 6559 6546
f 2905 6559 2915
f 2905 6549 6559
f 2914 6549 2905
f 2914 6558 6549
f 2911 6558 2914
f 2911 6555 6558
f 2109 6555 2911
f 2109 5751 6555
f 2108 5751 2109
f 2108 5752 5751
f 2107 5752 2108
f 2107 5753 5752
f 2908 6551 2907
f 6552 2907 6551
f 2899 6544 2908
f 6551 2908 6544
f 2900 6543 2899
f 6544 2899 6543
f 2890 6534 2900
f 6543 2900 6534
f 2916 6560 2890
f 6534 2890 6560
f 2883 6529 2916
f 6560 2916 6529
f 2918 6562 2883
f 6529 2883 6562
f 2887 6531 2918
f 6562 2918 6531
f 2809 6453 2887
f 6531 2887 6453
f 2808 6454 2809
f 6453 2809 6454
f 2810 6452 2808
f 6454 2808 6452
f 2917 6561 2810
f 6452 2810 6561
f 2781 6424 2917
f 6561 2917 6424
f 2919 6563 2781
f 6424 2781 6563
f 2806 6450 2919
f 6563 2919 6450
f 2805 6451 2806
f 6450 2806 6451
f 2807 6449 2805
f 6451 2805 6449
f 2923 6567 2807
f 6449 2807 6567
f 2920 6564 2923
f 6567 2923 6564
f 2926 6570 2920
f 6564 2920 6570
f 2825 6469 2926
f 6570 2926 6469
f 2927 6571 2825
f 6469 2825 6571
f 2841 6486 2927
f 6571 2927 6486
f 2183 5828 2841
f 6486 2841 5828
f 2924 6568 2183
f 5828 2183 6568
f 2065 5707 2924
f 6568 2924 5707
f 2925 6569 2065
f 5707 2065 6569
f 2851 6495 2925
f 6569 2925 6495
f 2928 6572 2851
f 6495 2851 6572
f 2922 6565 2928
f 6572 2928 6565
f 2921 6566 2922
f 6565 2922 6566
f 2837 6482 2921
f 6566 2921 6482
f 2932 6576 2837
f 6482 2837 6576
f 2783 6428 2932
f 6576 2932 6428
f 2933 6577 2783
f 6428 2783 6577
f 2649 6295 2933
f 6577 2933 6295
f 2786 6430 2649
f 6295 2649 6430
f 2931 6575 2786
f 6430 2786 6575
f 2799 6441 2931
f 6575 2931 6441
f 2934 6578 2799
f 6441 2799 6578
f 2814 6458 2934
f 6578 2934 6458
f 2935 6579 2814
f 6458 2814 6579
f 2929 6574 2935
f 6579 2935 6574
f 2930 6573 2929
f 6574 2929 6573
f 2790 6433 2930
f 6573 2930 6433
f 2792 6436 2790
f 6433 2790 6436
f 2789 6434 2792
f 6436 2792 6434
f 2857 6500 2789
f 6434 2789 6500
f 2856 6501 2857
f 6500 2857 6501
f 2938 6582 2856
f 6501 2856 6582
f 2768 6412 2938
f 6582 2938 6412
f 2757 6399 2768
f 6412 2768 6399
f 2765 6409 2757
f 6399 2757 6409
f 2756 6400 2765
f 6409 2765 6400
f 2937 6581 2756
f 6400 2756 6581
f 2936 6580 2937
f 6581 2937 6580
f 2939 6583 2936
f 6580 2936 6583
f 2776 6421 2939
f 6583 2939 6421
f 2941 6585 2776
f 6421 2776 6585
f 2940 6584 2941
f 6585 2941 6584
f 2942 6586 2940
f 6584 2940 6586
f 2744 6389 2942
f 6586 2942 6389
f 2944 6588 2744
f 6389 2744 6588
f 2699 6343 2944
f 6588 2944 6343
f 2698 6344 2699
f 6343 2699 6344
f 2700 6342 2698
f 6344 2698 6342
f 2713 6357 2700
f 6342 2700 6357
f 2729 6373 2713
f 6357 2713 6373
f 2712 6358 2729
f 6373 2729 6358
f 2943 6587 2712
f 6358 2712 6587
f 2753 6395 2943
f 6587 2943 6395
f 2945 6589 2753
f 6395 2753 6589
f 2727 6370 2945
f 6589 2945 6370
f 2726 6371 2727
f 6370 2727 6371
f 2688 6332 2726
f 6371 2726 6332
f 2731 6375 2688
f 6332 2688 6375
f 2687 6333 2731
f 6375 2731 6333
f 2946 6590 2687
f 6333 2687 6590
f 2737 6380 2946
f 6590 2946 6380
f 2677 6320 2737
f 6380 2737 6320
f 2733 6377 2677
f 6320 2677 6377
f 2724 6367 2733
f 6377 2733 6367
f 2723 6368 2724
f 6367 2724 6368
f 2666 6310 2723
f 6368 2723 6310
f 2947 6591 2666
f 6310 2666 6591
f 2702 6348 2947
f 6591 2947 6348
f 2948 6592 2702
f 6348 2702 6592
f 2709 6355 2948
f 6592 2948 6355
f 2711 6353 2709
f 6355 2709 6353
f 2710 6354 2711
f 6353 2711 6354
f 2949 6593 2710
f 6354 2710 6593
f 2861 6507 2949
f 6593 2949 6507
f 2863 6505 2861
f 6507 2861 6505
f 2862 6506 2863
f 6505 2863 6506
f 2950 6595 2862
f 6506 2862 6595
f 2951 6594 2950
f 6595 2950 6594
f 2692 6336 2951
f 6594 2951 6336
f 2865 6509 2692
f 6336 2692 6509
f 2679 6322 2865
f 6509 2865 6322
f 2678 6323 2679
f 6322 2679 6323
f 2672 6318 2678
f 6323 2678 6318
f 2952 6596 2672
f 6318 2672 6596
f 2872 6515 2952
f 6596 2952 6515
f 2953 6597 2872
f 6515 2872 6597
f 2871 6516 2953
f 6597 2953 6516
f 2954 6598 2871
f 6516 2871 6598
f 2874 6518 2954
f 6598 2954 6518
f 2955 6599 2874
f 6518 2874 6599
f 2670 6315 2955
f 6599 2955 6315
f 2907 6552 2670
f 6315 2670 6552
f 2956 6601 2957
f 2956 6602 6601
f 2958 6602 2956
f 2958 6600 6602
f 2960 6600 2958
f 2960 6604 6600
f 2252 6604 2960
f 2252 5895 6604
f 2251 5895 2252
f 2251 5896 5895
f 2207 5896 2251
f 2207 5851 5896
f 2968 5851 2207
f 2968 6612 5851
f 2206 6612 2968
f 2206 5852 6612
f 2258 5852 2206
f 2258 5902 5852
f 2240 5902 2258
f 2240 5882 5902
f 2261 5882 2240
f 2261 5905 5882
f 2239 5905 2261
f 2239 5883 5905
f 2971 5883 2239
f 2971 6615 5883
f 2264 6615 2971
f 2264 5906 6615
f 2268 5906 2264
f 2268 5912 5906
f 2263 5912 2268
f 2263 5907 5912
f 2973 5907 2263
f 2973 6617 5907
f 2970 6617 2973
f 2970 6614 6617
f 2974 6614 2970
f 2974 6618 6614
f 2961 6618 2974
f 2961 6606 6618
f 2966 6606 2961
f 2966 6609 6606
f 2965 6609 2966
f 2965 6610 6609
f 2247 6610 2965
f 2247 5891 6610
f 2246 5891 2247
f 2246 5892 5891
f 2248 5892 2246
f 2248 5890 5892
f 2975 5890 2248
f 2975 6619 5890
f 2967 6619 2975
f 2967 6611 6619
f 2972 6611 2967
f 2972 6616 6611
f 2964 6616 2972
f 2964 6607 6616
f 2963 6607 2964
f 2963 6608 6607
f 2962 6608 2963
f 2962 6605 6608
f 2982 6605 2962
f 2982 6626 6605
f 2959 6626 2982
f 2959 6603 6626
f 2244 6603 2959
f 2244 5886 6603
f 2243 5886 2244
f 2243 5887 5886
f 2242 5887 2243
f 2242 5888 5887
f 2983 5888 2242
f 2983 6627 5888
f 2969 6627 2983
f 2969 6613 6627
f 2984 6613 2969
f 2984 6628 6613
f 2262 6628 2984
f 2262 5908 6628
f 2985 5908 2262
f 2985 6629 5908
f 2238 6629 2985
f 2238 5884 6629
f 2987 5884 2238
f 2987 6631 5884
f 2986 6631 2987
f 2986 6630 6631
f 2990 6630 2986
f 2990 6634 6630
f 2208 6634 2990
f 2208 5850 6634
f 2989 5850 2208
f 2989 6632 5850
f 2988 6632 2989
f 2988 6633 6632
f 2992 6633 2988
f 2992 6635 6633
f 2991 6635 2992
f 2991 6636 6635
f 2994 6636 2991
f 2994 6637 6636
f 2996 6637 2994
f 2996 6639 6637
f 2995 6639 2996
f 2995 6640 6639
f 3003 6640 2995
f 3003 6646 6640
f 3002 6646 3003
f 3002 6647 6646
f 3004 6647 3002
f 3004 6649 6647
f 3005 6649 3004
f 3005 6648 6649
f 3009 6648 3005
f 3009 6654 6648
f 3010 6654 3009
f 3010 6653 6654
f 3014 6653 3010
f 3014 6658 6653
f 3001 6658 3014
f 3001 6644 6658
f 3018 6644 3001
f 3018 6663 6644
f 3019 6663 3018
f 3019 6662 6663
f 3025 6662 3019
f 3025 6669 6662
f 3024 6669 3025
f 3024 6670 6669
f 3026 6670 3024
f 3026 6668 6670
f 3029 6668 3026
f 3029 6673 6668
f 3028 6673 3029
f 3028 6671 6673
f 3027 6671 3028
f 3027 6672 6671
f 2254 6672 3027
f 2254 5900 6672
f 3030 5900 2254
f 3030 6674 5900
f 2256 6674 3030
f 2256 5898 6674
f 3034 5898 2256
f 3034 6678 5898
f 3020 6678 3034
f 3020 6664 6678
f 3036 6664 3020
f 3036 6680 6664
f 3021 6680 3036
f 3021 6666 6680
f 3039 6666 3021
f 3039 6683 6666
f 3022 6683 3039
f 3022 6665 6683
f 3040 6665 3022
f 3040 6684 6665
f 3033 6684 3040
f 3033 6675 6684
f 3044 6675 3033
f 3044 6688 6675
f 3032 6688 3044
f 3032 6676 6688
f 2211 6676 3032
f 2211 5854 6676
f 2210 5854 2211
f 2210 5855 5854
f 2196 5855 2210
f 2196 5838 5855
f 2195 5838 2196
f 2195 5839 5838
f 2194 5839 2195
f 2194 5840 5839
f 3057 5840 2194
f 3057 6701 5840
f 2162 6701 3057
f 2162 5804 6701
f 2161 5804 2162
f 2161 5805 5804
f 2160 5805 2161
f 2160 5806 5805
f 3059 5806 2160
f 3059 6703 5806
f 3049 6703 3059
f 3049 6691 6703
f 3062 6691 3049
f 3062 6705 6691
f 3061 6705 3062
f 3061 6706 6705
f 3063 6706 3061
f 3063 6708 6706
f 3064 6708 3063
f 3064 6707 6708
f 2186 6707 3064
f 2186 5829 6707
f 2185 5829 2186
f 2185 5830 5829
f 8 5830 2185
f 8 3650 5830
f 3078 3650 8
f 3078 6722 3650
f 3060 6722 3078
f 3060 6704 6722
f 3081 6704 3060
f 3081 6725 6704
f 141 6725 3081
f 141 3787 6725
f 2237 3787 141
f 2237 5880 3787
f 2236 5880 2237
f 2236 5881 5880
f 3085 5881 2236
f 3085 6729 5881
f 3067 6729 3085
f 3067 6710 6729
f 3088 6710 3067
f 3088 6732 6710
f 3070 6732 3088
f 3070 6714 6732
f 3074 6714 3070
f 3074 6718 6714
f 3086 6718 3074
f 3086 6731 6718
f 3087 6731 3086
f 3087 6730 6731
f 3089 6730 3087
f 3089 6733 6730
f 3083 6733 3089
f 3083 6727 6733
f 3090 6727 3083
f 3090 6734 6727
f 3082 6734 3090
f 3082 6728 6734
f 3092 6728 3082
f 3092 6737 6728
f 3093 6737 3092
f 3093 6736 6737
f 3094 6736 3093
f 3094 6738 6736
f 3080 6738 3094
f 3080 6723 6738
f 3098 6723 3080
f 3098 6742 6723
f 3079 6742 3098
f 3079 6724 6742
f 3099 6724 3079
f 3099 6743 6724
f 2976 6743 3099
f 2976 6622 6743
f 3103 6622 2976
f 3103 6747 6622
f 2979 6747 3103
f 2979 6625 6747
f 2981 6625 2979
f 2981 6623 6625
f 2980 6623 2981
f 2980 6624 6623
f 3108 6624 2980
f 3108 6752 6624
f 3104 6752 3108
f 3104 6748 6752
f 3102 6748 3104
f 3102 6746 6748
f 3109 6746 3102
f 3109 6753 6746
f 3101 6753 3109
f 3101 6744 6753
f 3107 6744 3101
f 3107 6751 6744
f 3100 6751 3107
f 3100 6745 6751
f 3105 6745 3100
f 3105 6750 6745
f 3110 6750 3105
f 3110 6754 6750
f 3106 6754 3110
f 3106 6749 6754
f 3111 6749 3106
f 3111 6755 6749
f 3112 6755 3111
f 3112 6756 6755
f 3096 6756 3112
f 3096 6740 6756
f 3095 6740 3096
f 3095 6741 6740
f 3097 6741 3095
f 3097 6739 6741
f 2978 6739 3097
f 2978 6620 6739
f 3091 6620 2978
f 3091 6735 6620
f 2977 6735 3091
f 2977 6621 6735
f 3113 6621 2977
f 3113 6757 6621
f 3075 6757 3113
f 3075 6721 6757
f 3077 6721 3075
f 3077 6719 6721
f 3076 6719 3077
f 3076 6720 6719
f 3115 6720 3076
f 3115 6759 6720
f 3114 6759 3115
f 3114 6758 6759
f 3117 6758 3114
f 3117 6761 6758
f 3116 6761 3117
f 3116 6760 6761
f 3118 6760 3116
f 3118 6762 6760
f 3084 6762 3118
f 3084 6726 6762
f 3120 6726 3084
f 3120 6764 6726
f 3119 6764 3120
f 3119 6763 6764
f 3121 6763 3119
f 3121 6765 6763
f 2218 6765 3121
f 2218 5860 6765
f 2217 5860 2218
f 2217 5861 5860
f 2216 5861 2217
f 2216 5862 5861
f 3073 5862 2216
f 3073 6716 5862
f 3072 6716 3073
f 3072 6717 6716
f 3071 6717 3072
f 3071 6715 6717
f 3122 6715 3071
f 3122 6766 6715
f 3069 6766 3122
f 3069 6712 6766
f 3068 6712 3069
f 3068 6713 6712
f 3066 6713 3068
f 3066 6711 6713
f 3123 6711 3066
f 3123 6767 6711
f 3065 6767 3123
f 3065 6709 6767
f 3124 6709 3065
f 3124 6768 6709
f 143 6768 3124
f 143 3785 6768
f 3125 3785 143
f 3125 6769 3785
f 142 6769 3125
f 142 3786 6769
f 3127 3786 142
f 3127 6771 3786
f 3126 6771 3127
f 3126 6770 6771
f 3128 6770 3126
f 3128 6772 6770
f 7 6772 3128
f 7 3651 6772
f 3129 3651 7
f 3129 6773 3651
f 6 6773 3129
f 6 3652 6773
f 3130 3652 6
f 3130 6774 3652
f 3054 6774 3130
f 3054 6700 6774
f 3056 6700 3054
f 3056 6698 6700
f 3058 6698 3056
f 3058 6702 6698
f 3055 6702 3058
f 3055 6699 6702
f 3131 6699 3055
f 3131 6775 6699
f 3053 6775 3131
f 3053 6697 6775
f 3132 6697 3053
f 3132 6776 6697
f 3048 6776 3132
f 3048 6692 6776
f 3052 6692 3048
f 3052 6696 6692
f 3047 6696 3052
f 3047 6693 6696
f 3051 6693 3047
f 3051 6694 6693
f 3050 6694 3051
f 3050 6695 6694
f 3136 6695 3050
f 3136 6781 6695
f 3137 6781 3136
f 3137 6780 6781
f 3139 6780 3137
f 3139 6783 6780
f 3138 6783 3139
f 3138 6782 6783
f 3140 6782 3138
f 3140 6784 6782
f 3045 6784 3140
f 3045 6690 6784
f 3046 6690 3045
f 3046 6689 6690
f 3043 6689 3046
f 3043 6685 6689
f 3042 6685 3043
f 3042 6686 6685
f 3041 6686 3042
f 3041 6687 6686
f 3142 6687 3041
f 3142 6786 6687
f 3141 6786 3142
f 3141 6785 6786
f 3143 6785 3141
f 3143 6787 6785
f 3035 6787 3143
f 3035 6679 6787
f 3038 6679 3035
f 3038 6681 6679
f 3037 6681 3038
f 3037 6682 6681
f 3031 6682 3037
f 3031 6677 6682
f 3144 6677 3031
f 3144 6788 6677
f 2212 6788 3144
f 2212 5857 6788
f 2213 5857 2212
f 2213 5856 5857
f 13 5856 2213
f 13 3657 5856
f 12 3657 13
f 12 3658 3657
f 14 3658 12
f 14 3656 3658
f 3152 3656 14
f 3152 6796 3656
f 3148 6796 3152
f 3148 6792 6796
f 3156 6792 3148
f 3156 6800 6792
f 3023 6800 3156
f 3023 6667 6800
f 3159 6667 3023
f 3159 6803 6667
f 3015 6803 3159
f 3015 6661 6803
f 3017 6661 3015
f 3017 6659 6661
f 3016 6659 3017
f 3016 6660 6659
f 3163 6660 3016
f 3163 6807 6660
f 2255 6807 3163
f 2255 5899 6807
f 3166 5899 2255
f 3166 6810 5899
f 3164 6810 3166
f 3164 6808 6810
f 3168 6808 3164
f 3168 6812 6808
f 3167 6812 3168
f 3167 6811 6812
f 3173 6811 3167
f 3173 6817 6811
f 3013 6817 3173
f 3013 6655 6817
f 3012 6655 3013
f 3012 6656 6655
f 3011 6656 3012
f 3011 6657 6656
f 3007 6657 3011
f 3007 6651 6657
f 3006 6651 3007
f 3006 6652 6651
f 3008 6652 3006
f 3008 6650 6652
f 3181 6650 3008
f 3181 6825 6650
f 3000 6825 3181
f 3000 6645 6825
f 3183 6645 3000
f 3183 6827 6645
f 2997 6827 3183
f 2997 6643 6827
f 2999 6643 2997
f 2999 6641 6643
f 2998 6641 2999
f 2998 6642 6641
f 3186 6642 2998
f 3186 6830 6642
f 3182 6830 3186
f 3182 6826 6830
f 3185 6826 3182
f 3185 6828 6826
f 3184 6828 3185
f 3184 6829 6828
f 3190 6829 3184
f 3190 6834 6829
f 3187 6834 3190
f 3187 6831 6834
f 3189 6831 3187
f 3189 6832 6831
f 3188 6832 3189
f 3188 6833 6832
f 3191 6833 3188
f 3191 6835 6833
f 2993 6835 3191
f 2993 6638 6835
f 2957 6638 2993
f 2957 6601 6638
f 3149 6794 3150
f 3149 6795 6794
f 3151 6795 3149
f 3151 6793 6795
f 3197 6793 3151
f 3197 6840 6793
f 3196 6840 3197
f 3196 6841 6840
f 3200 6841 3196
f 3200 6844 6841
f 3161 6844 3200
f 3161 6805 6844
f 3160 6805 3161
f 3160 6806 6805
f 3162 6806 3160
f 3162 6804 6806
f 3202 6804 3162
f 3202 6846 6804
f 3134 6846 3202
f 3134 6778 6846
f 3203 6778 3134
f 3203 6847 6778
f 3133 6847 3203
f 3133 6779 6847
f 3169 6779 3133
f 3169 6814 6779
f 3170 6814 3169
f 3170 6813 6814
f 3204 6813 3170
f 3204 6848 6813
f 3176 6848 3204
f 3176 6818 6848
f 3175 6818 3176
f 3175 6819 6818
f 3174 6819 3175
f 3174 6820 6819
f 3205 6820 3174
f 3205 6850 6820
f 3206 6850 3205
f 3206 6849 6850
f 3207 6849 3206
f 3207 6851 6849
f 3145 6851 3207
f 3145 6791 6851
f 3180 6791 3145
f 3180 6824 6791
f 3177 6824 3180
f 3177 6823 6824
f 3179 6823 3177
f 3179 6821 6823
f 3208 6821 3179
f 3208 6852 6821
f 3209 6852 3208
f 3209 6853 6852
f 3178 6853 3209
f 3178 6822 6853
f 3195 6822 3178
f 3195 6839 6822
f 3171 6839 3195
f 3171 6816 6839
f 3172 6816 3171
f 3172 6815 6816
f 3165 6815 3172
f 3165 6809 6815
f 3201 6809 3165
f 3201 6845 6809
f 3158 6845 3201
f 3158 6801 6845
f 3157 6801 3158
f 3157 6802 6801
f 3154 6802 3157
f 3154 6798 6802
f 3153 6798 3154
f 3153 6799 6798
f 3210 6799 3153
f 3210 6854 6799
f 3155 6854 3210
f 3155 6797 6854
f 3211 6797 3155
f 3211 6855 6797
f 3147 6855 3211
f 3147 6789 6855
f 3212 6789 3147
f 3212 6856 6789
f 3146 6856 3212
f 3146 6790 6856
f 3214 6790 3146
f 3214 6858 6790
f 3213 6858 3214
f 3213 6857 6858
f 3216 6857 3213
f 3216 6860 6857
f 3199 6860 3216
f 3199 6843 6860
f 3215 6843 3199
f 3215 6859 6843
f 3135 6859 3215
f 3135 6777 6859
f 3219 6777 3135
f 3219 6863 6777
f 3198 6863 3219
f 3198 6842 6863
f 3217 6842 3198
f 3217 6862 6842
f 3218 6862 3217
f 3218 6861 6862
f 3221 6861 3218
f 3221 6864 6861
f 3220 6864 3221
f 3220 6865 6864
f 3222 6865 3220
f 3222 6866 6865
f 3224 6866 3222
f 3224 6867 6866
f 3223 6867 3224
f 3223 6868 6867
f 3231 6868 3223
f 3231 6875 6868
f 3225 6875 3231
f 3225 6871 6875
f 3234 6871 3225
f 3234 6878 6871
f 3227 6878 3234
f 3227 6869 6878
f 3239 6869 3227
f 3239 6882 6869
f 3238 6882 3239
f 3238 6883 6882
f 3241 6883 3238
f 3241 6885 6883
f 3229 6885 3241
f 3229 6873 6885
f 3243 6873 3229
f 3243 6887 6873
f 3233 6887 3243
f 3233 6876 6887
f 3245 6876 3233
f 3245 6889 6876
f 3236 6889 3245
f 3236 6880 6889
f 3235 6880 3236
f 3235 6881 6880
f 3252 6881 3235
f 3252 6895 6881
f 3251 6895 3252
f 3251 6896 6895
f 3258 6896 3251
f 3258 6902 6896
f 3248 6902 3258
f 3248 6894 6902
f 3259 6894 3248
f 3259 6903 6894
f 3275 6903 3259
f 3275 6920 6903
f 3263 6920 3275
f 3263 6907 6920
f 3255 6907 3263
f 3255 6897 6907
f 3254 6897 3255
f 3254 6898 6897
f 3253 6898 3254
f 3253 6899 6898
f 3267 6899 3253
f 3267 6910 6899
f 3266 6910 3267
f 3266 6911 6910
f 3271 6911 3266
f 3271 6915 6911
f 3269 6915 3271
f 3269 6913 6915
f 3274 6913 3269
f 3274 6918 6913
f 3268 6918 3274
f 3268 6914 6918
f 3277 6914 3268
f 3277 6921 6914
f 3272 6921 3277
f 3272 6917 6921
f 3280 6917 3272
f 3280 6924 6917
f 3273 6924 3280
f 3273 6916 6924
f 3281 6916 3273
f 3281 6925 6916
f 3278 6925 3281
f 3278 6922 6925
f 3283 6922 3278
f 3283 6927 6922
f 3279 6927 3283
f 3279 6923 6927
f 3287 6923 3279
f 3287 6930 6923
f 3286 6930 3287
f 3286 6931 6930
f 3294 6931 3286
f 3294 6938 6931
f 3293 6938 3294
f 3293 6935 6938
f 3292 6935 3293
f 3292 6936 6935
f 3291 6936 3292
f 3291 6937 6936
f 3285 6937 3291
f 3285 6928 6937
f 3296 6928 3285
f 3296 6939 6928
f 3295 6939 3296
f 3295 6940 6939
f 3297 6940 3295
f 3297 6941 6940
f 3288 6941 3297
f 3288 6934 6941
f 3298 6934 3288
f 3298 6942 6934
f 3290 6942 3298
f 3290 6932 6942
f 3301 6932 3290
f 3301 6944 6932
f 3300 6944 3301
f 3300 6945 6944
f 3303 6945 3300
f 3303 6947 6945
f 856 6947 3303
f 856 4498 6947
f 855 4498 856
f 855 4499 4498
f 854 4499 855
f 854 4500 4499
f 3307 4500 854
f 3307 6951 4500
f 3302 6951 3307
f 3302 6946 6951
f 3308 6946 3302
f 3308 6952 6946
f 3306 6952 3308
f 3306 6950 6952
f 3312 6950 3306
f 3312 6955 6950
f 3311 6955 3312
f 3311 6956 6955
f 3314 6956 3311
f 3314 6957 6956
f 3313 6957 3314
f 3313 6958 6957
f 3318 6958 3313
f 3318 6962 6958
f 3323 6962 3318
f 3323 6966 6962
f 3322 6966 3323
f 3322 6967 6966
f 3328 6967 3322
f 3328 6971 6967
f 3327 6971 3328
f 3327 6972 6971
f 3329 6972 3327
f 3329 6973 6972
f 3315 6973 3329
f 3315 6961 6973
f 3333 6961 3315
f 3333 6977 6961
f 3317 6977 3333
f 3317 6959 6977
f 3334 6959 3317
f 3334 6979 6959
f 3335 6979 3334
f 3335 6978 6979
f 3337 6978 3335
f 3337 6982 6978
f 3338 6982 3337
f 3338 6981 6982
f 3342 6981 3338
f 3342 6986 6981
f 3319 6986 3342
f 3319 6965 6986
f 3344 6965 3319
f 3344 6988 6965
f 3321 6988 3344
f 3321 6963 6988
f 3346 6963 3321
f 3346 6990 6963
f 3336 6990 3346
f 3336 6980 6990
f 3347 6980 3336
f 3347 6991 6980
f 3326 6991 3347
f 3326 6968 6991
f 3349 6968 3326
f 3349 6992 6968
f 3348 6992 3349
f 3348 6993 6992
f 3332 6993 3348
f 3332 6974 6993
f 3354 6974 3332
f 3354 6998 6974
f 3331 6998 3354
f 3331 6975 6998
f 3356 6975 3331
f 3356 7000 6975
f 3345 7000 3356
f 3345 6989 7000
f 3358 6989 3345
f 3358 7001 6989
f 3357 7001 3358
f 3357 7002 7001
f 3360 7002 3357
f 3360 7004 7002
f 3353 7004 3360
f 3353 6995 7004
f 3361 6995 3353
f 3361 7005 6995
f 3352 7005 3361
f 3352 6996 7005
f 3363 6996 3352
f 3363 7007 6996
f 3355 7007 3363
f 3355 6999 7007
f 3362 6999 3355
f 3362 7006 6999
f 3359 7006 3362
f 3359 7003 7006
f 3364 7003 3359
f 3364 7008 7003
f 3260 7008 3364
f 3260 6906 7008
f 3365 6906 3260
f 3365 7009 6906
f 3366 7009 3365
f 3366 7010 7009
f 3256 7010 3366
f 3256 6901 7010
f 3257 6901 3256
f 3257 6900 6901
f 3250 6900 3257
f 3250 6892 6900
f 3367 6892 3250
f 3367 7011 6892
f 3249 7011 3367
f 3249 6893 7011
f 3368 6893 3249
f 3368 7013 6893
f 3369 7013 3368
f 3369 7012 7013
f 3371 7012 3369
f 3371 7015 7012
f 3370 7015 3371
f 3370 7014 7015
f 3372 7014 3370
f 3372 7016 7014
f 3246 7016 3372
f 3246 6891 7016
f 3247 6891 3246
f 3247 6890 6891
f 3240 6890 3247
f 3240 6884 6890
f 3242 6884 3240
f 3242 6886 6884
f 3244 6886 3242
f 3244 6888 6886
f 3237 6888 3244
f 3237 6879 6888
f 3373 6879 3237
f 3373 7017 6879
f 3232 7017 3373
f 3232 6877 7017
f 3374 6877 3232
f 3374 7018 6877
f 3228 7018 3374
f 3228 6874 7018
f 3375 6874 3228
f 3375 7019 6874
f 3230 7019 3375
f 3230 6872 7019
f 3377 6872 3230
f 3377 7020 6872
f 3376 7020 3377
f 3376 7021 7020
f 3379 7021 3376
f 3379 7023 7021
f 3226 7023 3379
f 3226 6870 7023
f 3381 6870 3226
f 3381 7025 6870
f 3378 7025 3381
f 3378 7022 7025
f 3382 7022 3378
f 3382 7026 7022
f 3380 7026 3382
f 3380 7024 7026
f 3384 7024 3380
f 3384 7028 7024
f 3383 7028 3384
f 3383 7027 7028
f 3385 7027 3383
f 3385 7029 7027
f 3192 7029 3385
f 3192 6838 7029
f 3194 6838 3192
f 3194 6836 6838
f 3193 6836 3194
f 3193 6837 6836
f 3150 6837 3193
f 3150 6794 6837
f 3262 6904 3350
f 6994 3350 6904
f 3261 6905 3262
f 6904 3262 6905
f 3389 7033 3261
f 6905 3261 7033
f 3351 6997 3389
f 7033 3389 6997
f 3387 7032 3351
f 6997 3351 7032
f 3388 7031 3387
f 7032 3387 7031
f 3390 7034 3388
f 7031 3388 7034
f 3339 6985 3390
f 7034 3390 6985
f 3341 6983 3339
f 6985 3339 6983
f 3340 6984 3341
f 6983 3341 6984
f 3392 7036 3340
f 6984 3340 7036
f 3330 6976 3392
f 7036 3392 6976
f 3393 7037 3330
f 6976 3330 7037
f 3325 6969 3393
f 7037 3393 6969
f 3395 7039 3325
f 6969 3325 7039
f 3324 6970 3395
f 7039 3395 6970
f 3320 6964 3324
f 6970 3324 6964
f 3394 7038 3320
f 6964 3320 7038
f 3391 7035 3394
f 7038 3394 7035
f 3396 7040 3391
f 7035 3391 7040
f 3316 6960 3396
f 7040 3396 6960
f 3398 7042 3316
f 6960 3316 7042
f 3397 7041 3398
f 7042 3398 7041
f 3310 6953 3397
f 7041 3397 6953
f 3309 6954 3310
f 6953 3310 6954
f 3304 6949 3309
f 6954 3309 6949
f 3305 6948 3304
f 6949 3304 6948
f 3299 6943 3305
f 6948 3305 6943
f 3399 7043 3299
f 6943 3299 7043
f 859 4501 3399
f 7043 3399 4501
f 858 4502 859
f 4501 859 4502
f 857 4503 858
f 4502 858 4503
f 3400 7044 857
f 4503 857 7044
f 3289 6933 3400
f 7044 3400 6933
f 3401 7045 3289
f 6933 3289 7045
f 3284 6929 3401
f 7045 3401 6929
f 3282 6926 3284
f 6929 3284 6926
f 3386 7030 3282
f 6926 3282 7030
f 3270 6912 3386
f 7030 3386 6912
f 3265 6908 3270
f 6912 3270 6908
f 3264 6909 3265
f 6908 3265 6909
f 3404 7048 3264
f 6909 3264 7048
f 3403 7047 3404
f 7048 3404 7047
f 3405 7049 3403
f 7047 3403 7049
f 3343 6987 3405
f 7049 3405 6987
f 3402 7046 3343
f 6987 3343 7046
f 3276 6919 3402
f 7046 3402 6919
f 3350 6994 3276
f 6919 3276 6994
f 2136 6484 2839
f 2136 5780 6484
f 2135 5780 2136
f 2135 5781 5780
f 2137 5781 2135
f 2137 5779 5781
f 3408 5779 2137
f 3408 7051 5779
f 3407 7051 3408
f 3407 7052 7051
f 3409 7052 3407
f 3409 7053 7052
f 2831 7053 3409
f 2831 6477 7053
f 2833 6477 2831
f 2833 6475 6477
f 2832 6475 2833
f 2832 6476 6475
f 2835 6476 2832
f 2835 6480 6476
f 2836 6480 2835
f 2836 6479 6480
f 3410 6479 2836
f 3410 7055 6479
f 3411 7055 3410
f 3411 7054 7055
f 3415 7054 3411
f 3415 7059 7054
f 2178 7059 3415
f 2178 5822 7059
f 2177 5822 2178
f 2177 5823 5822
f 2179 5823 2177
f 2179 5821 5823
f 3419 5821 2179
f 3419 7064 5821
f 3420 7064 3419
f 3420 7063 7064
f 3422 7063 3420
f 3422 7066 7063
f 3418 7066 3422
f 3418 7062 7066
f 3425 7062 3418
f 3425 7069 7062
f 2168 7069 3425
f 2168 5810 7069
f 2167 5810 2168
f 2167 5811 5810
f 3434 5811 2167
f 3434 7078 5811
f 3433 7078 3434
f 3433 7075 7078
f 3432 7075 3433
f 3432 7076 7075
f 3431 7076 3432
f 3431 7077 7076
f 3439 7077 3431
f 3439 7083 7077
f 2829 7083 3439
f 2829 6473 7083
f 3440 6473 2829
f 3440 7084 6473
f 3429 7084 3440
f 3429 7073 7084
f 3435 7073 3429
f 3435 7079 7073
f 2188 7079 3435
f 2188 5834 7079
f 3441 5834 2188
f 3441 7085 5834
f 3437 7085 3441
f 3437 7082 7085
f 3442 7082 3437
f 3442 7086 7082
f 2844 7086 3442
f 2844 6488 7086
f 2843 6488 2844
f 2843 6489 6488
f 2845 6489 2843
f 2845 6487 6489
f 3438 6487 2845
f 3438 7081 6487
f 3444 7081 3438
f 3444 7089 7081
f 3445 7089 3444
f 3445 7088 7089
f 2190 7088 3445
f 2190 5832 7088
f 3436 5832 2190
f 3436 7080 5832
f 2846 7080 3436
f 2846 6490 7080
f 3446 6490 2846
f 3446 7090 6490
f 3443 7090 3446
f 3443 7087 7090
f 3421 7087 3443
f 3421 7065 7087
f 2189 7065 3421
f 2189 5833 7065
f 3447 5833 2189
f 3447 7091 5833
f 3430 7091 3447
f 3430 7074 7091
f 3448 7074 3430
f 3448 7092 7074
f 2828 7092 3448
f 2828 6474 7092
f 3449 6474 2828
f 3449 7093 6474
f 2830 7093 3449
f 2830 6472 7093
f 3428 6472 2830
f 3428 7071 6472
f 3427 7071 3428
f 3427 7072 7071
f 3451 7072 3427
f 3451 7094 7072
f 3450 7094 3451
f 3450 7095 7094
f 3455 7095 3450
f 3455 7099 7095
f 3426 7099 3455
f 3426 7070 7099
f 3459 7070 3426
f 3459 7103 7070
f 3423 7103 3459
f 3423 7068 7103
f 3424 7068 3423
f 3424 7067 7068
f 2166 7067 3424
f 2166 5812 7067
f 3417 5812 2166
f 3417 7060 5812
f 3416 7060 3417
f 3416 7061 7060
f 3456 7061 3416
f 3456 7100 7061
f 2193 7100 3456
f 2193 5835 7100
f 2192 5835 2193
f 2192 5836 5835
f 2191 5836 2192
f 2191 5837 5836
f 3457 5837 2191
f 3457 7101 5837
f 3458 7101 3457
f 3458 7102 7101
f 3452 7102 3458
f 3452 7098 7102
f 3454 7098 3452
f 3454 7096 7098
f 3453 7096 3454
f 3453 7097 7096
f 3460 7097 3453
f 3460 7104 7097
f 2852 7104 3460
f 2852 6496 7104
f 2840 6496 2852
f 2840 6483 6496
f 2839 6483 2840
f 2839 6484 6483
f 2462 5972 2328
f 2462 6106 5972
f 1481 6106 2462
f 1481 5127 6106
f 1483 5127 1481
f 1483 5125 5127
f 1482 5125 1483
f 1482 5126 5125
f 2461 5126 1482
f 2461 6105 5126
f 2282 6105 2461
f 2282 5926 6105
f 2281 5926 2282
f 2281 5927 5926
f 2283 5927 2281
f 2283 5925 5927
f 2460 5925 2283
f 2460 6104 5925
f 1366 6104 2460
f 1366 5008 6104
f 1365 5008 1366
f 1365 5009 5008
f 1364 5009 1365
f 1364 5010 5009
f 2296 5010 1364
f 2296 5939 5010
f 2295 5939 2296
f 2295 5940 5939
f 2466 5940 2295
f 2466 6111 5940
f 2467 6111 2466
f 2467 6110 6111
f 2477 6110 2467
f 2477 6121 6110
f 2469 6121 2477
f 2469 6112 6121
f 2468 6112 2469
f 2468 6113 6112
f 2470 6113 2468
f 2470 6114 6113
f 2287 6114 2470
f 2287 5933 6114
f 2303 5933 2287
f 2303 5947 5933
f 2289 5947 2303
f 2289 5931 5947
f 2309 5931 2289
f 2309 5952 5931
f 2308 5952 2309
f 2308 5953 5952
f 2311 5953 2308
f 2311 5954 5953
f 2310 5954 2311
f 2310 5955 5954
f 2312 5955 2310
f 2312 5956 5955
f 1468 5956 2312
f 1468 5111 5956
f 1467 5111 1468
f 1467 5112 5111
f 2318 5112 1467
f 2318 5962 5112
f 1462 5962 2318
f 1462 5107 5962
f 1463 5107 1462
f 1463 5106 5107
f 1384 5106 1463
f 1384 5028 5106
f 1383 5028 1384
f 1383 5029 5028
f 1385 5029 1383
f 1385 5027 5029
f 3472 5027 1385
f 3472 7116 5027
f 2458 7116 3472
f 2458 6103 7116
f 2459 6103 2458
f 2459 6102 6103
f 3473 6102 2459
f 3473 7117 6102
f 2471 7117 3473
f 2471 6117 7117
f 3482 6117 2471
f 3482 7126 6117
f 2473 7126 3482
f 2473 6115 7126
f 2479 6115 2473
f 2479 6122 6115
f 2478 6122 2479
f 2478 6123 6122
f 3481 6123 2478
f 3481 7124 6123
f 3480 7124 3481
f 3480 7125 7124
f 3483 7125 3480
f 3483 7127 7125
f 1440 7127 3483
f 1440 5086 7127
f 3484 5086 1440
f 3484 7128 5086
f 2307 7128 3484
f 2307 5951 7128
f 3486 5951 2307
f 3486 7130 5951
f 2286 7130 3486
f 2286 5928 7130
f 3488 5928 2286
f 3488 7132 5928
f 2285 7132 3488
f 2285 5929 7132
f 3498 5929 2285
f 3498 7142 5929
f 1474 7142 3498
f 1474 5118 7142
f 3492 5118 1474
f 3492 7136 5118
f 1473 7136 3492
f 1473 5119 7136
f 3506 5119 1473
f 3506 7150 5119
f 3475 7150 3506
f 3475 7119 7150
f 3511 7119 3475
f 3511 7155 7119
f 3499 7155 3511
f 3499 7143 7155
f 3510 7143 3499
f 3510 7154 7143
f 3509 7154 3510
f 3509 7151 7154
f 3508 7151 3509
f 3508 7152 7151
f 3507 7152 3508
f 3507 7153 7152
f 3516 7153 3507
f 3516 7160 7153
f 3502 7160 3516
f 3502 7145 7160
f 3512 7145 3502
f 3512 7156 7145
f 3501 7156 3512
f 3501 7146 7156
f 3526 7146 3501
f 3526 7170 7146
f 3497 7170 3526
f 3497 7139 7170
f 3519 7139 3497
f 3519 7163 7139
f 3496 7163 3519
f 3496 7140 7163
f 3532 7140 3496
f 3532 7176 7140
f 2474 7176 3532
f 2474 6119 7176
f 3534 6119 2474
f 3534 7178 6119
f 2447 7178 3534
f 2447 6091 7178
f 2446 6091 2447
f 2446 6092 6091
f 3535 6092 2446
f 3535 7179 6092
f 3521 7179 3535
f 3521 7164 7179
f 3537 7164 3521
f 3537 7181 7164
f 3536 7181 3537
f 3536 7180 7181
f 1453 7180 3536
f 1453 5096 7180
f 1452 5096 1453
f 1452 5097 5096
f 1448 5097 1452
f 1448 5092 5097
f 1447 5092 1448
f 1447 5093 5092
f 1449 5093 1447
f 1449 5091 5093
f 3505 5091 1449
f 3505 7148 5091
f 3504 7148 3505
f 3504 7149 7148
f 1500 7149 3504
f 1500 5142 7149
f 1499 5142 1500
f 1499 5143 5142
f 1498 5143 1499
f 1498 5144 5143
f 3544 5144 1498
f 3544 7188 5144
f 2483 7188 3544
f 2483 6127 7188
f 3545 6127 2483
f 3545 7189 6127
f 2456 7189 3545
f 2456 6100 7189
f 1430 6100 2456
f 1430 5075 6100
f 3474 5075 1430
f 3474 7118 5075
f 1431 7118 3474
f 1431 5074 7118
f 3479 5074 1431
f 3479 7123 5074
f 2332 7123 3479
f 2332 5976 7123
f 3550 5976 2332
f 3550 7194 5976
f 3465 7194 3550
f 3465 7108 7194
f 3464 7108 3465
f 3464 7109 7108
f 1490 7109 3464
f 1490 5132 7109
f 3471 5132 1490
f 3471 7115 5132
f 3466 7115 3471
f 3466 7112 7115
f 3551 7112 3466
f 3551 7195 7112
f 3468 7195 3551
f 3468 7110 7195
f 3467 7110 3468
f 3467 7111 7110
f 3477 7111 3467
f 3477 7121 7111
f 3462 7121 3477
f 3462 7106 7121
f 3461 7106 3462
f 3461 7107 7106
f 3463 7107 3461
f 3463 7105 7107
f 3547 7105 3463
f 3547 7191 7105
f 3406 7191 3547
f 3406 7050 7191
f 3549 7050 3406
f 3549 7193 7050
f 1504 7193 3549
f 1504 5150 7193
f 1506 5150 1504
f 1506 5148 5150
f 1505 5148 1506
f 1505 5149 5148
f 3548 5149 1505
f 3548 7192 5149
f 2170 7192 3548
f 2170 5814 7192
f 2169 5814 2170
f 2169 5815 5814
f 2171 5815 2169
f 2171 5813 5815
f 3469 5813 2171
f 3469 7114 5813
f 3470 7114 3469
f 3470 7113 7114
f 3546 7113 3470
f 3546 7190 7113
f 3552 7190 3546
f 3552 7196 7190
f 3412 7196 3552
f 3412 7057 7196
f 3413 7057 3412
f 3413 7056 7057
f 1489 7056 3413
f 1489 5133 7056
f 3553 5133 1489
f 3553 7197 5133
f 1488 7197 3553
f 1488 5134 7197
f 3554 5134 1488
f 3554 7198 5134
f 2487 7198 3554
f 2487 6131 7198
f 3555 6131 2487
f 3555 7199 6131
f 1402 7199 3555
f 1402 5044 7199
f 1401 5044 1402
f 1401 5045 5044
f 1400 5045 1401
f 1400 5046 5045
f 2455 5046 1400
f 2455 6101 5046
f 2457 6101 2455
f 2457 6099 6101
f 2329 6099 2457
f 2329 5973 6099
f 3556 5973 2329
f 3556 7200 5973
f 2325 7200 3556
f 2325 5968 7200
f 3557 5968 2325
f 3557 7201 5968
f 2324 7201 3557
f 2324 5969 7201
f 3560 5969 2324
f 3560 7204 5969
f 3540 7204 3560
f 3540 7184 7204
f 3539 7184 3540
f 3539 7185 7184
f 3541 7185 3539
f 3541 7183 7185
f 3543 7183 3541
f 3543 7186 7183
f 3542 7186 3543
f 3542 7187 7186
f 3561 7187 3542
f 3561 7205 7187
f 3558 7205 3561
f 3558 7203 7205
f 3562 7203 3558
f 3562 7206 7203
f 3559 7206 3562
f 3559 7202 7206
f 3565 7202 3559
f 3565 7209 7202
f 3563 7209 3565
f 3563 7207 7209
f 3564 7207 3563
f 3564 7208 7207
f 3566 7208 3564
f 3566 7210 7208
f 2481 7210 3566
f 2481 6124 7210
f 3567 6124 2481
f 3567 7211 6124
f 2480 7211 3567
f 2480 6125 7211
f 3569 6125 2480
f 3569 7213 6125
f 3568 7213 3569
f 3568 7212 7213
f 3570 7212 3568
f 3570 7214 7212
f 3538 7214 3570
f 3538 7182 7214
f 3571 7182 3538
f 3571 7215 7182
f 3533 7215 3571
f 3533 7177 7215
f 3531 7177 3533
f 3531 7173 7177
f 3530 7173 3531
f 3530 7174 7173
f 3529 7174 3530
f 3529 7175 7174
f 3572 7175 3529
f 3572 7216 7175
f 3523 7216 3572
f 3523 7166 7216
f 3573 7166 3523
f 3573 7217 7166
f 3522 7217 3573
f 3522 7167 7217
f 3528 7167 3522
f 3528 7172 7167
f 3524 7172 3528
f 3524 7169 7172
f 3525 7169 3524
f 3525 7168 7169
f 3520 7168 3525
f 3520 7165 7168
f 3578 7165 3520
f 3578 7222 7165
f 3577 7222 3578
f 3577 7221 7222
f 3518 7221 3577
f 3518 7161 7221
f 3579 7161 3518
f 3579 7223 7161
f 3517 7223 3579
f 3517 7162 7223
f 3581 7162 3517
f 3581 7225 7162
f 2448 7225 3581
f 2448 6090 7225
f 3580 6090 2448
f 3580 7224 6090
f 3513 7224 3580
f 3513 7159 7224
f 3515 7159 3513
f 3515 7157 7159
f 3514 7157 3515
f 3514 7158 7157
f 3585 7158 3514
f 3585 7229 7158
f 2475 7229 3585
f 2475 6118 7229
f 3586 6118 2475
f 3586 7230 6118
f 3500 7230 3586
f 3500 7144 7230
f 3587 7144 3500
f 3587 7231 7144
f 3495 7231 3587
f 3495 7141 7231
f 3589 7141 3495
f 3589 7233 7141
f 3588 7233 3589
f 3588 7232 7233
f 3590 7232 3588
f 3590 7234 7232
f 3503 7234 3590
f 3503 7147 7234
f 3591 7147 3503
f 3591 7235 7147
f 3494 7235 3591
f 3494 7137 7235
f 3493 7137 3494
f 3493 7138 7137
f 3489 7138 3493
f 3489 7135 7138
f 3491 7135 3489
f 3491 7133 7135
f 3490 7133 3491
f 3490 7134 7133
f 3593 7134 3490
f 3593 7237 7134
f 2464 7237 3593
f 2464 6108 7237
f 2463 6108 2464
f 2463 6109 6108
f 2465 6109 2463
f 2465 6107 6109
f 3596 6107 2465
f 3596 7240 6107
f 2320 7240 3596
f 2320 5965 7240
f 2321 5965 2320
f 2321 5964 5965
f 2316 5964 2321
f 2316 5961 5964
f 2317 5961 2316
f 2317 5960 5961
f 1475 5960 2317
f 1475 5117 5960
f 2297 5117 1475
f 2297 5941 5117
f 2284 5941 2297
f 2284 5930 5941
f 3597 5930 2284
f 3597 7241 5930
f 3476 7241 3597
f 3476 7120 7241
f 3485 7120 3476
f 3485 7129 7120
f 1442 7129 3485
f 1442 5084 7129
f 3599 5084 1442
f 3599 7243 5084
f 1441 7243 3599
f 1441 5085 7243
f 3600 5085 1441
f 3600 7244 5085
f 2472 7244 3600
f 2472 6116 7244
f 2302 6116 2472
f 2302 5945 6116
f 2301 5945 2302
f 2301 5946 5945
f 2291 5946 2301
f 2291 5934 5946
f 3601 5934 2291
f 3601 7245 5934
f 2290 7245 3601
f 2290 5935 7245
f 3478 5935 2290
f 3478 7122 5935
f 3594 7122 3478
f 3594 7238 7122
f 2288 7238 3594
f 2288 5932 7238
f 3602 5932 2288
f 3602 7246 5932
f 3487 7246 3602
f 3487 7131 7246
f 3592 7131 3487
f 3592 7236 7131
f 3598 7236 3592
f 3598 7242 7236
f 3584 7242 3598
f 3584 7226 7242
f 3583 7226 3584
f 3583 7227 7226
f 3582 7227 3583
f 3582 7228 7227
f 3603 7228 3582
f 3603 7247 7228
f 3595 7247 3603
f 3595 7239 7247
f 3605 7239 3595
f 3605 7249 7239
f 3604 7249 3605
f 3604 7248 7249
f 3606 7248 3604
f 3606 7250 7248
f 2278 7250 3606
f 2278 5924 7250
f 3607 5924 2278
f 3607 7251 5924
f 3608 7251 3607
f 3608 7252 7251
f 2294 7252 3608
f 2294 5936 7252
f 2476 5936 2294
f 2476 6120 5936
f 2293 6120 2476
f 2293 5937 6120
f 3615 5937 2293
f 3615 7259 5937
f 2299 7259 3615
f 2299 5943 7259
f 3609 5943 2299
f 3609 7253 5943
f 2298 7253 3609
f 2298 5944 7253
f 3612 5944 2298
f 3612 7257 5944
f 3613 7257 3612
f 3613 7256 7257
f 3617 7256 3613
f 3617 7262 7256
f 3618 7262 3617
f 3618 7261 7262
f 3622 7261 3618
f 3622 7266 7261
f 2314 7266 3622
f 2314 5958 7266
f 3623 5958 2314
f 3623 7267 5958
f 2319 7267 3623
f 2319 5963 7267
f 3624 5963 2319
f 3624 7268 5963
f 2322 7268 3624
f 2322 5967 7268
f 3626 5967 2322
f 3626 7270 5967
f 3576 7270 3626
f 3576 7218 7270
f 3627 7218 3576
f 3627 7271 7218
f 3575 7271 3627
f 3575 7219 7271
f 3574 7219 3575
f 3574 7220 7219
f 3621 7220 3574
f 3621 7265 7220
f 3625 7265 3621
f 3625 7269 7265
f 3628 7269 3625
f 3628 7272 7269
f 3620 7272 3628
f 3620 7263 7272
f 3619 7263 3620
f 3619 7264 7263
f 3527 7264 3619
f 3527 7171 7264
f 3614 7171 3527
f 3614 7258 7171
f 3616 7258 3614
f 3616 7260 7258
f 2323 7260 3616
f 2323 5966 7260
f 3414 5966 2323
f 3414 7058 5966
f 2313 7058 3414
f 2313 5959 7058
f 3629 5959 2313
f 3629 7273 5959
f 2315 7273 3629
f 2315 5957 7273
f 3630 5957 2315
f 3630 7274 5957
f 2305 7274 3630
f 2305 5949 7274
f 2304 5949 2305
f 2304 5950 5949
f 2306 5950 2304
f 2306 5948 5950
f 3631 5948 2306
f 3631 7275 5948
f 3611 7275 3631
f 3611 7254 7275
f 3610 7254 3611
f 3610 7255 7254
f 2300 7255 3610
f 2300 5942 7255
f 3633 5942 2300
f 3633 7276 5942
f 3632 7276 3633
f 3632 7277 7276
f 3636 7277 3632
f 3636 7280 7277
f 2292 7280 3636
f 2292 5938 7280
f 3635 5938 2292
f 3635 7278 5938
f 3634 7278 3635
f 3634 7279 7278
f 2280 7279 3634
f 2280 5922 7279
f 2279 5922 2280
f 2279 5923 5922
f 2328 5923 2279
f 2328 5972 5923
f 3637 7284 3640
f 3637 7281 7284
f 2514 7281 3637
f 2514 6156 7281
f 2513 6156 2514
f 2513 6157 6156
f 2512 6157 2513
f 2512 6158 6157
f 3638 6158 2512
f 3638 7282 6158
f 3639 7282 3638
f 3639 7283 7282
f 3641 7283 3639
f 3641 7285 7283
f 2532 7285 3641
f 2532 6178 7285
f 3643 6178 2532
f 3643 7287 6178
f 2534 7287 3643
f 2534 6176 7287
f 2538 6176 2534
f 2538 6182 6176
f 2533 6182 2538
f 2533 6177 6182
f 3644 6177 2533
f 3644 7288 6177
f 3642 7288 3644
f 3642 7286 7288
f 3640 7286 3642
f 3640 7284 7286

